sku,year,make,model,body_trim,engine_transmission,id
PT90708210MR,null,null,null,null,null,42296
PT90708210MR,null,null,null,null,null,49430
PT90702200DC,null,null,null,null,null,42290
PT90702200DC,null,null,null,null,null,49416
PT90702200MR,null,null,null,null,null,42291
PT90702200MR,null,null,null,null,null,49417
PT90708210MB,null,null,null,null,null,42295
PT90708210MB,null,null,null,null,null,49429
PK96008B03,2023,Toyota,Sienna,"25th Anniversary Edition, LE, Limited, Platinum, Woodland Edition, XLE, XSE","2.5L L4 - Electric/Gas, 2.5L L4 - FULL HYBRID EV-GAS (FHEV)",40224
PK96008B03,2022,Toyota,Sienna,"LE, Limited, Platinum, Woodland Edition, XLE, XSE","2.5L L4 - Electric/Gas, 2.5L L4 - FULL HYBRID EV-GAS (FHEV)",40226
PK96008B03,2025,Toyota,Sienna,"LE, Limited, Platinum, Woodland Edition, XLE, XSE",2.5L L4 - Electric/Gas,40222
PK96008B03,2024,Toyota,Sienna,"LE, Limited, Platinum, Woodland Edition, XLE, XSE",2.5L L4 - Electric/Gas,40223
PT94435242,2024,Toyota,Tacoma,"Limited, SR, SR5, TRD Off-Road, TRD PreRunner, TRD Sport","2.4L L4 - Electric/Gas, 2.4L L4 - Gas",43313
PK38908M00TR,null,null,null,null,null,40113
PK38908M00TR,null,null,null,null,null,47118
PT83K08210LH,null,null,null,null,null,42286
PT83K08210LH,null,null,null,null,null,49407
PT83K08210RH,null,null,null,null,null,42287
PT83K08210RH,null,null,null,null,null,49408
74101AE010,2015,Toyota,Corolla,"L, LE, LE Eco, S",1.8L L4 - Gas,39921
74101AE010,2012,Scion,xD,Base,1.8L L4 - Gas,40073
74101AE010,2011,Scion,xD,Base,1.8L L4 - Gas,40084
74101AE010,2010,Scion,xD,Base,1.8L L4 - Gas,40094
74101AE010,2009,Scion,xD,Base,1.8L L4 - Gas,40103
74101AE010,2008,Scion,xD,Base,1.8L L4 - Gas,40121
74101AE010,2023,Toyota,Sequoia,"Capstone, Limited, Platinum, SR5, TRD Pro",3.4L V6 - Electric/Gas,39970
74101AE010,2023,Toyota,Sienna,"25th Anniversary Edition, LE, Limited, Platinum, Woodland Edition, XLE, XSE","2.5L L4 - Electric/Gas, 2.5L L4 - FULL HYBRID EV-GAS (FHEV)",39971
74101AE010,2023,Toyota,Tacoma,"Limited, SR, SR5, TRD Off-Road, TRD Pro, TRD Sport, Trail Special Edition","2.7L L4 - Gas, 3.5L V6 - Gas",39972
74101AE010,2023,Toyota,Tundra,"1794 Edition, Capstone, Limited, Platinum, SR, SR5, TRD Pro","3.4L V6 - Electric/Gas, 3.4L V6 - Gas, 3.5L V6 - Gas, 3.5L V6 - MILD HYBRID EV-GAS (MHEV)",39973
74101AE010,2021,Toyota,RAV4,"Adventure, Hybrid LE, Hybrid Limited, Hybrid XLE, Hybrid XLE Premium, Hybrid XSE, LE, Limited, TRD Off-Road, XLE, XLE Premium","2.5L L4 - Electric/Gas, 2.5L L4 - FULL HYBRID EV-GAS (FHEV), 2.5L L4 - Gas",46957
74101AE010,2021,Toyota,Sienna,"LE, Limited, Platinum, XLE, XSE","2.5L L4 - Electric/Gas, 2.5L L4 - FULL HYBRID EV-GAS (FHEV)",39986
74101AE010,2021,Toyota,Tacoma,"Limited, Nightshade, SR, SR5, TRD Off-Road, TRD Pro, TRD Sport, Trail","2.7L L4 - Gas, 3.5L V6 - Gas",39987
74101AE010,2021,Toyota,Tundra,"1794 Edition, Limited, Nightshade, Platinum, SR, SR5, TRD Pro, Trail",5.7L V8 - Gas,39988
74101AE010,2020,Toyota,86,"Base, GT, Hakone Edition",2.0L H4 - Gas,39989
74101AE010,2020,Toyota,C-HR,"LE, Limited, XLE",2.0L L4 - Gas,39990
74101AE010,2020,Toyota,Corolla,"Hybrid LE, L, LE, SE, SE Nightshade, XLE, XSE","1.8L L4 - Electric/Gas, 1.8L L4 - FULL HYBRID EV-GAS (FHEV), 1.8L L4 - Gas, 2.0L L4 - Gas",39991
74101AE010,2020,Toyota,RAV4,"Adventure, Hybrid LE, Hybrid Limited, Hybrid XLE, Hybrid XSE, LE, Limited, TRD Off-Road, XLE, XLE Premium","2.5L L4 - Electric/Gas, 2.5L L4 - FULL HYBRID EV-GAS (FHEV), 2.5L L4 - Gas",39992
74101AE010,2017,Toyota,Tacoma,"Limited, SR, SR5, TRD Off-Road, TRD Pro, TRD Sport","2.7L L4 - Gas, 3.5L V6 - Gas",40024
74101AE010,2017,Toyota,Tundra,"1794 Edition, Limited, Platinum, SR, SR5, TRD Pro","4.6L V8 - Gas, 5.7L V8 - Flex, 5.7L V8 - Gas",40025
74101AE010,2014,Toyota,Venza,"LE, Limited, XLE","2.7L L4 - Gas, 3.5L V6 - Gas",40058
74101AE010,2014,Toyota,Yaris,"L, LE, SE",1.5L L4 - Gas,40059
74101AE010,2012,Toyota,FJ Cruiser,Base,4.0L V6 - Gas,40076
74101AE010,2012,Toyota,Highlander,"Base, Hybrid, Hybrid Limited, Limited, SE","2.7L L4 - Gas, 3.5L V6 - Electric/Gas, 3.5L V6 - FULL HYBRID EV-GAS (FHEV), 3.5L V6 - Gas",40077
74101AE010,2012,Toyota,Matrix,"Base, S","1.8L L4 - Gas, 2.4L L4 - Gas",40078
74101AE010,2012,Toyota,Prius,"Five, Four, Three, Two","1.8L L4 - Electric/Gas, 1.8L L4 - FULL HYBRID EV-GAS (FHEV)",40079
74101AE010,2012,Toyota,RAV4,"Base, EV, Limited, Sport","2.5L L4 - Gas, 3.5L V6 - Gas, Electric",40080
74101AE010,2012,Toyota,Sienna,"Base, LE, Limited, SE, XLE","2.7L L4 - Gas, 3.5L V6 - Gas",40081
74101AE010,2012,Toyota,Venza,"LE, Limited, XLE","2.7L L4 - Gas, 3.5L V6 - Gas",40082
74101AE010,2012,Toyota,Yaris,"Base, L, LE, SE",1.5L L4 - Gas,40083
74101AE010,2011,Toyota,Camry,"Base, Hybrid, LE, SE, XLE","2.4L L4 - Electric/Gas, 2.4L L4 - FULL HYBRID EV-GAS (FHEV), 2.5L L4 - Gas, 3.5L V6 - Gas",40085
74101AE010,2017,Toyota,Yaris,"L, LE, SE",1.5L L4 - Gas,40026
74101AE010,2017,Toyota,Yaris iA,Base,1.5L L4 - Gas,40027
74101AE010,2019,Toyota,Yaris,"L, LE, XLE",1.5L L4 - Gas,40003
74101AE010,2018,Toyota,86,"Base, GT",2.0L H4 - Gas,40004
74101AE010,2018,Toyota,Avalon,"Hybrid Limited, Hybrid XLE Plus, Hybrid XLE Premium, Limited, Touring, XLE, XLE Plus, XLE Premium","2.5L L4 - Electric/Gas, 2.5L L4 - FULL HYBRID EV-GAS (FHEV), 3.5L V6 - Gas",40005
74101AE010,2018,Toyota,C-HR,"XLE, XLE Premium",2.0L L4 - Gas,40006
74101AE010,2018,Toyota,Corolla,"L, LE, LE Eco, SE, XLE, XSE",1.8L L4 - Gas,40007
74101AE010,2018,Toyota,Corolla iM,Base,1.8L L4 - Gas,40008
74101AE010,2018,Toyota,Prius C,"Four, One, Three, Two","1.5L L4 - Electric/Gas, 1.5L L4 - FULL HYBRID EV-GAS (FHEV)",40009
74101AE010,2018,Toyota,RAV4,"Adventure, Hybrid Limited, Hybrid SE, Hybrid XLE, LE, Limited, Platinum, SE, XLE","2.5L L4 - Electric/Gas, 2.5L L4 - FULL HYBRID EV-GAS (FHEV), 2.5L L4 - Gas",40010
74101AE010,2018,Toyota,Sienna,"L, LE, Limited, Limited Premium, SE, SE Premium, XLE, XLE Premium",3.5L V6 - Gas,40011
74101AE010,2018,Toyota,Tacoma,"Limited, SR, SR5, TRD Off-Road, TRD Pro, TRD Sport","2.7L L4 - Gas, 3.5L V6 - Gas",40012
74101AE010,2018,Toyota,Tundra,"1794 Edition, Limited, Platinum, SR, SR5","4.6L V8 - Gas, 5.7L V8 - Flex, 5.7L V8 - Gas",40013
74101AE010,2018,Toyota,Yaris,"L, LE, SE",1.5L L4 - Gas,40014
74101AE010,2018,Toyota,Yaris iA,Base,1.5L L4 - Gas,40015
74101AE010,2017,Toyota,86,"Base, Special Edition",2.0L H4 - Gas,40016
74101AE010,2017,Toyota,Camry,"Hybrid LE, Hybrid SE, Hybrid XLE, LE, SE, XLE, XSE","2.5L L4 - Electric/Gas, 2.5L L4 - FULL HYBRID EV-GAS (FHEV), 2.5L L4 - Gas, 3.5L V6 - Gas",40017
74101AE010,2017,Toyota,Corolla,"50th Anniversary Special Edition, L, LE, LE Eco, SE, XLE, XSE",1.8L L4 - Gas,40018
74101AE010,2017,Toyota,Corolla iM,Base,1.8L L4 - Gas,40019
74101AE010,2017,Toyota,Prius C,"Four, One, Three, Two","1.5L L4 - Electric/Gas, 1.5L L4 - FULL HYBRID EV-GAS (FHEV)",40020
74101AE010,2017,Toyota,Prius V,"Five, Four, Three, Two","1.8L L4 - Electric/Gas, 1.8L L4 - FULL HYBRID EV-GAS (FHEV)",40021
74101AE010,2017,Toyota,RAV4,"Hybrid Limited, Hybrid SE, Hybrid XLE, LE, Limited, Platinum, SE, XLE","2.5L L4 - Electric/Gas, 2.5L L4 - FULL HYBRID EV-GAS (FHEV), 2.5L L4 - Gas",40022
74101AE010,2017,Toyota,Sienna,"L, LE, Limited, SE, XLE",3.5L V6 - Gas,40023
74101AE010,2007,Toyota,FJ Cruiser,"Base, TRD Special Edition",4.0L V6 - Gas,40130
74101AE010,2007,Toyota,Prius,"Base, Touring","1.5L L4 - Electric/Gas, 1.5L L4 - FULL HYBRID EV-GAS (FHEV)",40131
74101AE010,2007,Toyota,RAV4,"Base, Limited, Sport","2.4L L4 - Gas, 3.5L V6 - Gas",40132
74101AE010,2007,Toyota,Sienna,"CE, LE, Limited, XLE",3.5L V6 - Gas,40133
74101AE010,2007,Toyota,Solara,"SE, SLE, Sport","2.4L L4 - Gas, 3.3L V6 - Gas",40134
74101AE010,2006,Toyota,Prius,Base,"1.5L L4 - Electric/Gas, 1.5L L4 - FULL HYBRID EV-GAS (FHEV)",40135
74101AE010,2006,Toyota,RAV4,"Base, Limited, Sport","2.4L L4 - Gas, 3.5L V6 - Gas",40136
74101AE010,2006,Toyota,Sienna,"CE, LE, Limited, XLE",3.3L V6 - Gas,40137
74101AE010,2006,Toyota,Solara,"SE, SE Sport, SLE","2.4L L4 - Gas, 3.3L V6 - Gas",40138
74101AE010,2005,Toyota,Sienna,"CE, LE, XLE, XLE Limited",3.3L V6 - Gas,40139
74101AE010,2005,Toyota,Solara,"SE, SLE","2.4L L4 - Gas, 3.3L V6 - Gas",40140
74101AE010,2004,Toyota,Sienna,"CE, LE, XLE, XLE Limited",3.3L V6 - Gas,40141
74101AE010,2004,Toyota,Solara,"SE, SLE","2.4L L4 - Gas, 3.3L V6 - Gas",40142
74101AE010,2017,Toyota,Avalon,"Hybrid Limited, Hybrid XLE Plus, Hybrid XLE Premium, Limited, Touring, XLE, XLE Plus, XLE Premium","2.5L L4 - Electric/Gas, 2.5L L4 - FULL HYBRID EV-GAS (FHEV), 3.5L V6 - Gas",46505
74101AE010,2016,Toyota,Avalon,"Hybrid Limited, Hybrid XLE Plus, Hybrid XLE Premium, Limited, Touring, XLE, XLE Plus, XLE Premium","2.5L L4 - Electric/Gas, 2.5L L4 - FULL HYBRID EV-GAS (FHEV), 3.5L V6 - Gas",40031
74101AE010,2016,Toyota,Camry,"Hybrid LE, Hybrid SE, Hybrid XLE, LE, SE, Special Edition, XLE, XSE","2.5L L4 - Electric/Gas, 2.5L L4 - FULL HYBRID EV-GAS (FHEV), 2.5L L4 - Gas, 3.5L V6 - Gas",40032
74101AE010,2016,Toyota,Corolla,"L, LE, LE Eco, S, Special Edition",1.8L L4 - Gas,40033
74101AE010,2024,Toyota,Corolla,"Hybrid LE, Hybrid Nightshade, Hybrid SE, Hybrid XLE, LE, Nightshade, SE, XSE","1.8L L4 - Electric/Gas, 2.0L L4 - Gas",39961
74101AE010,2024,Toyota,RAV4,"Adventure, Hybrid LE, Hybrid Limited, Hybrid SE, Hybrid Woodland Edition, Hybrid XLE, Hybrid XLE Premium, Hybrid XSE, LE, Limited, TRD Off-Road, XLE, XLE Premium","2.5L L4 - Electric/Gas, 2.5L L4 - Gas",46937
74101AE010,2024,Toyota,RAV4 Prime,"SE, XSE",2.5L L4 - Electric/Gas,39962
74101AE010,2024,Toyota,Sequoia,"Capstone, Limited, Platinum, SR5, TRD Pro",3.4L V6 - Electric/Gas,39963
74101AE010,2024,Toyota,Sienna,"LE, Limited, Platinum, Woodland Edition, XLE, XSE",2.5L L4 - Electric/Gas,39964
74101AE010,2024,Toyota,Tundra,"1794 Edition, Capstone, Limited, Platinum, SR, SR5, TRD Pro","3.4L V6 - Electric/Gas, 3.4L V6 - Gas",39965
74101AE010,2023,Toyota,Corolla,"Hybrid LE, Hybrid SE, Hybrid XLE, LE, SE, XSE","1.8L L4 - Electric/Gas, 1.8L L4 - FULL HYBRID EV-GAS (FHEV), 2.0L L4 - Gas",39966
74101AE010,2023,Toyota,Corolla Cross,"Hybrid S, Hybrid SE, Hybrid XSE, L, LE, XLE","2.0L L4 - Electric/Gas, 2.0L L4 - Gas",39967
74101AE010,2023,Toyota,RAV4,"Adventure, Hybrid LE, Hybrid Limited, Hybrid SE, Hybrid Woodland Edition, Hybrid XLE, Hybrid XLE Premium, Hybrid XSE, LE, Limited, TRD Off-Road, XLE, XLE Premium","2.5L L4 - Electric/Gas, 2.5L L4 - FULL HYBRID EV-GAS (FHEV), 2.5L L4 - Gas",39968
74101AE010,2023,Toyota,RAV4 Prime,"SE, XSE","2.5L L4 - Electric/Gas, 2.5L L4 - PLUG-IN HYBRID EV-GAS (PH",39969
74101AE010,2022,Toyota,Corolla,"Hybrid LE, L, LE, SE, SE Apex, SE Nightshade, XLE, XSE, XSE Apex","1.8L L4 - Electric/Gas, 1.8L L4 - FULL HYBRID EV-GAS (FHEV), 1.8L L4 - Gas, 2.0L L4 - Gas",39974
74101AE010,2022,Toyota,Corolla Cross,"L, LE, XLE",2.0L L4 - Gas,39975
74101AE010,2022,Toyota,RAV4,"Adventure, Hybrid LE, Hybrid Limited, Hybrid SE, Hybrid XLE, Hybrid XLE Premium, Hybrid XSE, LE, Limited, TRD Off-Road, XLE, XLE Premium","2.5L L4 - Electric/Gas, 2.5L L4 - FULL HYBRID EV-GAS (FHEV), 2.5L L4 - Gas",39976
74101AE010,2022,Toyota,RAV4 Prime,"SE, XSE","2.5L L4 - Electric/Gas, 2.5L L4 - PLUG-IN HYBRID EV-GAS (PH",39977
74101AE010,2022,Toyota,Sienna,"LE, Limited, Platinum, Woodland Edition, XLE, XSE","2.5L L4 - Electric/Gas, 2.5L L4 - FULL HYBRID EV-GAS (FHEV)",39978
74101AE010,2022,Toyota,Tacoma,"Limited, SR, SR5, TRD Off-Road, TRD Pro, TRD Sport","2.7L L4 - Gas, 3.5L V6 - Gas",39979
74101AE010,2022,Toyota,Tundra,"1794 Edition, Capstone, Limited, Platinum, SR, SR5, TRD Pro","3.4L V6 - Electric/Gas, 3.4L V6 - Gas, 3.5L V6 - Gas, 3.5L V6 - MILD HYBRID EV-GAS (MHEV)",39980
74101AE010,2021,Toyota,C-HR,"LE, Limited, Nightshade, XLE",2.0L L4 - Gas,39981
74101AE010,2021,Toyota,Corolla,"Hybrid LE, L, LE, SE, SE Apex, SE Nightshade, XLE, XSE, XSE Apex","1.8L L4 - Electric/Gas, 1.8L L4 - FULL HYBRID EV-GAS (FHEV), 1.8L L4 - Gas, 2.0L L4 - Gas",39982
74101AE010,2020,Toyota,Sienna,"L, LE, Limited, Limited Premium, SE, SE Premium, XLE, XLE Premium",3.5L V6 - Gas,39993
74101AE010,2020,Toyota,Tacoma,"Limited, SR, SR5, TRD Off-Road, TRD Pro, TRD Sport","2.7L L4 - Gas, 3.5L V6 - Gas",39994
74101AE010,2020,Toyota,Tundra,"1794 Edition, Limited, Platinum, SR, SR5, TRD Pro",5.7L V8 - Gas,39995
74101AE010,2019,Toyota,86,"Base, GT, TRD Special Edition",2.0L H4 - Gas,39257
74101AE010,2019,Toyota,C-HR,"LE, Limited, XLE",2.0L L4 - Gas,39996
74101AE010,2019,Toyota,Corolla,"L, LE, LE Eco, SE, XLE, XSE","1.8L L4 - Gas, 2.0L L4 - Gas",39997
74101AE010,2019,Toyota,Prius C,"L, LE","1.5L L4 - Electric/Gas, 1.5L L4 - FULL HYBRID EV-GAS (FHEV)",39998
74101AE010,2019,Toyota,RAV4,"Adventure, Hybrid LE, Hybrid Limited, Hybrid XLE, Hybrid XSE, LE, Limited, XLE, XLE Premium","2.5L L4 - Electric/Gas, 2.5L L4 - FULL HYBRID EV-GAS (FHEV), 2.5L L4 - Gas",39999
74101AE010,2019,Toyota,Sienna,"L, LE, Limited, Limited Premium, SE, SE Premium, XLE, XLE Premium",3.5L V6 - Gas,40000
74101AE010,2019,Toyota,Tacoma,"Limited, SR, SR5, TRD Off-Road, TRD Pro, TRD Sport","2.7L L4 - Gas, 3.5L V6 - Gas",40001
74101AE010,2019,Toyota,Tundra,"1794 Edition, Limited, Platinum, SR, SR5, TRD Pro","4.6L V8 - Gas, 5.7L V8 - Flex, 5.7L V8 - Gas",40002
74101AE010,2009,Toyota,Sienna,"CE, LE, XLE",3.5L V6 - Gas,40119
74101AE010,2009,Toyota,Venza,Base,"2.7L L4 - Gas, 3.5L V6 - Gas",40120
74101AE010,2008,Toyota,Camry,"CE, Hybrid, LE, SE, XLE","2.4L L4 - Electric/Gas, 2.4L L4 - FULL HYBRID EV-GAS (FHEV), 2.4L L4 - Gas, 3.5L V6 - Gas",40122
74101AE010,2008,Toyota,FJ Cruiser,"Base, Trail Teams Special Edition",4.0L V6 - Gas,40123
74101AE010,2008,Toyota,Highlander,"Base, Hybrid, Hybrid Limited, Limited, Sport","3.3L V6 - Electric/Gas, 3.3L V6 - FULL HYBRID EV-GAS (FHEV), 3.5L V6 - Gas",40124
74101AE010,2008,Toyota,Prius,"Base, Touring","1.5L L4 - Electric/Gas, 1.5L L4 - FULL HYBRID EV-GAS (FHEV)",40125
74101AE010,2008,Toyota,RAV4,"Base, Limited, Sport","2.4L L4 - Gas, 3.5L V6 - Gas",40126
74101AE010,2008,Toyota,Sienna,"CE, LE, Limited, XLE",3.5L V6 - Gas,40127
74101AE010,2008,Toyota,Solara,"SE, SLE, Sport","2.4L L4 - Gas, 3.3L V6 - Gas",40128
74101AE010,2007,Toyota,Camry,"CE, Hybrid, LE, SE, XLE","2.4L L4 - Electric/Gas, 2.4L L4 - FULL HYBRID EV-GAS (FHEV), 2.4L L4 - Gas, 3.5L V6 - Gas",40129
74101AE010,2016,Toyota,RAV4,"Hybrid Limited, Hybrid XLE, LE, Limited, SE, XLE","2.5L L4 - Electric/Gas, 2.5L L4 - FULL HYBRID EV-GAS (FHEV), 2.5L L4 - Gas",40034
74101AE010,2016,Toyota,Sienna,"L, LE, Limited, SE, XLE",3.5L V6 - Gas,40035
74101AE010,2016,Toyota,Tacoma,"Limited, SR, SR5, TRD Off-Road, TRD Sport","2.7L L4 - Gas, 3.5L V6 - Gas",40036
74101AE010,2016,Toyota,Tundra,"1794 Edition, Limited, Platinum, SR, SR5, TRD Pro","4.6L V8 - Gas, 5.7L V8 - Flex, 5.7L V8 - Gas",40037
74101AE010,2016,Toyota,Yaris,"L, LE, SE",1.5L L4 - Gas,40038
74101AE010,2015,Toyota,Avalon,"Hybrid Limited, Hybrid XLE Premium, Hybrid XLE Touring, Limited, XLE, XLE Premium, XLE Touring, XLE Touring SE","2.5L L4 - Electric/Gas, 2.5L L4 - FULL HYBRID EV-GAS (FHEV), 3.5L V6 - Gas",40040
74101AE010,2015,Toyota,Camry,"Hybrid LE, Hybrid SE, Hybrid XLE, LE, SE, XLE, XSE","2.5L L4 - Electric/Gas, 2.5L L4 - FULL HYBRID EV-GAS (FHEV), 2.5L L4 - Gas, 3.5L V6 - Gas",39983
74101AE010,2015,Toyota,Prius,"Five, Four, One, Persona Series, Three, Two","1.8L L4 - Electric/Gas, 1.8L L4 - FULL HYBRID EV-GAS (FHEV)",46988
74101AE010,2015,Toyota,RAV4,"LE, Limited, XLE",2.5L L4 - Gas,40044
74101AE010,2015,Toyota,Sienna,"L, LE, Limited, SE, XLE",3.5L V6 - Gas,40045
74101AE010,2015,Toyota,Tundra,"1794 Edition, Limited, Platinum, SR, SR5, TRD Pro","4.6L V8 - Gas, 5.7L V8 - Flex, 5.7L V8 - Gas",40046
74101AE010,2015,Toyota,Venza,"LE, Limited, XLE","2.7L L4 - Gas, 3.5L V6 - Gas",40047
74101AE010,2015,Toyota,Yaris,"L, LE, SE",1.5L L4 - Gas,40048
74101AE010,2014,Toyota,Avalon,"Hybrid Limited, Hybrid XLE, Limited, XLE, XLE Premium, XLE Touring","2.5L L4 - Electric/Gas, 2.5L L4 - FULL HYBRID EV-GAS (FHEV), 3.5L V6 - Gas",46993
74101AE010,2014,Toyota,Camry,"Hybrid LE, Hybrid SE, Hybrid XLE, L, LE, SE, SE Sport, XLE","2.5L L4 - Electric/Gas, 2.5L L4 - FULL HYBRID EV-GAS (FHEV), 2.5L L4 - Gas, 3.5L V6 - Gas",40051
74101AE010,2014,Toyota,Corolla,"L, LE, LE Eco, Le Eco Plus, S",1.8L L4 - Gas,40052
74101AE010,2014,Toyota,FJ Cruiser,Base,4.0L V6 - Gas,40053
74101AE010,2014,Toyota,Prius,"Five, Four, Three, Two","1.8L L4 - Electric/Gas, 1.8L L4 - FULL HYBRID EV-GAS (FHEV)",40054
74101AE010,2014,Toyota,RAV4,"EV, LE, Limited, XLE","2.5L L4 - Gas, Electric",40055
74101AE010,2014,Toyota,Sienna,"L, LE, Limited, SE, XLE",3.5L V6 - Gas,40056
74101AE010,2014,Toyota,Tundra,"1794 Edition, Limited, Platinum, SR, SR5","4.0L V6 - Gas, 4.6L V8 - Gas, 5.7L V8 - Flex, 5.7L V8 - Gas",40057
74101AE010,2013,Toyota,Avalon,"Hybrid Limited, Hybrid XLE, Limited, XLE, XLE Premium, XLE Touring","2.5L L4 - Electric/Gas, 2.5L L4 - FULL HYBRID EV-GAS (FHEV), 3.5L V6 - Gas",40062
74101AE010,2013,Toyota,Camry,"Hybrid LE, Hybrid XLE, L, LE, SE, XLE","2.5L L4 - Electric/Gas, 2.5L L4 - FULL HYBRID EV-GAS (FHEV), 2.5L L4 - Gas, 3.5L V6 - Gas",40063
74101AE010,2013,Toyota,Corolla,"L, LE, S",1.8L L4 - Gas,40064
74101AE010,2013,Toyota,FJ Cruiser,Base,4.0L V6 - Gas,40065
74101AE010,2013,Toyota,Highlander,"Base, Hybrid, Hybrid Limited, Limited, Plus, SE","2.7L L4 - Gas, 3.5L V6 - Electric/Gas, 3.5L V6 - FULL HYBRID EV-GAS (FHEV), 3.5L V6 - Gas",40066
74101AE010,2013,Toyota,Matrix,"Base, S","1.8L L4 - Gas, 2.4L L4 - Gas",40067
74101AE010,2013,Toyota,Prius,"Five, Four, Three, Two","1.8L L4 - Electric/Gas, 1.8L L4 - FULL HYBRID EV-GAS (FHEV)",40068
74101AE010,2013,Toyota,RAV4,"EV, LE, Limited, XLE","2.5L L4 - Gas, Electric",40069
74101AE010,2013,Toyota,Sienna,"Base, L, LE, Limited, SE, XLE",3.5L V6 - Gas,40070
74101AE010,2013,Toyota,Venza,"LE, Limited, XLE","2.7L L4 - Gas, 3.5L V6 - Gas",40071
74101AE010,2013,Toyota,Yaris,"L, LE, SE",1.5L L4 - Gas,40072
74101AE010,2012,Toyota,Camry,"Hybrid LE, Hybrid XLE, L, LE, SE, XLE","2.5L L4 - Electric/Gas, 2.5L L4 - FULL HYBRID EV-GAS (FHEV), 2.5L L4 - Gas, 3.5L V6 - Gas",40074
74101AE010,2012,Toyota,Corolla,"L, LE, S",1.8L L4 - Gas,40075
74101AE010,2011,Toyota,Corolla,"Base, LE, S",1.8L L4 - Gas,40086
74101AE010,2011,Toyota,FJ Cruiser,Base,4.0L V6 - Gas,40087
74101AE010,2011,Toyota,Highlander,"Base, Hybrid, Hybrid Limited, Limited, SE","2.7L L4 - Gas, 3.5L V6 - Electric/Gas, 3.5L V6 - FULL HYBRID EV-GAS (FHEV), 3.5L V6 - Gas",40088
74101AE010,2011,Toyota,Matrix,"Base, S","1.8L L4 - Gas, 2.4L L4 - Gas",40089
74101AE010,2011,Toyota,Prius,Base,"1.8L L4 - Electric/Gas, 1.8L L4 - FULL HYBRID EV-GAS (FHEV)",40090
74101AE010,2011,Toyota,RAV4,"Base, Limited, Sport","2.5L L4 - Gas, 3.5L V6 - Gas",40091
74101AE010,2011,Toyota,Sienna,"Base, LE, Limited, SE, XLE","2.7L L4 - Gas, 3.5L V6 - Gas",40092
74101AE010,2011,Toyota,Venza,Base,"2.7L L4 - Gas, 3.5L V6 - Gas",40093
74101AE010,2010,Toyota,Camry,"Base, Hybrid, LE, SE, XLE","2.4L L4 - Electric/Gas, 2.4L L4 - FULL HYBRID EV-GAS (FHEV), 2.5L L4 - Gas, 3.5L V6 - Gas",40095
74101AE010,2010,Toyota,Corolla,"Base, LE, S, XLE, XRS","1.8L L4 - Gas, 2.4L L4 - Gas",40096
74101AE010,2010,Toyota,FJ Cruiser,Base,4.0L V6 - Gas,40097
74101AE010,2010,Toyota,Highlander,"Base, Hybrid, Hybrid Limited, Limited, SE, Sport","2.7L L4 - Gas, 3.3L V6 - Electric/Gas, 3.3L V6 - FULL HYBRID EV-GAS (FHEV), 3.5L V6 - Gas",47071
74101AE010,2010,Toyota,Matrix,"Base, S, XRS","1.8L L4 - Gas, 2.4L L4 - Gas",40098
74101AE010,2010,Toyota,Prius,Base,"1.8L L4 - Electric/Gas, 1.8L L4 - FULL HYBRID EV-GAS (FHEV)",40099
74101AE010,2010,Toyota,RAV4,"Base, Limited, Sport","2.5L L4 - Gas, 3.5L V6 - Gas",40100
74101AE010,2010,Toyota,Sienna,"CE, LE, XLE",3.5L V6 - Gas,40101
74101AE010,2010,Toyota,Venza,Base,"2.7L L4 - Gas, 3.5L V6 - Gas",40102
74101AE010,2009,Toyota,4Runner,"Limited, SR5, Sport","4.0L V6 - Gas, 4.7L V8 - Gas",40104
74101AE010,2009,Toyota,Camry,"Base, Hybrid, LE, SE, XLE","2.4L L4 - Electric/Gas, 2.4L L4 - FULL HYBRID EV-GAS (FHEV), 2.4L L4 - Gas, 3.5L V6 - Gas",40105
74101AE010,2009,Toyota,Corolla,"Base, LE, S, XLE, XRS","1.8L L4 - Gas, 2.4L L4 - Gas",40106
74101AE010,2009,Toyota,FJ Cruiser,Base,4.0L V6 - Gas,40107
74101AE010,2009,Toyota,Highlander,"Base, Hybrid, Hybrid Limited, Limited, Sport","2.7L L4 - Gas, 3.3L V6 - Electric/Gas, 3.3L V6 - FULL HYBRID EV-GAS (FHEV), 3.5L V6 - Gas",40108
74101AE010,2009,Toyota,Matrix,"Base, S, XRS","1.8L L4 - Gas, 2.4L L4 - Gas",40116
74101AE010,2009,Toyota,Prius,"Base, Touring","1.5L L4 - Electric/Gas, 1.5L L4 - FULL HYBRID EV-GAS (FHEV)",40117
74101AE010,2009,Toyota,RAV4,"Base, Limited, Sport","2.5L L4 - Gas, 3.5L V6 - Gas",40118
74101AE010,2016,Scion,FR-S,Base,2.0L H4 - Gas,40028
74101AE010,2016,Scion,iA,Base,1.5L L4 - Gas,40029
74101AE010,2016,Scion,iM,Base,1.8L L4 - Gas,40030
74101AE010,2015,Scion,FR-S,Base,2.0L H4 - Gas,40039
74101AE010,2014,Scion,FR-S,Base,2.0L H4 - Gas,40049
74101AE010,2014,Scion,xD,Base,1.8L L4 - Gas,40050
74101AE010,2013,Scion,FR-S,Base,2.0L H4 - Gas,40060
74101AE010,2013,Scion,xD,Base,1.8L L4 - Gas,40061
PT76735190,2020,Toyota,Tacoma,"Limited, SR, SR5, TRD Off-Road, TRD Pro, TRD Sport","2.7L L4 - Gas, 3.5L V6 - Gas",42194
PT76735190,2019,Toyota,Tacoma,"Limited, SR, SR5, TRD Off-Road, TRD Pro, TRD Sport","2.7L L4 - Gas, 3.5L V6 - Gas",42195
PT76735190,2018,Toyota,Tacoma,"Limited, SR, SR5, TRD Off-Road, TRD Pro, TRD Sport","2.7L L4 - Gas, 3.5L V6 - Gas",42196
PT76735190,2017,Toyota,Tacoma,"Limited, SR, SR5, TRD Off-Road, TRD Pro, TRD Sport","2.7L L4 - Gas, 3.5L V6 - Gas",42197
PT76735190,2016,Toyota,Tacoma,"Limited, SR, SR5, TRD Off-Road, TRD Sport","2.7L L4 - Gas, 3.5L V6 - Gas",42198
PT76735190,2023,Toyota,Tacoma,"Limited, SR, SR5, TRD Off-Road, TRD Pro, TRD Sport, Trail Special Edition","2.7L L4 - Gas, 3.5L V6 - Gas",42192
PT76735190,2022,Toyota,Tacoma,"Limited, SR, SR5, TRD Off-Road, TRD Pro, TRD Sport","2.7L L4 - Gas, 3.5L V6 - Gas",42193
PT76735190,2021,Toyota,Tacoma,"Limited, Nightshade, SR, SR5, TRD Off-Road, TRD Pro, TRD Sport, Trail","2.7L L4 - Gas, 3.5L V6 - Gas",49222
PT92534220,2023,Toyota,Tundra,"1794 Edition, Capstone, Limited, Platinum, SR, SR5, TRD Pro","3.4L V6 - Electric/Gas, 3.4L V6 - Gas, 3.5L V6 - Gas, 3.5L V6 - MILD HYBRID EV-GAS (MHEV)",42503
PT92534220,2022,Toyota,Tundra,"1794 Edition, Capstone, Limited, Platinum, SR, SR5, TRD Pro","3.4L V6 - Electric/Gas, 3.4L V6 - Gas, 3.5L V6 - Gas, 3.5L V6 - MILD HYBRID EV-GAS (MHEV)",42504
PT92534220,2024,Toyota,Tundra,"1794 Edition, Capstone, Limited, Platinum, SR, SR5, TRD Pro","3.4L V6 - Electric/Gas, 3.4L V6 - Gas",42502
PT92534222,2025,Toyota,Tundra,"1794 Edition, Capstone, Limited, Platinum, SR, SR5, TRD Pro","3.4L V6 - Electric/Gas, 3.4L V6 - Gas",42505
PT92534222,2024,Toyota,Tundra,"1794 Edition, Capstone, Limited, Platinum, SR, SR5, TRD Pro","3.4L V6 - Electric/Gas, 3.4L V6 - Gas",42506
PT92534222,2023,Toyota,Tundra,"1794 Edition, Capstone, Limited, Platinum, SR, SR5, TRD Pro","3.4L V6 - Electric/Gas, 3.4L V6 - Gas, 3.5L V6 - Gas, 3.5L V6 - MILD HYBRID EV-GAS (MHEV)",42483
PT92534222,2022,Toyota,Tundra,"1794 Edition, Capstone, Limited, Platinum, SR, SR5, TRD Pro","3.4L V6 - Electric/Gas, 3.4L V6 - Gas, 3.5L V6 - Gas, 3.5L V6 - MILD HYBRID EV-GAS (MHEV)",42485
PT92534224,2025,Toyota,Tundra,"1794 Edition, Capstone, Limited, Platinum, SR, SR5, TRD Pro","3.4L V6 - Electric/Gas, 3.4L V6 - Gas",42507
PT92534224,2024,Toyota,Tundra,"1794 Edition, Capstone, Limited, Platinum, SR, SR5, TRD Pro","3.4L V6 - Electric/Gas, 3.4L V6 - Gas",42508
PT92534224,2023,Toyota,Tundra,"1794 Edition, Capstone, Limited, Platinum, SR, SR5, TRD Pro","3.4L V6 - Electric/Gas, 3.4L V6 - Gas, 3.5L V6 - Gas, 3.5L V6 - MILD HYBRID EV-GAS (MHEV)",42509
PT92534224,2022,Toyota,Tundra,"1794 Edition, Capstone, Limited, Platinum, SR, SR5, TRD Pro","3.4L V6 - Electric/Gas, 3.4L V6 - Gas, 3.5L V6 - Gas, 3.5L V6 - MILD HYBRID EV-GAS (MHEV)",42510
PT93235160,2023,Toyota,Tacoma,"Limited, SR, SR5, TRD Off-Road, TRD Pro, TRD Sport, Trail Special Edition","2.7L L4 - Gas, 3.5L V6 - Gas",42578
PT93235160,2022,Toyota,Tacoma,"Limited, SR, SR5, TRD Off-Road, TRD Pro, TRD Sport","2.7L L4 - Gas, 3.5L V6 - Gas",42579
PT93235160,2021,Toyota,Tacoma,"Limited, Nightshade, SR, SR5, TRD Off-Road, TRD Pro, TRD Sport, Trail","2.7L L4 - Gas, 3.5L V6 - Gas",42580
PT93235160,2020,Toyota,Tacoma,"Limited, SR, SR5, TRD Off-Road, TRD Pro, TRD Sport","2.7L L4 - Gas, 3.5L V6 - Gas",42581
PT93235160,2019,Toyota,Tacoma,"Limited, SR, SR5, TRD Off-Road, TRD Pro, TRD Sport","2.7L L4 - Gas, 3.5L V6 - Gas",42582
PT93235160,2018,Toyota,Tacoma,"Limited, SR, SR5, TRD Off-Road, TRD Pro, TRD Sport","2.7L L4 - Gas, 3.5L V6 - Gas",42583
PT93235160,2017,Toyota,Tacoma,"Limited, SR, SR5, TRD Off-Road, TRD Pro, TRD Sport","2.7L L4 - Gas, 3.5L V6 - Gas",42584
PT93848200,2022,Toyota,Highlander,"Hybrid Bronze Edition, Hybrid LE, Hybrid Limited, Hybrid Platinum, Hybrid XLE, L, LE, Limited, Platinum, XLE, XSE","2.5L L4 - Electric/Gas, 2.5L L4 - FULL HYBRID EV-GAS (FHEV), 3.5L V6 - Gas",43305
PT93848200,2021,Toyota,Highlander,"Hybrid LE, Hybrid Limited, Hybrid Platinum, Hybrid XLE, L, LE, Limited, Platinum, XLE, XSE","2.5L L4 - Electric/Gas, 2.5L L4 - FULL HYBRID EV-GAS (FHEV), 3.5L V6 - Gas",43306
PT93848200,2020,Toyota,Highlander,"Hybrid LE, Hybrid Limited, Hybrid Platinum, Hybrid XLE, L, LE, Limited, Platinum, XLE","2.5L L4 - Electric/Gas, 2.5L L4 - FULL HYBRID EV-GAS (FHEV), 3.5L V6 - Gas",43307
PT93848200,2024,Toyota,Highlander,"Hybrid Bronze Edition, Hybrid LE, Hybrid LE Nightshade, Hybrid Limited, Hybrid Platinum, Hybrid XLE, Hybrid XLE Nightshade, LE, Limited, Platinum, XLE, XSE","2.4L L4 - Gas, 2.5L L4 - Electric/Gas",41502
PT93848200,2023,Toyota,Highlander,"Hybrid Bronze Edition, Hybrid LE, Hybrid Limited, Hybrid Platinum, Hybrid XLE, L, LE, Limited, Platinum, XLE, XSE","2.4L L4 - Gas, 2.5L L4 - Electric/Gas, 2.5L L4 - FULL HYBRID EV-GAS (FHEV)",43304
PT39234220,2024,Toyota,Tundra,"1794 Edition, Capstone, Limited, Platinum, SR, SR5, TRD Pro","3.4L V6 - Electric/Gas, 3.4L V6 - Gas",40744
PT39234220,2023,Toyota,Tundra,"1794 Edition, Capstone, Limited, Platinum, SR, SR5, TRD Pro","3.4L V6 - Electric/Gas, 3.4L V6 - Gas, 3.5L V6 - Gas, 3.5L V6 - MILD HYBRID EV-GAS (MHEV)",40745
PT39234220,2022,Toyota,Tundra,"1794 Edition, Capstone, Limited, Platinum, SR, SR5, TRD Pro","3.4L V6 - Electric/Gas, 3.4L V6 - Gas, 3.5L V6 - Gas, 3.5L V6 - MILD HYBRID EV-GAS (MHEV)",40746
PT58035050SB,2023,Toyota,Tacoma,"Limited, SR, SR5, TRD Off-Road, TRD Pro, TRD Sport, Trail Special Edition","2.7L L4 - Gas, 3.5L V6 - Gas",39476
PT58035050SB,2022,Toyota,Tacoma,"Limited, SR, SR5, TRD Off-Road, TRD Pro, TRD Sport","2.7L L4 - Gas, 3.5L V6 - Gas",39478
PT58035050SB,2021,Toyota,Tacoma,"Limited, Nightshade, SR, SR5, TRD Off-Road, TRD Pro, TRD Sport, Trail","2.7L L4 - Gas, 3.5L V6 - Gas",39423
PT58035050SB,2020,Toyota,Tacoma,"Limited, SR, SR5, TRD Off-Road, TRD Pro, TRD Sport","2.7L L4 - Gas, 3.5L V6 - Gas",39425
PT58035050SB,2019,Toyota,Tacoma,"Limited, SR, SR5, TRD Off-Road, TRD Pro, TRD Sport","2.7L L4 - Gas, 3.5L V6 - Gas",39426
PT58035050SB,2018,Toyota,Tacoma,"Limited, SR, SR5, TRD Off-Road, TRD Pro, TRD Sport","2.7L L4 - Gas, 3.5L V6 - Gas",39427
PT58035050SB,2017,Toyota,Tacoma,"Limited, SR, SR5, TRD Off-Road, TRD Pro, TRD Sport","2.7L L4 - Gas, 3.5L V6 - Gas",39428
PT58035050SB,2016,Toyota,Tacoma,"Limited, SR, SR5, TRD Off-Road, TRD Sport","2.7L L4 - Gas, 3.5L V6 - Gas",39429
PT58035050SB,2015,Toyota,Tacoma,"Base, Pre Runner, TRD Pro","2.7L L4 - Gas, 4.0L V6 - Gas",39430
PT58035050SB,2014,Toyota,Tacoma,"Base, Pre Runner","2.7L L4 - Gas, 4.0L V6 - Gas",39431
PT58035050SB,2013,Toyota,Tacoma,"Base, Pre Runner, X-Runner","2.7L L4 - Gas, 4.0L V6 - Gas",39432
PT58035050SB,2012,Toyota,Tacoma,"Base, Pre Runner, X-Runner","2.7L L4 - Gas, 4.0L V6 - Gas",39433
PT58035050SB,2011,Toyota,Tacoma,"Base, Pre Runner, X-Runner","2.7L L4 - Gas, 4.0L V6 - Gas",39434
PT58035050SB,2010,Toyota,Tacoma,"Base, Pre Runner, X-Runner","2.7L L4 - Gas, 4.0L V6 - Gas",39435
PT58035050SB,2009,Toyota,Tacoma,"Base, Pre Runner, X-Runner","2.7L L4 - Gas, 4.0L V6 - Gas",39436
PT58035050SB,2008,Toyota,Tacoma,"Base, Pre Runner, X-Runner","2.7L L4 - Gas, 4.0L V6 - Gas",39437
PT58035050SB,2007,Toyota,Tacoma,"Base, Pre Runner, X-Runner","2.7L L4 - Gas, 4.0L V6 - Gas",39438
PT58035050SB,2006,Toyota,Tacoma,"Base, Pre Runner, X-Runner","2.7L L4 - Gas, 4.0L V6 - Gas",39439
PT58035050SB,2005,Toyota,Tacoma,"Base, Pre Runner, X-Runner","2.7L L4 - Gas, 4.0L V6 - Gas",39440
PT7470821B,null,null,null,null,null,42131
PT7470821B,null,null,null,null,null,49115
PT76735121,2023,Toyota,Tacoma,"Limited, SR, SR5, TRD Off-Road, TRD Pro, TRD Sport, Trail Special Edition","2.7L L4 - Gas, 3.5L V6 - Gas",49214
PT76735121,2022,Toyota,Tacoma,"Limited, SR, SR5, TRD Off-Road, TRD Pro, TRD Sport","2.7L L4 - Gas, 3.5L V6 - Gas",42181
PT76735121,2021,Toyota,Tacoma,"Limited, Nightshade, SR, SR5, TRD Off-Road, TRD Pro, TRD Sport, Trail","2.7L L4 - Gas, 3.5L V6 - Gas",42182
PT76735121,2020,Toyota,Tacoma,"Limited, SR, SR5, TRD Off-Road, TRD Pro, TRD Sport","2.7L L4 - Gas, 3.5L V6 - Gas",42183
PT76735121,2019,Toyota,Tacoma,"Limited, SR, SR5, TRD Off-Road, TRD Pro, TRD Sport","2.7L L4 - Gas, 3.5L V6 - Gas",42184
PT76735121,2018,Toyota,Tacoma,"Limited, SR, SR5, TRD Off-Road, TRD Pro, TRD Sport","2.7L L4 - Gas, 3.5L V6 - Gas",42185
PT76735121,2017,Toyota,Tacoma,"Limited, SR, SR5, TRD Off-Road, TRD Pro, TRD Sport","2.7L L4 - Gas, 3.5L V6 - Gas",42186
PT76735121,2016,Toyota,Tacoma,"Limited, SR, SR5, TRD Off-Road, TRD Sport","2.7L L4 - Gas, 3.5L V6 - Gas",42187
PT76735121,2015,Toyota,Tacoma,"Base, Pre Runner, TRD Pro","2.7L L4 - Gas, 4.0L V6 - Gas",42188
PT76735121,2014,Toyota,Tacoma,"Base, Pre Runner","2.7L L4 - Gas, 4.0L V6 - Gas",42189
PT76735121,2013,Toyota,Tacoma,"Base, Pre Runner, X-Runner","2.7L L4 - Gas, 4.0L V6 - Gas",42190
PT76735121,2012,Toyota,Tacoma,"Base, Pre Runner, X-Runner","2.7L L4 - Gas, 4.0L V6 - Gas",42191
PT76735240,2024,Toyota,Tacoma,"Limited, SR, SR5, TRD Off-Road, TRD PreRunner, TRD Pro, TRD Sport, Trailhunter","2.4L L4 - Electric/Gas, 2.4L L4 - Gas",42217
PT90708210DC,null,null,null,null,null,42293
PT90708210DC,null,null,null,null,null,49427
PT39235920,2024,Toyota,Tacoma,"Limited, SR, SR5, TRD Off-Road, TRD PreRunner, TRD Pro, TRD Sport, Trailhunter","2.4L L4 - Electric/Gas, 2.4L L4 - Gas",40769
PT83K0821004,2025,Toyota,Sienna,"LE, Limited, Platinum, Woodland Edition, XLE, XSE",2.5L L4 - Electric/Gas,42271
PT83K0821004,2024,Toyota,Sienna,"LE, Limited, Platinum, Woodland Edition, XLE, XSE",2.5L L4 - Electric/Gas,42272
PT83K0821004,2021,Toyota,Sienna,"LE, Limited, Platinum, XLE, XSE","2.5L L4 - Electric/Gas, 2.5L L4 - FULL HYBRID EV-GAS (FHEV)",42275
PT83K0821004,2023,Toyota,Sienna,"25th Anniversary Edition, LE, Limited, Platinum, Woodland Edition, XLE, XSE","2.5L L4 - Electric/Gas, 2.5L L4 - FULL HYBRID EV-GAS (FHEV)",42273
PT83K0821004,2022,Toyota,Sienna,"LE, Limited, Platinum, Woodland Edition, XLE, XSE","2.5L L4 - Electric/Gas, 2.5L L4 - FULL HYBRID EV-GAS (FHEV)",42274
PT29A3524006,2024,Toyota,Camry,"Hybrid LE, Hybrid SE, Hybrid SE Nightshade, Hybrid XLE, Hybrid XSE, LE, SE, SE Nightshade, TRD, XLE, XSE","2.5L L4 - Electric/Gas, 2.5L L4 - Gas, 3.5L V6 - Gas",40580
PT83K0821007,2025,Toyota,Sienna,"LE, Limited, Platinum, Woodland Edition, XLE, XSE",2.5L L4 - Electric/Gas,42226
PT83K0821007,2024,Toyota,Sienna,"LE, Limited, Platinum, Woodland Edition, XLE, XSE",2.5L L4 - Electric/Gas,42280
PT83K0821007,2023,Toyota,Sienna,"25th Anniversary Edition, LE, Limited, Platinum, Woodland Edition, XLE, XSE","2.5L L4 - Electric/Gas, 2.5L L4 - FULL HYBRID EV-GAS (FHEV)",42281
PT83K0821007,2022,Toyota,Sienna,"LE, Limited, Platinum, Woodland Edition, XLE, XSE","2.5L L4 - Electric/Gas, 2.5L L4 - FULL HYBRID EV-GAS (FHEV)",42282
PT83K0821007,2021,Toyota,Sienna,"LE, Limited, Platinum, XLE, XSE","2.5L L4 - Electric/Gas, 2.5L L4 - FULL HYBRID EV-GAS (FHEV)",42283
PT29A3524004,2024,Toyota,Tacoma,"Limited, SR, SR5, TRD Off-Road, TRD PreRunner, TRD Sport","2.4L L4 - Electric/Gas, 2.4L L4 - Gas",40579
PT83K0821006,2024,Toyota,Sienna,"LE, Limited, Platinum, Woodland Edition, XLE, XSE",2.5L L4 - Electric/Gas,42276
PT83K0821006,2023,Toyota,Sienna,"25th Anniversary Edition, LE, Limited, Platinum, Woodland Edition, XLE, XSE","2.5L L4 - Electric/Gas, 2.5L L4 - FULL HYBRID EV-GAS (FHEV)",42277
PT83K0821006,2022,Toyota,Sienna,"LE, Limited, Platinum, Woodland Edition, XLE, XSE","2.5L L4 - Electric/Gas, 2.5L L4 - FULL HYBRID EV-GAS (FHEV)",42278
PT83K0821006,2021,Toyota,Sienna,"LE, Limited, Platinum, XLE, XSE","2.5L L4 - Electric/Gas, 2.5L L4 - FULL HYBRID EV-GAS (FHEV)",42279
PT29A3524002,2024,Toyota,Tacoma,"Limited, SR, SR5, TRD Off-Road, TRD PreRunner, TRD Pro, TRD Sport, Trailhunter","2.4L L4 - Electric/Gas, 2.4L L4 - Gas",40577
PT29A3524003,2024,Toyota,Camry,"Hybrid LE, Hybrid SE, Hybrid SE Nightshade, Hybrid XLE, Hybrid XSE, LE, SE, SE Nightshade, TRD, XLE, XSE","2.5L L4 - Electric/Gas, 2.5L L4 - Gas, 3.5L V6 - Gas",47601
PT29A3524003,2024,Toyota,Crown,"Limited, Platinum, XLE","2.4L L4 - Electric/Gas, 2.5L L4 - Electric/Gas",40578
PT29A3524011,2024,Toyota,Tacoma,"Limited, SR, SR5, TRD Off-Road, TRD PreRunner, TRD Sport","2.4L L4 - Electric/Gas, 2.4L L4 - Gas",40583
PT83K0821000,2024,Toyota,Sienna,"LE, Limited, Platinum, Woodland Edition, XLE, XSE",2.5L L4 - Electric/Gas,42258
PT83K0821000,2023,Toyota,Sienna,"25th Anniversary Edition, LE, Limited, Platinum, Woodland Edition, XLE, XSE","2.5L L4 - Electric/Gas, 2.5L L4 - FULL HYBRID EV-GAS (FHEV)",49314
PT83K0821000,2022,Toyota,Sienna,"LE, Limited, Platinum, Woodland Edition, XLE, XSE","2.5L L4 - Electric/Gas, 2.5L L4 - FULL HYBRID EV-GAS (FHEV)",42259
PT83K0821000,2021,Toyota,Sienna,"LE, Limited, Platinum, XLE, XSE","2.5L L4 - Electric/Gas, 2.5L L4 - FULL HYBRID EV-GAS (FHEV)",42260
PT83K0821001,2022,Toyota,Sienna,"LE, Limited, Platinum, Woodland Edition, XLE, XSE","2.5L L4 - Electric/Gas, 2.5L L4 - FULL HYBRID EV-GAS (FHEV)",42264
PT83K0821001,2021,Toyota,Sienna,"LE, Limited, Platinum, XLE, XSE","2.5L L4 - Electric/Gas, 2.5L L4 - FULL HYBRID EV-GAS (FHEV)",42265
PT83K0821001,2024,Toyota,Sienna,"LE, Limited, Platinum, Woodland Edition, XLE, XSE",2.5L L4 - Electric/Gas,42262
PT83K0821001,2023,Toyota,Sienna,"25th Anniversary Edition, LE, Limited, Platinum, Woodland Edition, XLE, XSE","2.5L L4 - Electric/Gas, 2.5L L4 - FULL HYBRID EV-GAS (FHEV)",42263
PT83K0821001,2025,Toyota,Sienna,"LE, Limited, Platinum, Woodland Edition, XLE, XSE",2.5L L4 - Electric/Gas,42261
PT83K0821008,2024,Toyota,Sienna,"LE, Limited, Platinum, Woodland Edition, XLE, XSE",2.5L L4 - Electric/Gas,49329
PT83K0821008,2025,Toyota,Sienna,"LE, Limited, Platinum, Woodland Edition, XLE, XSE",2.5L L4 - Electric/Gas,42284
PT83K0821008,2023,Toyota,Sienna,"25th Anniversary Edition, LE, Limited, Platinum, Woodland Edition, XLE, XSE","2.5L L4 - Electric/Gas, 2.5L L4 - FULL HYBRID EV-GAS (FHEV)",42297
PT83K0821008,2022,Toyota,Sienna,"LE, Limited, Platinum, Woodland Edition, XLE, XSE","2.5L L4 - Electric/Gas, 2.5L L4 - FULL HYBRID EV-GAS (FHEV)",42298
PT83K0821008,2021,Toyota,Sienna,"LE, Limited, Platinum, XLE, XSE","2.5L L4 - Electric/Gas, 2.5L L4 - FULL HYBRID EV-GAS (FHEV)",42299
PT83K0821009,2025,Toyota,Sienna,"LE, Limited, Platinum, Woodland Edition, XLE, XSE",2.5L L4 - Electric/Gas,42300
PT83K0821009,2024,Toyota,Sienna,"LE, Limited, Platinum, Woodland Edition, XLE, XSE",2.5L L4 - Electric/Gas,42301
PT83K0821009,2023,Toyota,Sienna,"25th Anniversary Edition, LE, Limited, Platinum, Woodland Edition, XLE, XSE","2.5L L4 - Electric/Gas, 2.5L L4 - FULL HYBRID EV-GAS (FHEV)",42302
PT83K0821009,2022,Toyota,Sienna,"LE, Limited, Platinum, Woodland Edition, XLE, XSE","2.5L L4 - Electric/Gas, 2.5L L4 - FULL HYBRID EV-GAS (FHEV)",42303
PT83K0821009,2021,Toyota,Sienna,"LE, Limited, Platinum, XLE, XSE","2.5L L4 - Electric/Gas, 2.5L L4 - FULL HYBRID EV-GAS (FHEV)",42304
PT29A1622003,null,null,null,null,null,40515
PT29A1622003,null,null,null,null,null,47634
PT29A1622006,2024,Toyota,Corolla Cross,"LE, XLE",2.0L L4 - Gas,40558
PT29A1622006,2023,Toyota,Corolla Cross,"LE, XLE",2.0L L4 - Gas,40559
PT29A1622006,2022,Toyota,Corolla Cross,"LE, XLE",2.0L L4 - Gas,40560
PT29A1622008,null,null,null,null,null,40516
PT29A1622008,null,null,null,null,null,47591
PT29A1622010,2022,Toyota,Corolla Cross,"L, LE, XLE",2.0L L4 - Gas,40567
PT29A1622010,2024,Toyota,Corolla Cross,"Hybrid LE, Hybrid S, Hybrid SE, Hybrid XLE, Hybrid XSE, L, LE, XLE","2.0L L4 - Electric/Gas, 2.0L L4 - Gas",47637
PT29A1622010,2023,Toyota,Corolla Cross,"Hybrid S, Hybrid SE, Hybrid XSE, L, LE, XLE","2.0L L4 - Electric/Gas, 2.0L L4 - Gas",40566
PT29A1622011,2024,Toyota,Corolla Cross,"Hybrid LE, Hybrid S, Hybrid SE, Hybrid XLE, Hybrid XSE, L, LE, XLE","2.0L L4 - Electric/Gas, 2.0L L4 - Gas",40568
PT29A1622011,2022,Toyota,Corolla Cross,"L, LE, XLE",2.0L L4 - Gas,40569
PT29A3524010,2024,Toyota,Tacoma,"Limited, SR, SR5, TRD Off-Road, TRD PreRunner, TRD Pro, TRD Sport, Trailhunter","2.4L L4 - Electric/Gas, 2.4L L4 - Gas",40582
PT29A4723008,2024,Toyota,Prius,"LE, Limited, XLE",2.0L L4 - Electric/Gas,40591
PT29A4723008,2024,Toyota,Prius Prime,"SE, XSE, XSE Premium",2.0L L4 - Electric/Gas,40592
PT90708211,2024,Toyota,Sienna,"LE, Limited, Platinum, Woodland Edition, XLE, XSE",2.5L L4 - Electric/Gas,42330
PT90708211,2023,Toyota,Sienna,"25th Anniversary Edition, LE, Limited, Platinum, Woodland Edition, XLE, XSE","2.5L L4 - Electric/Gas, 2.5L L4 - FULL HYBRID EV-GAS (FHEV)",42331
PT90708211,2022,Toyota,Sienna,"LE, Limited, Platinum, Woodland Edition, XLE, XSE","2.5L L4 - Electric/Gas, 2.5L L4 - FULL HYBRID EV-GAS (FHEV)",42332
PT29A1622020,2024,Toyota,Corolla Cross,"Hybrid LE, Hybrid S, Hybrid SE, Hybrid XLE, Hybrid XSE, L, LE, XLE","2.0L L4 - Electric/Gas, 2.0L L4 - Gas",40570
PT29A1622020,2023,Toyota,Corolla Cross,"Hybrid S, Hybrid SE, Hybrid XSE, L, LE, XLE","2.0L L4 - Electric/Gas, 2.0L L4 - Gas",40571
PT29A1622020,2022,Toyota,Corolla Cross,"L, LE, XLE",2.0L L4 - Gas,40572
PT29A1622021,2023,Toyota,Corolla Cross,"Hybrid S, Hybrid SE, Hybrid XSE, L, LE, XLE","2.0L L4 - Electric/Gas, 2.0L L4 - Gas",40573
PT29A1622021,2022,Toyota,Corolla Cross,"L, LE, XLE",2.0L L4 - Gas,40574
PT29A4723002,2024,Toyota,Prius,"LE, Limited, XLE",2.0L L4 - Electric/Gas,40588
PT29A4723002,2024,Toyota,Prius Prime,"SE, XSE, XSE Premium",2.0L L4 - Electric/Gas,40589
PT29A4723011,2024,Toyota,Prius,"LE, Limited, XLE",2.0L L4 - Electric/Gas,40593
PT29A4723011,2024,Toyota,Prius Prime,"SE, XSE, XSE Premium",2.0L L4 - Electric/Gas,40594
PT92903182,2024,Toyota,Camry,"Hybrid LE, Hybrid SE, Hybrid SE Nightshade, Hybrid XLE, Hybrid XSE, LE, SE, SE Nightshade, TRD, XLE, XSE","2.5L L4 - Electric/Gas, 2.5L L4 - Gas, 3.5L V6 - Gas",42555
PT92903182,2023,Toyota,Camry,"Hybrid LE, Hybrid SE, Hybrid SE Nightshade, Hybrid XLE, Hybrid XSE, LE, SE, SE Nightshade, TRD, XLE, XSE","2.5L L4 - Electric/Gas, 2.5L L4 - FULL HYBRID EV-GAS (FHEV), 2.5L L4 - Gas, 3.5L V6 - Gas",42565
PT92903182,2022,Toyota,Camry,"Hybrid LE, Hybrid SE, Hybrid SE Nightshade, Hybrid XLE, Hybrid XSE, LE, SE, SE Nightshade, TRD, XLE, XSE","2.5L L4 - Electric/Gas, 2.5L L4 - FULL HYBRID EV-GAS (FHEV), 2.5L L4 - Gas, 3.5L V6 - Gas",42566
PT92903182,2021,Toyota,Camry,"Hybrid LE, Hybrid SE, Hybrid XLE, Hybrid XSE, LE, SE, SE Nightshade, TRD, XLE, XSE","2.5L L4 - Electric/Gas, 2.5L L4 - FULL HYBRID EV-GAS (FHEV), 2.5L L4 - Gas, 3.5L V6 - Gas",42567
PT92903182,2020,Toyota,Camry,"Hybrid LE, Hybrid SE, Hybrid XLE, L, LE, SE, SE Nightshade, TRD, XLE, XSE","2.5L L4 - Electric/Gas, 2.5L L4 - FULL HYBRID EV-GAS (FHEV), 2.5L L4 - Gas, 3.5L V6 - Gas",42568
PT92903182,2019,Toyota,Camry,"Hybrid LE, Hybrid SE, Hybrid XLE, L, LE, SE, XLE, XSE","2.5L L4 - Electric/Gas, 2.5L L4 - FULL HYBRID EV-GAS (FHEV), 2.5L L4 - Gas, 3.5L V6 - Gas",42569
PT92903182,2018,Toyota,Camry,"Hybrid LE, Hybrid SE, Hybrid XLE, L, LE, SE, XLE, XSE","2.5L L4 - Electric/Gas, 2.5L L4 - FULL HYBRID EV-GAS (FHEV), 2.5L L4 - Gas, 3.5L V6 - Gas",42570
PT7380220002,2025,Toyota,Corolla,"Nightshade, SE, XSE",2.0L L4 - Gas,42118
PT7380220002,2024,Toyota,Corolla,"Hybrid LE, Hybrid Nightshade, Hybrid SE, Hybrid XLE, LE, Nightshade, SE, XSE","1.8L L4 - Electric/Gas, 2.0L L4 - Gas",42119
PT7380220002,2023,Toyota,Corolla,"Hybrid LE, Hybrid SE, Hybrid XLE, LE, SE, XSE","1.8L L4 - Electric/Gas, 1.8L L4 - FULL HYBRID EV-GAS (FHEV), 2.0L L4 - Gas",42121
PT7380220002,2022,Toyota,Corolla,"Hybrid LE, L, LE, SE, SE Apex, SE Nightshade, XLE, XSE, XSE Apex","1.8L L4 - Electric/Gas, 1.8L L4 - FULL HYBRID EV-GAS (FHEV), 1.8L L4 - Gas, 2.0L L4 - Gas",42122
PT7380220002,2021,Toyota,Corolla,"Hybrid LE, L, LE, SE, SE Apex, SE Nightshade, XLE, XSE, XSE Apex","1.8L L4 - Electric/Gas, 1.8L L4 - FULL HYBRID EV-GAS (FHEV), 1.8L L4 - Gas, 2.0L L4 - Gas",42123
PT7380220002,2020,Toyota,Corolla,"Hybrid LE, L, LE, SE, SE Nightshade, XLE, XSE","1.8L L4 - Electric/Gas, 1.8L L4 - FULL HYBRID EV-GAS (FHEV), 1.8L L4 - Gas, 2.0L L4 - Gas",42124
PT73816227,2024,Toyota,Corolla Cross,"Hybrid LE, Hybrid S, Hybrid SE, Hybrid XLE, Hybrid XSE, L, LE, XLE","2.0L L4 - Electric/Gas, 2.0L L4 - Gas",42125
PT73816227,2023,Toyota,Corolla Cross,"Hybrid S, Hybrid SE, Hybrid XSE, L, LE, XLE","2.0L L4 - Electric/Gas, 2.0L L4 - Gas",42126
PT73816227,2022,Toyota,Corolla Cross,"L, LE, XLE",2.0L L4 - Gas,42127
PT92903181,2021,Toyota,Camry,"Hybrid LE, Hybrid SE, Hybrid XLE, Hybrid XSE, LE, SE, SE Nightshade, TRD, XLE, XSE","2.5L L4 - Electric/Gas, 2.5L L4 - FULL HYBRID EV-GAS (FHEV), 2.5L L4 - Gas, 3.5L V6 - Gas",42541
PT92903181,2020,Toyota,Camry,"Hybrid LE, Hybrid SE, Hybrid XLE, L, LE, SE, SE Nightshade, TRD, XLE, XSE","2.5L L4 - Electric/Gas, 2.5L L4 - FULL HYBRID EV-GAS (FHEV), 2.5L L4 - Gas, 3.5L V6 - Gas",42542
PT92903181,2019,Toyota,Camry,"Hybrid LE, Hybrid SE, Hybrid XLE, L, LE, SE, XLE, XSE","2.5L L4 - Electric/Gas, 2.5L L4 - FULL HYBRID EV-GAS (FHEV), 2.5L L4 - Gas, 3.5L V6 - Gas",42543
PT92903181,2018,Toyota,Camry,"Hybrid LE, Hybrid SE, Hybrid XLE, L, LE, SE, XLE, XSE","2.5L L4 - Electric/Gas, 2.5L L4 - FULL HYBRID EV-GAS (FHEV), 2.5L L4 - Gas, 3.5L V6 - Gas",42544
PU06042016P1,2018,Toyota,RAV4,"Adventure, Hybrid Limited, Hybrid SE, Hybrid XLE, LE, Limited, Platinum, SE, XLE","2.5L L4 - Electric/Gas, 2.5L L4 - FULL HYBRID EV-GAS (FHEV), 2.5L L4 - Gas",43856
PU06042016P1,2017,Toyota,RAV4,"Hybrid Limited, Hybrid SE, Hybrid XLE, LE, Limited, Platinum, SE, XLE","2.5L L4 - Electric/Gas, 2.5L L4 - FULL HYBRID EV-GAS (FHEV), 2.5L L4 - Gas",43781
PT2061622520,2023,Toyota,Corolla Cross,"Hybrid S, Hybrid SE, Hybrid XSE, L, LE, XLE","2.0L L4 - Electric/Gas, 2.0L L4 - Gas",40314
PT2061622520,2022,Toyota,Corolla Cross,"L, LE, XLE",2.0L L4 - Gas,40315
PT90847161,2021,Toyota,Prius,"2020 Edition, L Eco, LE, Limited, XLE","1.8L L4 - Electric/Gas, 1.8L L4 - FULL HYBRID EV-GAS (FHEV)",39481
PT90847161,2020,Toyota,Prius,"Base, L Eco, LE, Limited, XLE","1.8L L4 - Electric/Gas, 1.8L L4 - FULL HYBRID EV-GAS (FHEV)",39482
PT90847161,2019,Toyota,Prius,"L Eco, LE, Limited, XLE","1.8L L4 - Electric/Gas, 1.8L L4 - FULL HYBRID EV-GAS (FHEV)",39483
PT90847161,2018,Toyota,Prius,"Four, Four Touring, One, Three, Three Touring, Two, Two Eco","1.8L L4 - Electric/Gas, 1.8L L4 - FULL HYBRID EV-GAS (FHEV)",39484
PT90847161,2017,Toyota,Prius,"Four, Four Touring, One, Three, Three Touring, Two, Two Eco","1.8L L4 - Electric/Gas, 1.8L L4 - FULL HYBRID EV-GAS (FHEV)",39485
PT90847161,2016,Toyota,Prius,"Four, Four Touring, Three, Three Touring, Two, Two Eco","1.8L L4 - Electric/Gas, 1.8L L4 - FULL HYBRID EV-GAS (FHEV)",39486
PT2061622620,2023,Toyota,Corolla Cross,"Hybrid S, Hybrid SE, Hybrid XSE, L, LE, XLE","2.0L L4 - Electric/Gas, 2.0L L4 - Gas",40316
PT2061622620,2022,Toyota,Corolla Cross,"L, LE, XLE",2.0L L4 - Gas,40317
PT34716220,2024,Toyota,Corolla Cross,"Hybrid LE, Hybrid S, Hybrid SE, Hybrid XLE, Hybrid XSE, L, LE, XLE","2.0L L4 - Electric/Gas, 2.0L L4 - Gas",47726
PT34716220,2024,Toyota,Prius,"LE, Limited, XLE",2.0L L4 - Electric/Gas,40668
PT34716220,2024,Toyota,Prius Prime,"SE, XSE, XSE Premium",2.0L L4 - Electric/Gas,40669
PT34716220,2023,Toyota,Corolla Cross,"Hybrid S, Hybrid SE, Hybrid XSE, L, LE, XLE","2.0L L4 - Electric/Gas, 2.0L L4 - Gas",40670
PT34716220,2022,Toyota,Corolla Cross,"L, LE, XLE",2.0L L4 - Gas,40671
PT91248200,2024,Toyota,Highlander,"Hybrid Bronze Edition, Hybrid LE, Hybrid LE Nightshade, Hybrid Limited, Hybrid Platinum, Hybrid XLE, Hybrid XLE Nightshade, LE, Limited, Platinum, XLE, XSE","2.4L L4 - Gas, 2.5L L4 - Electric/Gas",42453
PT91248200,2022,Toyota,Highlander,"Hybrid Bronze Edition, Hybrid LE, Hybrid Limited, Hybrid Platinum, Hybrid XLE, L, LE, Limited, Platinum, XLE, XSE","2.5L L4 - Electric/Gas, 2.5L L4 - FULL HYBRID EV-GAS (FHEV), 3.5L V6 - Gas",42454
PT91248200,2021,Toyota,Highlander,"Hybrid LE, Hybrid Limited, Hybrid Platinum, Hybrid XLE, L, LE, Limited, Platinum, XLE, XSE","2.5L L4 - Electric/Gas, 2.5L L4 - FULL HYBRID EV-GAS (FHEV), 3.5L V6 - Gas",42455
PT91248200,2020,Toyota,Highlander,"Hybrid LE, Hybrid Limited, Hybrid Platinum, Hybrid XLE, L, LE, Limited, Platinum, XLE","2.5L L4 - Electric/Gas, 2.5L L4 - FULL HYBRID EV-GAS (FHEV), 3.5L V6 - Gas",42456
PT9261622520,2022,Toyota,Corolla Cross,"L, LE, XLE",2.0L L4 - Gas,42526
PT9261622820,null,null,null,null,null,21869
PT9261622820,null,null,null,null,null,42486
PT9264820220,2023,Toyota,Highlander,"Hybrid Bronze Edition, Hybrid LE, Hybrid Limited, Hybrid Platinum, Hybrid XLE, L, LE, Limited, Platinum, XLE, XSE","2.4L L4 - Gas, 2.5L L4 - Electric/Gas, 2.5L L4 - FULL HYBRID EV-GAS (FHEV)",42533
PT9264820220,2022,Toyota,Highlander,"Hybrid Bronze Edition, Hybrid LE, Hybrid Limited, Hybrid Platinum, Hybrid XLE, L, LE, Limited, Platinum, XLE, XSE","2.5L L4 - Electric/Gas, 2.5L L4 - FULL HYBRID EV-GAS (FHEV), 3.5L V6 - Gas",42534
PT9264820220,2021,Toyota,Highlander,"Hybrid LE, Hybrid Limited, Hybrid Platinum, Hybrid XLE, L, LE, Limited, Platinum, XLE, XSE","2.5L L4 - Electric/Gas, 2.5L L4 - FULL HYBRID EV-GAS (FHEV), 3.5L V6 - Gas",42539
PT9264820220,2020,Toyota,Highlander,"Hybrid LE, Hybrid Limited, Hybrid Platinum, Hybrid XLE, L, LE, Limited, Platinum, XLE","2.5L L4 - Electric/Gas, 2.5L L4 - FULL HYBRID EV-GAS (FHEV), 3.5L V6 - Gas",42540
PT9264219720,null,null,null,null,null,21870
PT9264219720,null,null,null,null,null,42487
PT3470C080,2017,Toyota,Sequoia,"Limited, Platinum, SR5","5.7L V8 - Flex, 5.7L V8 - Gas",40658
PT3470C080,2016,Toyota,Sequoia,"Limited, Platinum, SR5","5.7L V8 - Flex, 5.7L V8 - Gas",40659
PT3470C080,2015,Toyota,Sequoia,"Limited, Platinum, SR5","5.7L V8 - Flex, 5.7L V8 - Gas",40660
PT3470C080,2008,Toyota,Sequoia,"Limited, Platinum, SR5","4.7L V8 - Gas, 5.7L V8 - Gas",40667
PT3470C080,2024,Toyota,Sequoia,"Capstone, Limited, Platinum, SR5, TRD Pro",3.4L V6 - Electric/Gas,40649
PT3470C080,2023,Toyota,Sequoia,"Capstone, Limited, Platinum, SR5, TRD Pro",3.4L V6 - Electric/Gas,40650
PT3470C080,2022,Toyota,Sequoia,"Limited, Nightshade, Platinum, SR5, TRD Pro, TRD Sport",5.7L V8 - Gas,40651
PT3470C080,2021,Toyota,Sequoia,"Limited, Nightshade, Platinum, SR5, TRD Pro, TRD Sport",5.7L V8 - Gas,40652
PT3470C080,2020,Toyota,Sequoia,"Limited, Platinum, SR5, TRD Pro, TRD Sport",5.7L V8 - Gas,47797
PT3470C080,2019,Toyota,Sequoia,"Limited, Platinum, SR5, TRD Sport",5.7L V8 - Gas,40656
PT3470C080,2018,Toyota,Sequoia,"Limited, Platinum, SR5, TRD Sport","5.7L V8 - Flex, 5.7L V8 - Gas",40657
PT3470C080,2014,Toyota,Sequoia,"Limited, Platinum, SR5","5.7L V8 - Flex, 5.7L V8 - Gas",40661
PT3470C080,2013,Toyota,Sequoia,"Limited, Platinum, SR5","5.7L V8 - Flex, 5.7L V8 - Gas",40662
PT3470C080,2012,Toyota,Sequoia,"Limited, Platinum, SR5","4.6L V8 - Gas, 5.7L V8 - Flex, 5.7L V8 - Gas",40663
PT3470C080,2011,Toyota,Sequoia,"Limited, Platinum, SR5","4.6L V8 - Gas, 5.7L V8 - Flex, 5.7L V8 - Gas",40664
PT3470C080,2010,Toyota,Sequoia,"Limited, Platinum, SR5","4.6L V8 - Gas, 5.7L V8 - Flex, 5.7L V8 - Gas",40665
PT3470C080,2009,Toyota,Sequoia,"Limited, Platinum, SR5","4.7L V8 - Gas, 5.7L V8 - Flex, 5.7L V8 - Gas",40666
PT34747160,2022,Toyota,Prius,"L Eco, LE, Limited, XLE","1.8L L4 - Electric/Gas, 1.8L L4 - FULL HYBRID EV-GAS (FHEV)",40706
PT34747160,2021,Toyota,Prius,"2020 Edition, L Eco, LE, Limited, XLE","1.8L L4 - Electric/Gas, 1.8L L4 - FULL HYBRID EV-GAS (FHEV)",40707
PT34747160,2020,Toyota,Prius,"Base, L Eco, LE, Limited, XLE","1.8L L4 - Electric/Gas, 1.8L L4 - FULL HYBRID EV-GAS (FHEV)",40708
PT34747160,2019,Toyota,Prius,"L Eco, LE, Limited, XLE","1.8L L4 - Electric/Gas, 1.8L L4 - FULL HYBRID EV-GAS (FHEV)",40723
PT34747160,2018,Toyota,Prius,"Four, Four Touring, One, Three, Three Touring, Two, Two Eco","1.8L L4 - Electric/Gas, 1.8L L4 - FULL HYBRID EV-GAS (FHEV)",40724
PT34747160,2017,Toyota,Prius,"Four, Four Touring, One, Three, Three Touring, Two, Two Eco","1.8L L4 - Electric/Gas, 1.8L L4 - FULL HYBRID EV-GAS (FHEV)",40725
PT34747160,2016,Toyota,Prius,"Four, Four Touring, Three, Three Touring, Two, Two Eco","1.8L L4 - Electric/Gas, 1.8L L4 - FULL HYBRID EV-GAS (FHEV)",40726
PT9264219820,2024,Toyota,RAV4,"Adventure, Hybrid LE, Hybrid Limited, Hybrid SE, Hybrid Woodland Edition, Hybrid XLE, Hybrid XLE Premium, Hybrid XSE, LE, Limited, TRD Off-Road, XLE, XLE Premium","2.5L L4 - Electric/Gas, 2.5L L4 - Gas",42535
PT9264219820,2023,Toyota,RAV4,"Adventure, Hybrid LE, Hybrid Limited, Hybrid SE, Hybrid Woodland Edition, Hybrid XLE, Hybrid XLE Premium, Hybrid XSE, LE, Limited, TRD Off-Road, XLE, XLE Premium","2.5L L4 - Electric/Gas, 2.5L L4 - FULL HYBRID EV-GAS (FHEV), 2.5L L4 - Gas",42529
PT9264219820,2022,Toyota,RAV4,"Adventure, Hybrid LE, Hybrid Limited, Hybrid SE, Hybrid XLE, Hybrid XLE Premium, Hybrid XSE, LE, Limited, TRD Off-Road, XLE, XLE Premium","2.5L L4 - Electric/Gas, 2.5L L4 - FULL HYBRID EV-GAS (FHEV), 2.5L L4 - Gas",42536
PT9264219820,2021,Toyota,RAV4,"Adventure, Hybrid LE, Hybrid Limited, Hybrid XLE, Hybrid XLE Premium, Hybrid XSE, LE, Limited, TRD Off-Road, XLE, XLE Premium","2.5L L4 - Electric/Gas, 2.5L L4 - FULL HYBRID EV-GAS (FHEV), 2.5L L4 - Gas",42537
PT9264219820,2020,Toyota,RAV4,"Adventure, Hybrid LE, Hybrid Limited, Hybrid XLE, Hybrid XSE, LE, Limited, TRD Off-Road, XLE, XLE Premium","2.5L L4 - Electric/Gas, 2.5L L4 - FULL HYBRID EV-GAS (FHEV), 2.5L L4 - Gas",42530
PT9264219820,2019,Toyota,RAV4,"Adventure, Hybrid LE, Hybrid Limited, Hybrid XLE, Hybrid XSE, LE, Limited, XLE, XLE Premium","2.5L L4 - Electric/Gas, 2.5L L4 - FULL HYBRID EV-GAS (FHEV), 2.5L L4 - Gas",42531
PT2060214120,2019,Toyota,Corolla,"L, LE, LE Eco, SE, XLE, XSE","1.8L L4 - Gas, 2.0L L4 - Gas",40231
PT2060214120,2018,Toyota,Corolla,"L, LE, LE Eco, SE, XLE, XSE",1.8L L4 - Gas,40232
PT2060214120,2017,Toyota,Corolla,"50th Anniversary Special Edition, L, LE, LE Eco, SE, XLE, XSE",1.8L L4 - Gas,40233
PT2060214120,2016,Toyota,Corolla,"L, LE, LE Eco, S, Special Edition",1.8L L4 - Gas,40234
PT2060214120,2015,Toyota,Corolla,"L, LE, LE Eco, S",1.8L L4 - Gas,40235
PT2060214120,2014,Toyota,Corolla,"L, LE, LE Eco, Le Eco Plus, S",1.8L L4 - Gas,40236
PT2060C23520,2024,Toyota,Sequoia,"Capstone, Limited, Platinum, SR5, TRD Pro",3.4L V6 - Electric/Gas,40300
PT9080318020,2023,Toyota,Camry,"Hybrid LE, Hybrid SE, Hybrid SE Nightshade, Hybrid XLE, Hybrid XSE, LE, SE, SE Nightshade, TRD, XLE, XSE","2.5L L4 - Electric/Gas, 2.5L L4 - FULL HYBRID EV-GAS (FHEV), 2.5L L4 - Gas, 3.5L V6 - Gas",49378
PT9080318020,2022,Toyota,Camry,"Hybrid LE, Hybrid SE, Hybrid SE Nightshade, Hybrid XLE, Hybrid XSE, LE, SE, SE Nightshade, TRD, XLE, XSE","2.5L L4 - Electric/Gas, 2.5L L4 - FULL HYBRID EV-GAS (FHEV), 2.5L L4 - Gas, 3.5L V6 - Gas",42363
PT9080318020,2021,Toyota,Camry,"Hybrid LE, Hybrid SE, Hybrid XLE, Hybrid XSE, LE, SE, SE Nightshade, TRD, XLE, XSE","2.5L L4 - Electric/Gas, 2.5L L4 - FULL HYBRID EV-GAS (FHEV), 2.5L L4 - Gas, 3.5L V6 - Gas",42364
PT9080318020,2020,Toyota,Camry,"Hybrid LE, Hybrid SE, Hybrid XLE, L, LE, SE, SE Nightshade, TRD, XLE, XSE","2.5L L4 - Electric/Gas, 2.5L L4 - FULL HYBRID EV-GAS (FHEV), 2.5L L4 - Gas, 3.5L V6 - Gas",42365
PT9080318020,2019,Toyota,Camry,"Hybrid LE, Hybrid SE, Hybrid XLE, L, LE, SE, XLE, XSE","2.5L L4 - Electric/Gas, 2.5L L4 - FULL HYBRID EV-GAS (FHEV), 2.5L L4 - Gas, 3.5L V6 - Gas",42366
PT9080318020,2018,Toyota,Camry,"Hybrid LE, Hybrid SE, Hybrid XLE, L, LE, SE, XLE, XSE","2.5L L4 - Electric/Gas, 2.5L L4 - FULL HYBRID EV-GAS (FHEV), 2.5L L4 - Gas, 3.5L V6 - Gas",42367
PT34708210,2024,Toyota,Sienna,"LE, Limited, Platinum, Woodland Edition, XLE, XSE",2.5L L4 - Electric/Gas,40645
PT34708210,2023,Toyota,Sienna,"25th Anniversary Edition, LE, Limited, Platinum, Woodland Edition, XLE, XSE","2.5L L4 - Electric/Gas, 2.5L L4 - FULL HYBRID EV-GAS (FHEV)",40646
PT34708210,2022,Toyota,Sienna,"LE, Limited, Platinum, Woodland Edition, XLE, XSE","2.5L L4 - Electric/Gas, 2.5L L4 - FULL HYBRID EV-GAS (FHEV)",40647
PT34708210,2021,Toyota,Sienna,"LE, Limited, Platinum, XLE, XSE","2.5L L4 - Electric/Gas, 2.5L L4 - FULL HYBRID EV-GAS (FHEV)",40648
PT34742130,2018,Toyota,RAV4,"Adventure, Hybrid Limited, Hybrid SE, Hybrid XLE, LE, Limited, Platinum, SE, XLE","2.5L L4 - Electric/Gas, 2.5L L4 - FULL HYBRID EV-GAS (FHEV), 2.5L L4 - Gas",40692
PT34742130,2017,Toyota,RAV4,"Hybrid Limited, Hybrid SE, Hybrid XLE, LE, Limited, Platinum, SE, XLE","2.5L L4 - Electric/Gas, 2.5L L4 - FULL HYBRID EV-GAS (FHEV), 2.5L L4 - Gas",40693
PT34742130,2016,Toyota,RAV4,"Hybrid Limited, Hybrid XLE, LE, Limited, SE, XLE","2.5L L4 - Electric/Gas, 2.5L L4 - FULL HYBRID EV-GAS (FHEV), 2.5L L4 - Gas",40694
PT34742130,2015,Toyota,RAV4,"LE, Limited, XLE",2.5L L4 - Gas,40695
PT34742130,2014,Toyota,RAV4,"EV, LE, Limited, XLE","2.5L L4 - Gas, Electric",40696
PT34742130,2013,Toyota,RAV4,"EV, LE, Limited, XLE","2.5L L4 - Gas, Electric",40697
PT34742190,2022,Toyota,RAV4 Prime,"SE, XSE","2.5L L4 - Electric/Gas, 2.5L L4 - PLUG-IN HYBRID EV-GAS (PH",40702
PT34742190,2021,Toyota,RAV4,"Adventure, Hybrid LE, Hybrid Limited, Hybrid XLE, Hybrid XLE Premium, Hybrid XSE, LE, Limited, TRD Off-Road, XLE, XLE Premium","2.5L L4 - Electric/Gas, 2.5L L4 - FULL HYBRID EV-GAS (FHEV), 2.5L L4 - Gas",40703
PT34742190,2020,Toyota,RAV4,"Adventure, Hybrid LE, Hybrid Limited, Hybrid XLE, Hybrid XSE, LE, Limited, TRD Off-Road, XLE, XLE Premium","2.5L L4 - Electric/Gas, 2.5L L4 - FULL HYBRID EV-GAS (FHEV), 2.5L L4 - Gas",40704
PT34742190,2019,Toyota,RAV4,"Adventure, Hybrid LE, Hybrid Limited, Hybrid XLE, Hybrid XSE, LE, Limited, XLE, XLE Premium","2.5L L4 - Electric/Gas, 2.5L L4 - FULL HYBRID EV-GAS (FHEV), 2.5L L4 - Gas",40705
PT34742190,2024,Toyota,RAV4,"Adventure, Hybrid LE, Hybrid Limited, Hybrid SE, Hybrid Woodland Edition, Hybrid XLE, Hybrid XLE Premium, Hybrid XSE, LE, Limited, TRD Off-Road, XLE, XLE Premium","2.5L L4 - Electric/Gas, 2.5L L4 - Gas",47820
PT34742190,2024,Toyota,RAV4 Prime,"SE, XSE",2.5L L4 - Electric/Gas,40698
PT34742190,2023,Toyota,RAV4,"Adventure, Hybrid LE, Hybrid Limited, Hybrid SE, Hybrid Woodland Edition, Hybrid XLE, Hybrid XLE Premium, Hybrid XSE, LE, Limited, TRD Off-Road, XLE, XLE Premium","2.5L L4 - Electric/Gas, 2.5L L4 - FULL HYBRID EV-GAS (FHEV), 2.5L L4 - Gas",40699
PT34742190,2023,Toyota,RAV4 Prime,"SE, XSE","2.5L L4 - Electric/Gas, 2.5L L4 - PLUG-IN HYBRID EV-GAS (PH",40700
PT34742190,2022,Toyota,RAV4,"Adventure, Hybrid LE, Hybrid Limited, Hybrid SE, Hybrid XLE, Hybrid XLE Premium, Hybrid XSE, LE, Limited, TRD Off-Road, XLE, XLE Premium","2.5L L4 - Electric/Gas, 2.5L L4 - FULL HYBRID EV-GAS (FHEV), 2.5L L4 - Gas",40701
PT34748140,2023,Toyota,Highlander,"Hybrid Bronze Edition, Hybrid LE, Hybrid Limited, Hybrid Platinum, Hybrid XLE, L, LE, Limited, Platinum, XLE, XSE","2.4L L4 - Gas, 2.5L L4 - Electric/Gas, 2.5L L4 - FULL HYBRID EV-GAS (FHEV)",40727
PT34748140,2022,Toyota,Highlander,"Hybrid Bronze Edition, Hybrid LE, Hybrid Limited, Hybrid Platinum, Hybrid XLE, L, LE, Limited, Platinum, XLE, XSE","2.5L L4 - Electric/Gas, 2.5L L4 - FULL HYBRID EV-GAS (FHEV), 3.5L V6 - Gas",40728
PT34748140,2021,Toyota,Highlander,"Hybrid LE, Hybrid Limited, Hybrid Platinum, Hybrid XLE, L, LE, Limited, Platinum, XLE, XSE","2.5L L4 - Electric/Gas, 2.5L L4 - FULL HYBRID EV-GAS (FHEV), 3.5L V6 - Gas",40729
PT34748140,2020,Toyota,Highlander,"Hybrid LE, Hybrid Limited, Hybrid Platinum, Hybrid XLE, L, LE, Limited, Platinum, XLE","2.5L L4 - Electric/Gas, 2.5L L4 - FULL HYBRID EV-GAS (FHEV), 3.5L V6 - Gas",40730
PT34748140,2019,Toyota,Highlander,"Hybrid LE, Hybrid Limited, Hybrid Limited Platinum, Hybrid XLE, LE, LE Plus, Limited, Limited Platinum, SE, XLE","2.7L L4 - Gas, 3.5L V6 - Electric/Gas, 3.5L V6 - FULL HYBRID EV-GAS (FHEV), 3.5L V6 - Gas",40731
PT34748140,2018,Toyota,Highlander,"Hybrid LE, Hybrid Limited, Hybrid XLE, LE, LE Plus, Limited, SE, XLE","2.7L L4 - Gas, 3.5L V6 - Electric/Gas, 3.5L V6 - FULL HYBRID EV-GAS (FHEV), 3.5L V6 - Gas",40732
PT34748140,2017,Toyota,Highlander,"Hybrid LE, Hybrid Limited, Hybrid XLE, LE, LE Plus, Limited, SE, XLE","2.7L L4 - Gas, 3.5L V6 - Electric/Gas, 3.5L V6 - FULL HYBRID EV-GAS (FHEV), 3.5L V6 - Gas",40733
PT34748140,2016,Toyota,Highlander,"Hybrid Limited, LE, LE Plus, Limited, XLE","2.7L L4 - Gas, 3.5L V6 - Electric/Gas, 3.5L V6 - FULL HYBRID EV-GAS (FHEV), 3.5L V6 - Gas",40734
PT34748140,2015,Toyota,Highlander,"Hybrid Limited, LE, LE Plus, Limited, XLE","2.7L L4 - Gas, 3.5L V6 - Electric/Gas, 3.5L V6 - FULL HYBRID EV-GAS (FHEV), 3.5L V6 - Gas",40736
PT34748140,2014,Toyota,Highlander,"Hybrid Limited, LE, LE Plus, Limited, XLE","2.7L L4 - Gas, 3.5L V6 - Electric/Gas, 3.5L V6 - FULL HYBRID EV-GAS (FHEV), 3.5L V6 - Gas",40737
PT90802145,2019,Toyota,Corolla,"L, LE, LE Eco, SE, XLE, XSE","1.8L L4 - Gas, 2.0L L4 - Gas",42357
PT90802145,2018,Toyota,Corolla,"L, LE, LE Eco, SE, XLE, XSE",1.8L L4 - Gas,42358
PT90802145,2017,Toyota,Corolla,"50th Anniversary Special Edition, L, LE, LE Eco, SE, XLE, XSE",1.8L L4 - Gas,42359
PT90802145,2016,Toyota,Corolla,"L, LE, LE Eco, S, Special Edition",1.8L L4 - Gas,42360
PT90802145,2015,Toyota,Corolla,"L, LE, LE Eco, S",1.8L L4 - Gas,42361
PT90802145,2014,Toyota,Corolla,"L, LE, LE Eco, Le Eco Plus, S",1.8L L4 - Gas,42362
PT93835242,null,null,null,null,null,41196
PT93835242,null,null,null,null,null,43091
PT20608216,2025,Toyota,Sienna,"LE, Limited, Platinum, Woodland Edition, XLE, XSE",2.5L L4 - Electric/Gas,40283
PT20608216,2024,Toyota,Sienna,"LE, Limited, Platinum, Woodland Edition, XLE, XSE",2.5L L4 - Electric/Gas,40284
PT20608216,2023,Toyota,Sienna,"25th Anniversary Edition, LE, Limited, Platinum, Woodland Edition, XLE, XSE","2.5L L4 - Electric/Gas, 2.5L L4 - FULL HYBRID EV-GAS (FHEV)",40285
PT20608216,2022,Toyota,Sienna,"LE, Limited, Platinum, Woodland Edition, XLE, XSE","2.5L L4 - Electric/Gas, 2.5L L4 - FULL HYBRID EV-GAS (FHEV)",40286
PT20608216,2021,Toyota,Sienna,"LE, Limited, Platinum, XLE, XSE","2.5L L4 - Electric/Gas, 2.5L L4 - FULL HYBRID EV-GAS (FHEV)",40287
PT20608217,2024,Toyota,Sienna,"LE, Limited, Platinum, Woodland Edition, XLE, XSE",2.5L L4 - Electric/Gas,40289
PT20608217,2023,Toyota,Sienna,"25th Anniversary Edition, LE, Limited, Platinum, Woodland Edition, XLE, XSE","2.5L L4 - Electric/Gas, 2.5L L4 - FULL HYBRID EV-GAS (FHEV)",40290
PT20608217,2022,Toyota,Sienna,"LE, Limited, Platinum, Woodland Edition, XLE, XSE","2.5L L4 - Electric/Gas, 2.5L L4 - FULL HYBRID EV-GAS (FHEV)",40291
PT20608217,2025,Toyota,Sienna,"LE, Limited, Platinum, Woodland Edition, XLE, XSE",2.5L L4 - Electric/Gas,40288
PT90842135,2018,Toyota,RAV4,"Adventure, Hybrid Limited, Hybrid SE, Hybrid XLE, LE, Limited, Platinum, SE, XLE","2.5L L4 - Electric/Gas, 2.5L L4 - FULL HYBRID EV-GAS (FHEV), 2.5L L4 - Gas",42379
PT90842135,2017,Toyota,RAV4,"Hybrid Limited, Hybrid SE, Hybrid XLE, LE, Limited, Platinum, SE, XLE","2.5L L4 - Electric/Gas, 2.5L L4 - FULL HYBRID EV-GAS (FHEV), 2.5L L4 - Gas",42380
PT90842135,2016,Toyota,RAV4,"Hybrid Limited, Hybrid XLE, LE, Limited, SE, XLE","2.5L L4 - Electric/Gas, 2.5L L4 - FULL HYBRID EV-GAS (FHEV), 2.5L L4 - Gas",42381
PT90842135,2015,Toyota,RAV4,"LE, Limited, XLE",2.5L L4 - Gas,42382
PT90842135,2014,Toyota,RAV4,"EV, LE, Limited, XLE","2.5L L4 - Gas, Electric",42383
PT90842135,2013,Toyota,RAV4,"EV, LE, Limited, XLE","2.5L L4 - Gas, Electric",42384
PT9084723620,2024,Toyota,Prius,"LE, Limited, XLE",2.0L L4 - Electric/Gas,42340
PT92408211,2025,Toyota,Sienna,"LE, Limited, Platinum, Woodland Edition, XLE, XSE",2.5L L4 - Electric/Gas,42481
PT92408211,2024,Toyota,Sienna,"LE, Limited, Platinum, Woodland Edition, XLE, XSE",2.5L L4 - Electric/Gas,42482
PT92408211,2023,Toyota,Sienna,"25th Anniversary Edition, LE, Limited, Platinum, Woodland Edition, XLE, XSE","2.5L L4 - Electric/Gas, 2.5L L4 - FULL HYBRID EV-GAS (FHEV)",49604
PT92408211,2022,Toyota,Sienna,"LE, Limited, Platinum, Woodland Edition, XLE, XSE","2.5L L4 - Electric/Gas, 2.5L L4 - FULL HYBRID EV-GAS (FHEV)",42488
PT92408211,2021,Toyota,Sienna,"LE, Limited, Platinum, XLE, XSE","2.5L L4 - Electric/Gas, 2.5L L4 - FULL HYBRID EV-GAS (FHEV)",42489
PT9190C23020,2024,Toyota,Sequoia,"Capstone, Limited, Platinum, SR5, TRD Pro",3.4L V6 - Electric/Gas,42457
PT9191622020,2024,Toyota,Corolla Cross,"L, LE, XLE",2.0L L4 - Gas,42458
PT9194716120,2017,Toyota,Prius,"Four, Four Touring, One, Three, Three Touring, Two, Two Eco","1.8L L4 - Electric/Gas, 1.8L L4 - FULL HYBRID EV-GAS (FHEV)",42474
PT9194716120,2021,Toyota,Prius,"2020 Edition, L Eco, LE, Limited, XLE","1.8L L4 - Electric/Gas, 1.8L L4 - FULL HYBRID EV-GAS (FHEV)",42470
PT9194716120,2020,Toyota,Prius,"Base, L Eco, LE, Limited, XLE","1.8L L4 - Electric/Gas, 1.8L L4 - FULL HYBRID EV-GAS (FHEV)",42471
PT9194716120,2019,Toyota,Prius,"L Eco, LE, Limited, XLE","1.8L L4 - Electric/Gas, 1.8L L4 - FULL HYBRID EV-GAS (FHEV)",42472
PT9194716120,2018,Toyota,Prius,"Four, Four Touring, One, Three, Three Touring, Two, Two Eco","1.8L L4 - Electric/Gas, 1.8L L4 - FULL HYBRID EV-GAS (FHEV)",42473
PT9194716120,2016,Toyota,Prius,"Four, Four Touring, Three, Three Touring, Two, Two Eco","1.8L L4 - Electric/Gas, 1.8L L4 - FULL HYBRID EV-GAS (FHEV)",42475
PT9264820120,2022,Toyota,Highlander,"Hybrid Bronze Edition, Hybrid LE, Hybrid Limited, Hybrid Platinum, Hybrid XLE, L, LE, Limited, Platinum, XLE, XSE","2.5L L4 - Electric/Gas, 2.5L L4 - FULL HYBRID EV-GAS (FHEV), 3.5L V6 - Gas",42532
PT9264820120,2021,Toyota,Highlander,"Hybrid LE, Hybrid Limited, Hybrid Platinum, Hybrid XLE, L, LE, Limited, Platinum, XLE, XSE","2.5L L4 - Electric/Gas, 2.5L L4 - FULL HYBRID EV-GAS (FHEV), 3.5L V6 - Gas",42538
PT9080C23520,2024,Toyota,Sequoia,"Capstone, Limited, Platinum, SR5, TRD Pro",3.4L V6 - Electric/Gas,39480
PT73835240,2024,Toyota,Tacoma,"Limited, SR, SR5, TRD Off-Road, TRD Sport","2.4L L4 - Electric/Gas, 2.4L L4 - Gas",42128
PT97134231,2025,Toyota,Sequoia,"1794 Edition, Capstone, Limited, Platinum, SR5, TRD Pro",3.4L V6 - Electric/Gas,43654
PT97134231,2024,Toyota,Sequoia,"Capstone, Limited, Platinum, SR5, TRD Pro",3.4L V6 - Electric/Gas,43655
PT97134231,2024,Toyota,Tundra,"1794 Edition, Capstone, Limited, Platinum, SR, SR5, TRD Pro","3.4L V6 - Electric/Gas, 3.4L V6 - Gas",43656
PT97134231,2023,Toyota,Tundra,"1794 Edition, Capstone, Limited, Platinum, SR, SR5, TRD Pro","3.4L V6 - Electric/Gas, 3.4L V6 - Gas, 3.5L V6 - Gas, 3.5L V6 - MILD HYBRID EV-GAS (MHEV)",43657
PT97134231,2022,Toyota,Tundra,"1794 Edition, Capstone, Limited, Platinum, SR, SR5, TRD Pro","3.4L V6 - Electric/Gas, 3.4L V6 - Gas, 3.5L V6 - Gas, 3.5L V6 - MILD HYBRID EV-GAS (MHEV)",43658
PK38916N00TR,null,null,null,null,null,40172
PK38916N00TR,null,null,null,null,null,47126
PK38916P00TP,null,null,null,null,null,40173
PK38916P00TP,null,null,null,null,null,47127
PT2061623020,null,null,null,null,null,40304
PT2061623020,null,null,null,null,null,47262
PT97235200,2023,Toyota,Tacoma,"Limited, SR, SR5, TRD Off-Road, TRD Pro, TRD Sport, Trail Special Edition","2.7L L4 - Gas, 3.5L V6 - Gas",43703
PT97235200,2022,Toyota,Tacoma,"Limited, SR, SR5, TRD Off-Road, TRD Pro, TRD Sport","2.7L L4 - Gas, 3.5L V6 - Gas",43704
PT9080214220,2017,Toyota,Corolla,"50th Anniversary Special Edition, L, LE, LE Eco, SE, XLE, XSE",1.8L L4 - Gas,42353
PT9080214220,2016,Toyota,Corolla,"L, LE, LE Eco, S, Special Edition",1.8L L4 - Gas,42354
PT9080214220,2015,Toyota,Corolla,"L, LE, LE Eco, S",1.8L L4 - Gas,42355
PT9080214220,2014,Toyota,Corolla,"L, LE, LE Eco, Le Eco Plus, S",1.8L L4 - Gas,42356
PT9191623020,null,null,null,null,null,42440
PT9191623020,null,null,null,null,null,49512
PT9360220012,2024,Toyota,Corolla,"LE, Nightshade, SE, XSE",2.0L L4 - Gas,42644
PT9363422108,2022,Toyota,Tundra,"1794 Edition, Capstone, Limited, Platinum, SR, SR5, TRD Pro","3.4L V6 - Electric/Gas, 3.4L V6 - Gas, 3.5L V6 - Gas, 3.5L V6 - MILD HYBRID EV-GAS (MHEV)",42785
PT9363422111,2022,Toyota,Tundra,"1794 Edition, Capstone, Limited, Platinum, SR, SR5, TRD Pro","3.4L V6 - Electric/Gas, 3.4L V6 - Gas, 3.5L V6 - Gas, 3.5L V6 - MILD HYBRID EV-GAS (MHEV)",42786
PT9363517103,2023,Toyota,Tacoma,"Limited, SR, SR5, TRD Off-Road, TRD Pro, TRD Sport, Trail Special Edition","2.7L L4 - Gas, 3.5L V6 - Gas",42803
PT9363517103,2022,Toyota,Tacoma,"Limited, SR, SR5, TRD Off-Road, TRD Pro, TRD Sport","2.7L L4 - Gas, 3.5L V6 - Gas",42804
PT9363517103,2021,Toyota,Tacoma,"Limited, Nightshade, SR, SR5, TRD Off-Road, TRD Pro, TRD Sport, Trail","2.7L L4 - Gas, 3.5L V6 - Gas",42805
PT9363517103,2020,Toyota,Tacoma,"Limited, SR, SR5, TRD Off-Road, TRD Pro, TRD Sport","2.7L L4 - Gas, 3.5L V6 - Gas",42806
PT9363517103,2019,Toyota,Tacoma,"Limited, SR, SR5, TRD Off-Road, TRD Pro, TRD Sport","2.7L L4 - Gas, 3.5L V6 - Gas",42807
PT9363517103,2018,Toyota,Tacoma,"Limited, SR, SR5, TRD Off-Road, TRD Pro, TRD Sport","2.7L L4 - Gas, 3.5L V6 - Gas",42808
PT9363517128,2023,Toyota,Tacoma,"Limited, SR, SR5, TRD Off-Road, TRD Pro, TRD Sport, Trail Special Edition","2.7L L4 - Gas, 3.5L V6 - Gas",36087
PT9363517128,2022,Toyota,Tacoma,"Limited, SR, SR5, TRD Off-Road, TRD Pro, TRD Sport","2.7L L4 - Gas, 3.5L V6 - Gas",42828
PT9364723002,2024,Toyota,Prius,"LE, Limited, XLE",2.0L L4 - Electric/Gas,43013
PT9364723002,2024,Toyota,Prius Prime,"SE, XSE, XSE Premium",2.0L L4 - Electric/Gas,43014
PT9360220031,2025,Toyota,Corolla,"Nightshade, SE, XSE",2.0L L4 - Gas,42660
PT9360220031,2024,Toyota,Corolla,"Hybrid LE, Hybrid Nightshade, Hybrid SE, Hybrid XLE, LE, Nightshade, SE, XSE","1.8L L4 - Electric/Gas, 2.0L L4 - Gas",42661
PT9360318131,2024,Toyota,Camry,"Hybrid LE, Hybrid SE, Hybrid SE Nightshade, Hybrid XLE, Hybrid XSE, LE, SE, SE Nightshade, TRD, XLE, XSE","2.5L L4 - Electric/Gas, 2.5L L4 - Gas, 3.5L V6 - Gas",42689
PT9360318131,2023,Toyota,Camry,"Hybrid LE, Hybrid SE, Hybrid SE Nightshade, Hybrid XLE, Hybrid XSE, LE, SE, SE Nightshade, TRD, XLE, XSE","2.5L L4 - Electric/Gas, 2.5L L4 - FULL HYBRID EV-GAS (FHEV), 2.5L L4 - Gas, 3.5L V6 - Gas",42690
PT9360318131,2022,Toyota,Camry,"Hybrid LE, Hybrid SE, Hybrid SE Nightshade, Hybrid XLE, Hybrid XSE, LE, SE, SE Nightshade, TRD, XLE, XSE","2.5L L4 - Electric/Gas, 2.5L L4 - FULL HYBRID EV-GAS (FHEV), 2.5L L4 - Gas, 3.5L V6 - Gas",42691
PT9363422116,2024,Toyota,Tundra,"Limited, SR5","3.4L V6 - Electric/Gas, 3.4L V6 - Gas",42788
PT9363422116,2023,Toyota,Tundra,"Limited, SR5","3.4L V6 - Electric/Gas, 3.4L V6 - Gas, 3.5L V6 - Gas, 3.5L V6 - MILD HYBRID EV-GAS (MHEV)",42789
PT9363422116,2022,Toyota,Tundra,"Limited, SR5","3.4L V6 - Electric/Gas, 3.4L V6 - Gas, 3.5L V6 - Gas, 3.5L V6 - MILD HYBRID EV-GAS (MHEV)",42790
PT9363517121,2023,Toyota,Tacoma,"Limited, SR, SR5, TRD Off-Road, TRD Pro, TRD Sport, Trail Special Edition","2.7L L4 - Gas, 3.5L V6 - Gas",42822
PT9363517121,2022,Toyota,Tacoma,"Limited, SR, SR5, TRD Off-Road, TRD Pro, TRD Sport","2.7L L4 - Gas, 3.5L V6 - Gas",42823
PT9363422102,2022,Toyota,Tundra,"1794 Edition, Capstone, Limited, Platinum, SR, SR5, TRD Pro","3.4L V6 - Electric/Gas, 3.4L V6 - Gas, 3.5L V6 - Gas, 3.5L V6 - MILD HYBRID EV-GAS (MHEV)",42781
PT9363422202,2025,Toyota,Tundra,"1794 Edition, Capstone, Limited, Platinum, SR, SR5, TRD Pro","3.4L V6 - Electric/Gas, 3.4L V6 - Gas",42791
PT9363422202,2024,Toyota,Tundra,"1794 Edition, Capstone, Limited, Platinum, SR, SR5, TRD Pro","3.4L V6 - Electric/Gas, 3.4L V6 - Gas",42792
PT9363422202,2023,Toyota,Tundra,"1794 Edition, Capstone, Limited, Platinum, SR, SR5, TRD Pro","3.4L V6 - Electric/Gas, 3.4L V6 - Gas, 3.5L V6 - Gas, 3.5L V6 - MILD HYBRID EV-GAS (MHEV)",42793
PT9363517111,2022,Toyota,Tacoma,"Limited, SR, SR5, TRD Off-Road, TRD Pro, TRD Sport","2.7L L4 - Gas, 3.5L V6 - Gas",42816
PT9363517111,2021,Toyota,Tacoma,"Limited, Nightshade, SR, SR5, TRD Off-Road, TRD Pro, TRD Sport, Trail","2.7L L4 - Gas, 3.5L V6 - Gas",42817
PT9363517111,2020,Toyota,Tacoma,"Limited, SR, SR5, TRD Off-Road, TRD Pro, TRD Sport","2.7L L4 - Gas, 3.5L V6 - Gas",42818
PT9363517111,2019,Toyota,Tacoma,"Limited, SR, SR5, TRD Off-Road, TRD Pro, TRD Sport","2.7L L4 - Gas, 3.5L V6 - Gas",42819
PT9363517111,2018,Toyota,Tacoma,"Limited, SR, SR5, TRD Off-Road, TRD Pro, TRD Sport","2.7L L4 - Gas, 3.5L V6 - Gas",42820
PT9363517111,2023,Toyota,Tacoma,"Limited, SR, SR5, TRD Off-Road, TRD Pro, TRD Sport, Trail Special Edition","2.7L L4 - Gas, 3.5L V6 - Gas",42815
PT9363517126,2021,Toyota,Tacoma,"Limited, Nightshade, SR, SR5, TRD Off-Road, TRD Pro, TRD Sport, Trail","2.7L L4 - Gas, 3.5L V6 - Gas",42824
PT9364219102,2021,Toyota,RAV4,"Adventure, Hybrid LE, Hybrid Limited, Hybrid XLE, Hybrid XLE Premium, Hybrid XSE, LE, Limited, TRD Off-Road, XLE, XLE Premium","2.5L L4 - Electric/Gas, 2.5L L4 - FULL HYBRID EV-GAS (FHEV), 2.5L L4 - Gas",42928
PT9364219102,2020,Toyota,RAV4,"Adventure, Hybrid LE, Hybrid Limited, Hybrid XLE, Hybrid XSE, LE, Limited, TRD Off-Road, XLE, XLE Premium","2.5L L4 - Electric/Gas, 2.5L L4 - FULL HYBRID EV-GAS (FHEV), 2.5L L4 - Gas",42929
PT9364219102,2024,Toyota,RAV4,"Adventure, Hybrid LE, Hybrid Limited, Hybrid SE, Hybrid Woodland Edition, Hybrid XLE, Hybrid XLE Premium, Hybrid XSE, LE, Limited, TRD Off-Road, XLE, XLE Premium","2.5L L4 - Electric/Gas, 2.5L L4 - Gas",42925
PT9364219102,2023,Toyota,RAV4,"Adventure, Hybrid LE, Hybrid Limited, Hybrid SE, Hybrid Woodland Edition, Hybrid XLE, Hybrid XLE Premium, Hybrid XSE, LE, Limited, TRD Off-Road, XLE, XLE Premium","2.5L L4 - Electric/Gas, 2.5L L4 - FULL HYBRID EV-GAS (FHEV), 2.5L L4 - Gas",42926
PT9364219102,2022,Toyota,RAV4,"Adventure, Hybrid LE, Hybrid Limited, Hybrid SE, Hybrid XLE, Hybrid XLE Premium, Hybrid XSE, LE, Limited, TRD Off-Road, XLE, XLE Premium","2.5L L4 - Electric/Gas, 2.5L L4 - FULL HYBRID EV-GAS (FHEV), 2.5L L4 - Gas",42927
PT9364219102,2019,Toyota,RAV4,"Adventure, Hybrid LE, Hybrid Limited, Hybrid XLE, Hybrid XSE, LE, Limited, XLE, XLE Premium","2.5L L4 - Electric/Gas, 2.5L L4 - FULL HYBRID EV-GAS (FHEV), 2.5L L4 - Gas",42930
PT9363422100,2024,Toyota,Tundra,"Limited, SR, SR5","3.4L V6 - Electric/Gas, 3.4L V6 - Gas",42774
PT9363422100,2023,Toyota,Tundra,"Limited, SR, SR5","3.4L V6 - Electric/Gas, 3.4L V6 - Gas, 3.5L V6 - Gas, 3.5L V6 - MILD HYBRID EV-GAS (MHEV)",42775
PT9363422100,2022,Toyota,Tundra,"Limited, SR, SR5","3.4L V6 - Electric/Gas, 3.4L V6 - Gas, 3.5L V6 - Gas, 3.5L V6 - MILD HYBRID EV-GAS (MHEV)",42776
PT9363422103,2022,Toyota,Tundra,"1794 Edition, Capstone, Limited, Platinum, SR, SR5, TRD Pro","3.4L V6 - Electric/Gas, 3.4L V6 - Gas, 3.5L V6 - Gas, 3.5L V6 - MILD HYBRID EV-GAS (MHEV)",42782
PT9363422104,2022,Toyota,Tundra,"1794 Edition, Capstone, Limited, Platinum, SR, SR5, TRD Pro","3.4L V6 - Electric/Gas, 3.4L V6 - Gas, 3.5L V6 - Gas, 3.5L V6 - MILD HYBRID EV-GAS (MHEV)",42783
PT9363517110,2023,Toyota,Tacoma,"Limited, SR, SR5, TRD Off-Road, TRD Pro, TRD Sport, Trail Special Edition","2.7L L4 - Gas, 3.5L V6 - Gas",42809
PT9363517110,2022,Toyota,Tacoma,"Limited, SR, SR5, TRD Off-Road, TRD Pro, TRD Sport","2.7L L4 - Gas, 3.5L V6 - Gas",42810
PT9363517110,2021,Toyota,Tacoma,"Limited, Nightshade, SR, SR5, TRD Off-Road, TRD Pro, TRD Sport, Trail","2.7L L4 - Gas, 3.5L V6 - Gas",42811
PT9363517110,2020,Toyota,Tacoma,"Limited, SR, SR5, TRD Off-Road, TRD Pro, TRD Sport","2.7L L4 - Gas, 3.5L V6 - Gas",42812
PT9363517110,2019,Toyota,Tacoma,"Limited, SR, SR5, TRD Off-Road, TRD Pro, TRD Sport","2.7L L4 - Gas, 3.5L V6 - Gas",42813
PT9363517110,2018,Toyota,Tacoma,"Limited, SR, SR5, TRD Off-Road, TRD Pro, TRD Sport","2.7L L4 - Gas, 3.5L V6 - Gas",42814
PT9364217003,2018,Toyota,RAV4,"Adventure, Hybrid Limited, Hybrid SE, Hybrid XLE, LE, Limited, Platinum, SE, XLE","2.5L L4 - Electric/Gas, 2.5L L4 - FULL HYBRID EV-GAS (FHEV), 2.5L L4 - Gas",42860
PT9363422110,2022,Toyota,Tundra,"1794 Edition, Capstone, Limited, Platinum, SR, SR5, TRD Pro","3.4L V6 - Electric/Gas, 3.4L V6 - Gas, 3.5L V6 - Gas, 3.5L V6 - MILD HYBRID EV-GAS (MHEV)",33895
PT9363422203,2025,Toyota,Tundra,"1794 Edition, Capstone, Limited, Platinum, SR, SR5, TRD Pro","3.4L V6 - Electric/Gas, 3.4L V6 - Gas",42794
PT9363422203,2024,Toyota,Tundra,"1794 Edition, Capstone, Limited, Platinum, SR, SR5, TRD Pro","3.4L V6 - Electric/Gas, 3.4L V6 - Gas",42795
PT9363422203,2023,Toyota,Tundra,"1794 Edition, Capstone, Limited, Platinum, SR, SR5, TRD Pro","3.4L V6 - Electric/Gas, 3.4L V6 - Gas, 3.5L V6 - Gas, 3.5L V6 - MILD HYBRID EV-GAS (MHEV)",42796
PT9364217002,2018,Toyota,RAV4,"Adventure, Hybrid Limited, Hybrid SE, Hybrid XLE, LE, Limited, Platinum, SE, XLE","2.5L L4 - Electric/Gas, 2.5L L4 - FULL HYBRID EV-GAS (FHEV), 2.5L L4 - Gas",42859
PT9364723003,2024,Toyota,Prius,"LE, Limited, XLE",2.0L L4 - Electric/Gas,43015
PT9364723003,2024,Toyota,Prius Prime,"SE, XSE, XSE Premium",2.0L L4 - Electric/Gas,43016
PT9364723011,2024,Toyota,Prius,"LE, Limited, XLE",2.0L L4 - Electric/Gas,43019
PT9364723011,2024,Toyota,Prius Prime,"SE, XSE, XSE Premium",2.0L L4 - Electric/Gas,43020
PT9360811020,2020,Toyota,Sienna,"L, LE, Limited, Limited Premium, SE, SE Premium, XLE, XLE Premium",3.5L V6 - Gas,42740
PT9360811020,2019,Toyota,Sienna,"L, LE, Limited, Limited Premium, SE, SE Premium, XLE, XLE Premium",3.5L V6 - Gas,42741
PT9360811020,2018,Toyota,Sienna,"L, LE, Limited, Limited Premium, SE, SE Premium, XLE, XLE Premium",3.5L V6 - Gas,42742
PT9360811020,2017,Toyota,Sienna,"L, LE, Limited, SE, XLE",3.5L V6 - Gas,42743
PT9360811020,2016,Toyota,Sienna,"L, LE, Limited, SE, XLE",3.5L V6 - Gas,42744
PT9360811020,2015,Toyota,Sienna,"L, LE, Limited, SE, XLE",3.5L V6 - Gas,42745
PT9360811020,2014,Toyota,Sienna,"L, LE, Limited, SE, XLE",3.5L V6 - Gas,42746
PT9360811020,2013,Toyota,Sienna,"Base, L, LE, Limited, SE, XLE",3.5L V6 - Gas,42747
PT9360811020,2012,Toyota,Sienna,"Base, LE, Limited, SE, XLE","2.7L L4 - Gas, 3.5L V6 - Gas",42748
PT9360811020,2011,Toyota,Sienna,"Base, LE, Limited, SE, XLE","2.7L L4 - Gas, 3.5L V6 - Gas",42749
PT9363422210,2025,Toyota,Tundra,"1794 Edition, Capstone, Limited, Platinum, SR, SR5, TRD Pro","3.4L V6 - Electric/Gas, 3.4L V6 - Gas",42797
PT9363422210,2024,Toyota,Tundra,"1794 Edition, Capstone, Limited, Platinum, SR, SR5, TRD Pro","3.4L V6 - Electric/Gas, 3.4L V6 - Gas",42798
PT9363422210,2023,Toyota,Tundra,"1794 Edition, Capstone, Limited, Platinum, SR, SR5, TRD Pro","3.4L V6 - Electric/Gas, 3.4L V6 - Gas, 3.5L V6 - Gas, 3.5L V6 - MILD HYBRID EV-GAS (MHEV)",42799
PT9363517100,2023,Toyota,Tacoma,"Limited, SR, SR5, TRD Off-Road, TRD Pro, TRD Sport, Trail Special Edition","2.7L L4 - Gas, 3.5L V6 - Gas",42800
PT9363517100,2022,Toyota,Tacoma,"Limited, SR, SR5, TRD Off-Road, TRD Pro, TRD Sport","2.7L L4 - Gas, 3.5L V6 - Gas",42801
PT9363517100,2021,Toyota,Tacoma,"Limited, Nightshade, SR, SR5, TRD Off-Road, TRD Pro, TRD Sport, Trail","2.7L L4 - Gas, 3.5L V6 - Gas",42802
PT9360214003,2014,Toyota,Corolla,"L, LE, LE Eco, Le Eco Plus, S",1.8L L4 - Gas,42610
PT9360214003,2019,Toyota,Corolla,"L, LE, LE Eco, SE, XLE, XSE","1.8L L4 - Gas, 2.0L L4 - Gas",42605
PT9360214003,2018,Toyota,Corolla,"L, LE, LE Eco, SE, XLE, XSE",1.8L L4 - Gas,42606
PT9360214003,2017,Toyota,Corolla,"50th Anniversary Special Edition, L, LE, LE Eco, SE, XLE, XSE",1.8L L4 - Gas,42607
PT9360214003,2016,Toyota,Corolla,"L, LE, LE Eco, S, Special Edition",1.8L L4 - Gas,42608
PT9360214003,2015,Toyota,Corolla,"L, LE, LE Eco, S",1.8L L4 - Gas,42609
PT9364213002,2018,Toyota,RAV4,"Adventure, Hybrid Limited, Hybrid SE, Hybrid XLE, LE, Limited, Platinum, SE, XLE","2.5L L4 - Electric/Gas, 2.5L L4 - FULL HYBRID EV-GAS (FHEV), 2.5L L4 - Gas",36098
PT9364213002,2017,Toyota,RAV4,"Hybrid Limited, Hybrid SE, Hybrid XLE, LE, Limited, Platinum, SE, XLE","2.5L L4 - Electric/Gas, 2.5L L4 - FULL HYBRID EV-GAS (FHEV), 2.5L L4 - Gas",42836
PT9364213002,2016,Toyota,RAV4,"Hybrid Limited, Hybrid XLE, LE, Limited, SE, XLE","2.5L L4 - Electric/Gas, 2.5L L4 - FULL HYBRID EV-GAS (FHEV), 2.5L L4 - Gas",42837
PT9364213002,2015,Toyota,RAV4,"LE, Limited, XLE",2.5L L4 - Gas,42838
PT9364213002,2014,Toyota,RAV4,"EV, LE, Limited, XLE","2.5L L4 - Gas, Electric",42839
PT9364213010,2018,Toyota,RAV4,"Adventure, Hybrid Limited, Hybrid SE, Hybrid XLE, LE, Limited, Platinum, SE, XLE","2.5L L4 - Electric/Gas, 2.5L L4 - FULL HYBRID EV-GAS (FHEV), 2.5L L4 - Gas",42840
PT9364213010,2017,Toyota,RAV4,"Hybrid Limited, Hybrid SE, Hybrid XLE, LE, Limited, Platinum, SE, XLE","2.5L L4 - Electric/Gas, 2.5L L4 - FULL HYBRID EV-GAS (FHEV), 2.5L L4 - Gas",42841
PT9364213010,2016,Toyota,RAV4,"Hybrid Limited, Hybrid XLE, LE, Limited, SE, XLE","2.5L L4 - Electric/Gas, 2.5L L4 - FULL HYBRID EV-GAS (FHEV), 2.5L L4 - Gas",42842
PT9364213010,2015,Toyota,RAV4,"LE, Limited, XLE",2.5L L4 - Gas,42843
PT9364213010,2014,Toyota,RAV4,"EV, LE, Limited, XLE","2.5L L4 - Gas, Electric",42844
PT9364716010,2017,Toyota,Prius Prime,"Advanced, Plus, Premium","1.8L L4 - Electric/Gas, 1.8L L4 - PLUG-IN HYBRID EV-GAS (PH",40305
PT9364716010,2021,Toyota,Prius,"2020 Edition, L Eco, LE, Limited, XLE","1.8L L4 - Electric/Gas, 1.8L L4 - FULL HYBRID EV-GAS (FHEV)",42984
PT9364716010,2021,Toyota,Prius Prime,"LE, Limited, XLE","1.8L L4 - Electric/Gas, 1.8L L4 - PLUG-IN HYBRID EV-GAS (PH",42985
PT9364716010,2020,Toyota,Prius,"Base, L Eco, LE, Limited, XLE","1.8L L4 - Electric/Gas, 1.8L L4 - FULL HYBRID EV-GAS (FHEV)",42986
PT9364716010,2020,Toyota,Prius Prime,"LE, Limited, XLE","1.8L L4 - Electric/Gas, 1.8L L4 - PLUG-IN HYBRID EV-GAS (PH",42987
PT9364716010,2019,Toyota,Prius,"L Eco, LE, Limited, XLE","1.8L L4 - Electric/Gas, 1.8L L4 - FULL HYBRID EV-GAS (FHEV)",42988
PT9364716010,2019,Toyota,Prius Prime,"Advanced, Plus, Premium","1.8L L4 - Electric/Gas, 1.8L L4 - PLUG-IN HYBRID EV-GAS (PH",42989
PT9364716010,2018,Toyota,Prius,"Four, Four Touring, One, Three, Three Touring, Two, Two Eco","1.8L L4 - Electric/Gas, 1.8L L4 - FULL HYBRID EV-GAS (FHEV)",42990
PT9364716010,2018,Toyota,Prius Prime,"Advanced, Plus, Premium","1.8L L4 - Electric/Gas, 1.8L L4 - PLUG-IN HYBRID EV-GAS (PH",42991
PT9364716010,2017,Toyota,Prius,"Four, Four Touring, One, Three, Three Touring, Two, Two Eco","1.8L L4 - Electric/Gas, 1.8L L4 - FULL HYBRID EV-GAS (FHEV)",42992
PT9364716010,2016,Toyota,Prius,"Four, Four Touring, Three, Three Touring, Two, Two Eco","1.8L L4 - Electric/Gas, 1.8L L4 - FULL HYBRID EV-GAS (FHEV)",39816
PT9360318111,2024,Toyota,Camry,"Hybrid LE, Hybrid SE, Hybrid SE Nightshade, Hybrid XLE, Hybrid XSE, LE, SE, SE Nightshade, TRD, XLE, XSE","2.5L L4 - Electric/Gas, 2.5L L4 - Gas, 3.5L V6 - Gas",42683
PT9360318111,2023,Toyota,Camry,"Hybrid LE, Hybrid SE, Hybrid SE Nightshade, Hybrid XLE, Hybrid XSE, LE, SE, SE Nightshade, TRD, XLE, XSE","2.5L L4 - Electric/Gas, 2.5L L4 - FULL HYBRID EV-GAS (FHEV), 2.5L L4 - Gas, 3.5L V6 - Gas",30396
PT9360318111,2022,Toyota,Camry,"Hybrid LE, Hybrid SE, Hybrid SE Nightshade, Hybrid XLE, Hybrid XSE, LE, SE, SE Nightshade, TRD, XLE, XSE","2.5L L4 - Electric/Gas, 2.5L L4 - FULL HYBRID EV-GAS (FHEV), 2.5L L4 - Gas, 3.5L V6 - Gas",42684
PT9360318111,2021,Toyota,Camry,"Hybrid LE, Hybrid SE, Hybrid XLE, Hybrid XSE, LE, SE, SE Nightshade, TRD, XLE, XSE","2.5L L4 - Electric/Gas, 2.5L L4 - FULL HYBRID EV-GAS (FHEV), 2.5L L4 - Gas, 3.5L V6 - Gas",42685
PT9360318111,2020,Toyota,Camry,"Hybrid LE, Hybrid SE, Hybrid XLE, L, LE, SE, SE Nightshade, TRD, XLE, XSE","2.5L L4 - Electric/Gas, 2.5L L4 - FULL HYBRID EV-GAS (FHEV), 2.5L L4 - Gas, 3.5L V6 - Gas",42686
PT9360318111,2019,Toyota,Camry,"Hybrid LE, Hybrid SE, Hybrid XLE, L, LE, SE, XLE, XSE","2.5L L4 - Electric/Gas, 2.5L L4 - FULL HYBRID EV-GAS (FHEV), 2.5L L4 - Gas, 3.5L V6 - Gas",42687
PT9360318111,2018,Toyota,Camry,"Hybrid LE, Hybrid SE, Hybrid XLE, L, LE, SE, XLE, XSE","2.5L L4 - Electric/Gas, 2.5L L4 - FULL HYBRID EV-GAS (FHEV), 2.5L L4 - Gas, 3.5L V6 - Gas",42688
PT9360811021,2021,Toyota,Sienna,"LE, Limited, Platinum, XLE, XSE","2.5L L4 - Electric/Gas, 2.5L L4 - FULL HYBRID EV-GAS (FHEV)",42750
PT9360811021,2020,Toyota,Sienna,"L, LE, Limited, Limited Premium, SE, SE Premium, XLE, XLE Premium",3.5L V6 - Gas,42751
PT9360811021,2019,Toyota,Sienna,"L, LE, Limited, Limited Premium, SE, SE Premium, XLE, XLE Premium",3.5L V6 - Gas,42752
PT9364219018,2024,Toyota,RAV4,"Adventure, Hybrid LE, Hybrid Limited, Hybrid SE, Hybrid Woodland Edition, Hybrid XLE, Hybrid XLE Premium, Hybrid XSE, LE, Limited, TRD Off-Road, XLE, XLE Premium","2.5L L4 - Electric/Gas, 2.5L L4 - Gas",39678
PT9364219018,2024,Toyota,RAV4 Prime,"SE, XSE",2.5L L4 - Electric/Gas,42911
PT9364219018,2023,Toyota,RAV4,"Adventure, Hybrid LE, Hybrid Limited, Hybrid SE, Hybrid Woodland Edition, Hybrid XLE, Hybrid XLE Premium, Hybrid XSE, LE, Limited, TRD Off-Road, XLE, XLE Premium","2.5L L4 - Electric/Gas, 2.5L L4 - FULL HYBRID EV-GAS (FHEV), 2.5L L4 - Gas",42912
PT9364219018,2023,Toyota,RAV4 Prime,"SE, XSE","2.5L L4 - Electric/Gas, 2.5L L4 - PLUG-IN HYBRID EV-GAS (PH",42913
PT9364219018,2022,Toyota,RAV4,"Adventure, Hybrid LE, Hybrid Limited, Hybrid SE, Hybrid XLE, Hybrid XLE Premium, Hybrid XSE, LE, Limited, TRD Off-Road, XLE, XLE Premium","2.5L L4 - Electric/Gas, 2.5L L4 - FULL HYBRID EV-GAS (FHEV), 2.5L L4 - Gas",42915
PT9364219018,2022,Toyota,RAV4 Prime,"SE, XSE","2.5L L4 - Electric/Gas, 2.5L L4 - PLUG-IN HYBRID EV-GAS (PH",42916
PT9364219018,2021,Toyota,RAV4,"Adventure, Hybrid LE, Hybrid Limited, Hybrid XLE, Hybrid XLE Premium, Hybrid XSE, LE, Limited, TRD Off-Road, XLE, XLE Premium","2.5L L4 - Electric/Gas, 2.5L L4 - FULL HYBRID EV-GAS (FHEV), 2.5L L4 - Gas",42917
PT9364219018,2020,Toyota,RAV4,"Adventure, Hybrid LE, Hybrid Limited, Hybrid XLE, Hybrid XSE, LE, Limited, TRD Off-Road, XLE, XLE Premium","2.5L L4 - Electric/Gas, 2.5L L4 - FULL HYBRID EV-GAS (FHEV), 2.5L L4 - Gas",42918
PT9364219018,2019,Toyota,RAV4,"Adventure, Hybrid LE, Hybrid Limited, Hybrid XLE, Hybrid XSE, LE, Limited, XLE, XLE Premium","2.5L L4 - Electric/Gas, 2.5L L4 - FULL HYBRID EV-GAS (FHEV), 2.5L L4 - Gas",42919
PT9364716008,2018,Toyota,Prius,"Four, Four Touring, One, Three, Three Touring, Two, Two Eco","1.8L L4 - Electric/Gas, 1.8L L4 - FULL HYBRID EV-GAS (FHEV)",42981
PT9364716008,2017,Toyota,Prius,"Four, Four Touring, One, Three, Three Touring, Two, Two Eco","1.8L L4 - Electric/Gas, 1.8L L4 - FULL HYBRID EV-GAS (FHEV)",42982
PT9364716008,2016,Toyota,Prius,"Four, Four Touring, Three, Three Touring, Two, Two Eco","1.8L L4 - Electric/Gas, 1.8L L4 - FULL HYBRID EV-GAS (FHEV)",42983
PT9364820108,2023,Toyota,Highlander,"Hybrid Bronze Edition, Hybrid LE, Hybrid Limited, Hybrid Platinum, Hybrid XLE, L, LE, Limited, Platinum, XLE, XSE","2.4L L4 - Gas, 2.5L L4 - Electric/Gas, 2.5L L4 - FULL HYBRID EV-GAS (FHEV)",40760
PT9364820108,2024,Toyota,Highlander,"Hybrid Bronze Edition, Hybrid LE, Hybrid LE Nightshade, Hybrid Limited, Hybrid Platinum, Hybrid XLE, Hybrid XLE Nightshade, LE, Limited, Platinum, XLE, XSE","2.4L L4 - Gas, 2.5L L4 - Electric/Gas",43036
PT9364820108,2022,Toyota,Highlander,"Hybrid Bronze Edition, Hybrid LE, Hybrid Limited, Hybrid Platinum, Hybrid XLE, L, LE, Limited, Platinum, XLE, XSE","2.5L L4 - Electric/Gas, 2.5L L4 - FULL HYBRID EV-GAS (FHEV), 3.5L V6 - Gas",43040
PT9364820108,2021,Toyota,Highlander,"Hybrid LE, Hybrid Limited, Hybrid Platinum, Hybrid XLE, L, LE, Limited, Platinum, XLE, XSE","2.5L L4 - Electric/Gas, 2.5L L4 - FULL HYBRID EV-GAS (FHEV), 3.5L V6 - Gas",43041
PT9364820108,2020,Toyota,Highlander,"Hybrid LE, Hybrid Limited, Hybrid Platinum, Hybrid XLE, L, LE, Limited, Platinum, XLE","2.5L L4 - Electric/Gas, 2.5L L4 - FULL HYBRID EV-GAS (FHEV), 3.5L V6 - Gas",43042
PT9364820111,2024,Toyota,Highlander,"Hybrid Bronze Edition, Hybrid LE, Hybrid LE Nightshade, Hybrid Limited, Hybrid Platinum, Hybrid XLE, Hybrid XLE Nightshade, LE, Limited, Platinum, XLE, XSE","2.4L L4 - Gas, 2.5L L4 - Electric/Gas",43047
PT9364820111,2023,Toyota,Highlander,"Hybrid Bronze Edition, Hybrid LE, Hybrid Limited, Hybrid Platinum, Hybrid XLE, L, LE, Limited, Platinum, XLE, XSE","2.4L L4 - Gas, 2.5L L4 - Electric/Gas, 2.5L L4 - FULL HYBRID EV-GAS (FHEV)",43048
PT9364820111,2022,Toyota,Highlander,"Hybrid Bronze Edition, Hybrid LE, Hybrid Limited, Hybrid Platinum, Hybrid XLE, L, LE, Limited, Platinum, XLE, XSE","2.5L L4 - Electric/Gas, 2.5L L4 - FULL HYBRID EV-GAS (FHEV), 3.5L V6 - Gas",43049
PT9364820111,2021,Toyota,Highlander,"Hybrid LE, Hybrid Limited, Hybrid Platinum, Hybrid XLE, L, LE, Limited, Platinum, XLE, XSE","2.5L L4 - Electric/Gas, 2.5L L4 - FULL HYBRID EV-GAS (FHEV), 3.5L V6 - Gas",43050
PT9361622006,2024,Toyota,Corolla Cross,"LE, XLE",2.0L L4 - Gas,42760
PT9361622006,2023,Toyota,Corolla Cross,"LE, XLE",2.0L L4 - Gas,42761
PT9361622006,2022,Toyota,Corolla Cross,"LE, XLE",2.0L L4 - Gas,42762
PT9364716001,2022,Toyota,Prius Prime,"LE, Limited, XLE","1.8L L4 - Electric/Gas, 1.8L L4 - PLUG-IN HYBRID EV-GAS (PH",42947
PT9364716001,2016,Toyota,Prius,"Four, Four Touring, Three, Three Touring, Two, Two Eco","1.8L L4 - Electric/Gas, 1.8L L4 - FULL HYBRID EV-GAS (FHEV)",42958
PT9364716001,2022,Toyota,Prius,"L Eco, LE, Limited, XLE","1.8L L4 - Electric/Gas, 1.8L L4 - FULL HYBRID EV-GAS (FHEV)",42946
PT9364716001,2021,Toyota,Prius,"2020 Edition, L Eco, LE, Limited, XLE","1.8L L4 - Electric/Gas, 1.8L L4 - FULL HYBRID EV-GAS (FHEV)",42948
PT9364716001,2021,Toyota,Prius Prime,"LE, Limited, XLE","1.8L L4 - Electric/Gas, 1.8L L4 - PLUG-IN HYBRID EV-GAS (PH",42949
PT9364716001,2020,Toyota,Prius,"Base, L Eco, LE, Limited, XLE","1.8L L4 - Electric/Gas, 1.8L L4 - FULL HYBRID EV-GAS (FHEV)",42950
PT9364716001,2020,Toyota,Prius Prime,"LE, Limited, XLE","1.8L L4 - Electric/Gas, 1.8L L4 - PLUG-IN HYBRID EV-GAS (PH",42951
PT9364716001,2019,Toyota,Prius,"L Eco, LE, Limited, XLE","1.8L L4 - Electric/Gas, 1.8L L4 - FULL HYBRID EV-GAS (FHEV)",42952
PT9364716001,2019,Toyota,Prius Prime,"Advanced, Plus, Premium","1.8L L4 - Electric/Gas, 1.8L L4 - PLUG-IN HYBRID EV-GAS (PH",42953
PT9364716001,2018,Toyota,Prius,"Four, Four Touring, One, Three, Three Touring, Two, Two Eco","1.8L L4 - Electric/Gas, 1.8L L4 - FULL HYBRID EV-GAS (FHEV)",42954
PT9364716001,2018,Toyota,Prius Prime,"Advanced, Plus, Premium","1.8L L4 - Electric/Gas, 1.8L L4 - PLUG-IN HYBRID EV-GAS (PH",42955
PT9364716001,2017,Toyota,Prius,"Four, Four Touring, One, Three, Three Touring, Two, Two Eco","1.8L L4 - Electric/Gas, 1.8L L4 - FULL HYBRID EV-GAS (FHEV)",42956
PT9364716001,2017,Toyota,Prius Prime,"Advanced, Plus, Premium","1.8L L4 - Electric/Gas, 1.8L L4 - PLUG-IN HYBRID EV-GAS (PH",42957
PT9364716003,2019,Toyota,Prius Prime,"Advanced, Plus, Premium","1.8L L4 - Electric/Gas, 1.8L L4 - PLUG-IN HYBRID EV-GAS (PH",42968
PT9364716003,2018,Toyota,Prius,"Four, Four Touring, One, Three, Three Touring, Two, Two Eco","1.8L L4 - Electric/Gas, 1.8L L4 - FULL HYBRID EV-GAS (FHEV)",42969
PT9364716003,2018,Toyota,Prius Prime,"Advanced, Plus, Premium","1.8L L4 - Electric/Gas, 1.8L L4 - PLUG-IN HYBRID EV-GAS (PH",42970
PT9364716003,2017,Toyota,Prius,"Four, Four Touring, One, Three, Three Touring, Two, Two Eco","1.8L L4 - Electric/Gas, 1.8L L4 - FULL HYBRID EV-GAS (FHEV)",42971
PT9364716003,2017,Toyota,Prius Prime,"Advanced, Plus, Premium","1.8L L4 - Electric/Gas, 1.8L L4 - PLUG-IN HYBRID EV-GAS (PH",42972
PT9364716003,2016,Toyota,Prius,"Four, Four Touring, Three, Three Touring, Two, Two Eco","1.8L L4 - Electric/Gas, 1.8L L4 - FULL HYBRID EV-GAS (FHEV)",42973
PT9364820106,2024,Toyota,Highlander,"Hybrid Bronze Edition, Hybrid LE, Hybrid LE Nightshade, Hybrid Limited, Hybrid Platinum, Hybrid XLE, Hybrid XLE Nightshade, LE, Limited, Platinum, XLE, XSE","2.4L L4 - Gas, 2.5L L4 - Electric/Gas",43035
PT9360217002,2019,Toyota,Corolla,"L, LE, LE Eco, SE, XLE, XSE","1.8L L4 - Gas, 2.0L L4 - Gas",42628
PT9360217002,2018,Toyota,Corolla,"L, LE, LE Eco, SE, XLE, XSE",1.8L L4 - Gas,42629
PT9360217002,2017,Toyota,Corolla,"50th Anniversary Special Edition, L, LE, LE Eco, SE, XLE, XSE",1.8L L4 - Gas,42630
PT9364213011,2018,Toyota,RAV4,"Adventure, Hybrid Limited, Hybrid SE, Hybrid XLE, LE, Limited, Platinum, SE, XLE","2.5L L4 - Electric/Gas, 2.5L L4 - FULL HYBRID EV-GAS (FHEV), 2.5L L4 - Gas",42845
PT9364213011,2017,Toyota,RAV4,"Hybrid Limited, Hybrid SE, Hybrid XLE, LE, Limited, Platinum, SE, XLE","2.5L L4 - Electric/Gas, 2.5L L4 - FULL HYBRID EV-GAS (FHEV), 2.5L L4 - Gas",42846
PT9364213011,2016,Toyota,RAV4,"Hybrid Limited, Hybrid XLE, LE, Limited, SE, XLE","2.5L L4 - Electric/Gas, 2.5L L4 - FULL HYBRID EV-GAS (FHEV), 2.5L L4 - Gas",42847
PT9364213011,2015,Toyota,RAV4,"LE, Limited, XLE",2.5L L4 - Gas,42848
PT9364213011,2014,Toyota,RAV4,"EV, LE, Limited, XLE","2.5L L4 - Gas, Electric",42849
PT9364219006,2023,Toyota,RAV4,"Adventure, Hybrid LE, Hybrid Limited, Hybrid SE, Hybrid Woodland Edition, Hybrid XLE, Hybrid XLE Premium, Hybrid XSE, LE, Limited, TRD Off-Road, XLE, XLE Premium","2.5L L4 - Electric/Gas, 2.5L L4 - FULL HYBRID EV-GAS (FHEV), 2.5L L4 - Gas",42886
PT9364219006,2021,Toyota,RAV4,"Adventure, Hybrid LE, Hybrid Limited, Hybrid XLE, Hybrid XLE Premium, Hybrid XSE, LE, Limited, TRD Off-Road, XLE, XLE Premium","2.5L L4 - Electric/Gas, 2.5L L4 - FULL HYBRID EV-GAS (FHEV), 2.5L L4 - Gas",42887
PT9364219006,2020,Toyota,RAV4,"Adventure, Hybrid LE, Hybrid Limited, Hybrid XLE, Hybrid XSE, LE, Limited, TRD Off-Road, XLE, XLE Premium","2.5L L4 - Electric/Gas, 2.5L L4 - FULL HYBRID EV-GAS (FHEV), 2.5L L4 - Gas",42888
PT9364219006,2019,Toyota,RAV4,"Adventure, Hybrid LE, Hybrid Limited, Hybrid XLE, Hybrid XSE, LE, Limited, XLE, XLE Premium","2.5L L4 - Electric/Gas, 2.5L L4 - FULL HYBRID EV-GAS (FHEV), 2.5L L4 - Gas",42889
PT9364219106,2023,Toyota,RAV4,"Adventure, Hybrid LE, Hybrid Limited, Hybrid SE, Hybrid Woodland Edition, Hybrid XLE, Hybrid XLE Premium, Hybrid XSE, LE, Limited, TRD Off-Road, XLE, XLE Premium","2.5L L4 - Electric/Gas, 2.5L L4 - FULL HYBRID EV-GAS (FHEV), 2.5L L4 - Gas",42936
PT9364219106,2022,Toyota,RAV4,"Adventure, Hybrid LE, Hybrid Limited, Hybrid SE, Hybrid XLE, Hybrid XLE Premium, Hybrid XSE, LE, Limited, TRD Off-Road, XLE, XLE Premium","2.5L L4 - Electric/Gas, 2.5L L4 - FULL HYBRID EV-GAS (FHEV), 2.5L L4 - Gas",42937
PT9364716011,2020,Toyota,Prius,"Base, L Eco, LE, Limited, XLE","1.8L L4 - Electric/Gas, 1.8L L4 - FULL HYBRID EV-GAS (FHEV)",43000
PT9364716011,2022,Toyota,Prius,"L Eco, LE, Limited, XLE","1.8L L4 - Electric/Gas, 1.8L L4 - FULL HYBRID EV-GAS (FHEV)",42996
PT9364716011,2022,Toyota,Prius Prime,"LE, Limited, XLE","1.8L L4 - Electric/Gas, 1.8L L4 - PLUG-IN HYBRID EV-GAS (PH",42997
PT9364716011,2021,Toyota,Prius,"2020 Edition, L Eco, LE, Limited, XLE","1.8L L4 - Electric/Gas, 1.8L L4 - FULL HYBRID EV-GAS (FHEV)",42998
PT9364716011,2021,Toyota,Prius Prime,"LE, Limited, XLE","1.8L L4 - Electric/Gas, 1.8L L4 - PLUG-IN HYBRID EV-GAS (PH",42999
PT9364716011,2020,Toyota,Prius Prime,"LE, Limited, XLE","1.8L L4 - Electric/Gas, 1.8L L4 - PLUG-IN HYBRID EV-GAS (PH",43001
PT9364716011,2019,Toyota,Prius,"L Eco, LE, Limited, XLE","1.8L L4 - Electric/Gas, 1.8L L4 - FULL HYBRID EV-GAS (FHEV)",43002
PT9364716011,2019,Toyota,Prius Prime,"Advanced, Plus, Premium","1.8L L4 - Electric/Gas, 1.8L L4 - PLUG-IN HYBRID EV-GAS (PH",43003
PT9364716011,2018,Toyota,Prius,"Four, Four Touring, One, Three, Three Touring, Two, Two Eco","1.8L L4 - Electric/Gas, 1.8L L4 - FULL HYBRID EV-GAS (FHEV)",43004
PT9364716011,2018,Toyota,Prius Prime,"Advanced, Plus, Premium","1.8L L4 - Electric/Gas, 1.8L L4 - PLUG-IN HYBRID EV-GAS (PH",43005
PT9364716011,2017,Toyota,Prius,"Four, Four Touring, One, Three, Three Touring, Two, Two Eco","1.8L L4 - Electric/Gas, 1.8L L4 - FULL HYBRID EV-GAS (FHEV)",43006
PT9364716011,2017,Toyota,Prius Prime,"Advanced, Plus, Premium","1.8L L4 - Electric/Gas, 1.8L L4 - PLUG-IN HYBRID EV-GAS (PH",43007
PT9364716011,2016,Toyota,Prius,"Four, Four Touring, Three, Three Touring, Two, Two Eco","1.8L L4 - Electric/Gas, 1.8L L4 - FULL HYBRID EV-GAS (FHEV)",43008
PT9364820101,2024,Toyota,Highlander,"Hybrid Bronze Edition, Hybrid LE, Hybrid LE Nightshade, Hybrid Limited, Hybrid Platinum, Hybrid XLE, Hybrid XLE Nightshade, LE, Limited, Platinum, XLE, XSE","2.4L L4 - Gas, 2.5L L4 - Electric/Gas",39830
PT9364820101,2023,Toyota,Highlander,"Hybrid Bronze Edition, Hybrid LE, Hybrid Limited, Hybrid Platinum, Hybrid XLE, L, LE, Limited, Platinum, XLE, XSE","2.4L L4 - Gas, 2.5L L4 - Electric/Gas, 2.5L L4 - FULL HYBRID EV-GAS (FHEV)",43021
PT9364820101,2022,Toyota,Highlander,"Hybrid Bronze Edition, Hybrid LE, Hybrid Limited, Hybrid Platinum, Hybrid XLE, L, LE, Limited, Platinum, XLE, XSE","2.5L L4 - Electric/Gas, 2.5L L4 - FULL HYBRID EV-GAS (FHEV), 3.5L V6 - Gas",43022
PT9364820101,2021,Toyota,Highlander,"Hybrid LE, Hybrid Limited, Hybrid Platinum, Hybrid XLE, L, LE, Limited, Platinum, XLE, XSE","2.5L L4 - Electric/Gas, 2.5L L4 - FULL HYBRID EV-GAS (FHEV), 3.5L V6 - Gas",43023
PT9364820101,2020,Toyota,Highlander,"Hybrid LE, Hybrid Limited, Hybrid Platinum, Hybrid XLE, L, LE, Limited, Platinum, XLE","2.5L L4 - Electric/Gas, 2.5L L4 - FULL HYBRID EV-GAS (FHEV), 3.5L V6 - Gas",43024
PT9364820102,2024,Toyota,Highlander,"Hybrid Bronze Edition, Hybrid LE, Hybrid LE Nightshade, Hybrid Limited, Hybrid Platinum, Hybrid XLE, Hybrid XLE Nightshade, LE, Limited, Platinum, XLE, XSE","2.4L L4 - Gas, 2.5L L4 - Electric/Gas",43025
PT9364820102,2023,Toyota,Highlander,"Hybrid Bronze Edition, Hybrid LE, Hybrid Limited, Hybrid Platinum, Hybrid XLE, L, LE, Limited, Platinum, XLE, XSE","2.4L L4 - Gas, 2.5L L4 - Electric/Gas, 2.5L L4 - FULL HYBRID EV-GAS (FHEV)",43026
PT9364820102,2022,Toyota,Highlander,"Hybrid Bronze Edition, Hybrid LE, Hybrid Limited, Hybrid Platinum, Hybrid XLE, L, LE, Limited, Platinum, XLE, XSE","2.5L L4 - Electric/Gas, 2.5L L4 - FULL HYBRID EV-GAS (FHEV), 3.5L V6 - Gas",43027
PT9364820102,2021,Toyota,Highlander,"Hybrid LE, Hybrid Limited, Hybrid Platinum, Hybrid XLE, L, LE, Limited, Platinum, XLE, XSE","2.5L L4 - Electric/Gas, 2.5L L4 - FULL HYBRID EV-GAS (FHEV), 3.5L V6 - Gas",43028
PT9364820102,2020,Toyota,Highlander,"Hybrid LE, Hybrid Limited, Hybrid Platinum, Hybrid XLE, L, LE, Limited, Platinum, XLE","2.5L L4 - Electric/Gas, 2.5L L4 - FULL HYBRID EV-GAS (FHEV), 3.5L V6 - Gas",43029
PT9364820121,2020,Toyota,Highlander,"Hybrid LE, Hybrid Limited, Hybrid Platinum, Hybrid XLE, L, LE, Limited, Platinum, XLE","2.5L L4 - Electric/Gas, 2.5L L4 - FULL HYBRID EV-GAS (FHEV), 3.5L V6 - Gas",43054
PT9364820121,2024,Toyota,Highlander,"Hybrid Bronze Edition, Hybrid LE, Hybrid LE Nightshade, Hybrid Limited, Hybrid Platinum, Hybrid XLE, Hybrid XLE Nightshade, LE, Limited, Platinum, XLE, XSE","2.4L L4 - Gas, 2.5L L4 - Electric/Gas",40715
PT9364820121,2023,Toyota,Highlander,"Hybrid Bronze Edition, Hybrid LE, Hybrid Limited, Hybrid Platinum, Hybrid XLE, L, LE, Limited, Platinum, XLE, XSE","2.4L L4 - Gas, 2.5L L4 - Electric/Gas, 2.5L L4 - FULL HYBRID EV-GAS (FHEV)",43051
PT9364820121,2022,Toyota,Highlander,"Hybrid Bronze Edition, Hybrid LE, Hybrid Limited, Hybrid Platinum, Hybrid XLE, L, LE, Limited, Platinum, XLE, XSE","2.5L L4 - Electric/Gas, 2.5L L4 - FULL HYBRID EV-GAS (FHEV), 3.5L V6 - Gas",43052
PT9364820121,2021,Toyota,Highlander,"Hybrid LE, Hybrid Limited, Hybrid Platinum, Hybrid XLE, L, LE, Limited, Platinum, XLE, XSE","2.5L L4 - Electric/Gas, 2.5L L4 - FULL HYBRID EV-GAS (FHEV), 3.5L V6 - Gas",43053
PT9360811009,2021,Toyota,Sienna,"LE, Limited, Platinum, XLE, XSE","2.5L L4 - Electric/Gas, 2.5L L4 - FULL HYBRID EV-GAS (FHEV)",42711
PT9360811009,2020,Toyota,Sienna,"L, LE, Limited, Limited Premium, SE, SE Premium, XLE, XLE Premium",3.5L V6 - Gas,42667
PT9360811009,2019,Toyota,Sienna,"L, LE, Limited, Limited Premium, SE, SE Premium, XLE, XLE Premium",3.5L V6 - Gas,33780
PT9360811009,2018,Toyota,Sienna,"L, LE, Limited, Limited Premium, SE, SE Premium, XLE, XLE Premium",3.5L V6 - Gas,42718
PT9360811011,2021,Toyota,Sienna,"LE, Limited, Platinum, XLE, XSE","2.5L L4 - Electric/Gas, 2.5L L4 - FULL HYBRID EV-GAS (FHEV)",33731
PT9360811011,2020,Toyota,Sienna,"L, LE, Limited, Limited Premium, SE, SE Premium, XLE, XLE Premium",3.5L V6 - Gas,42730
PT9360811011,2019,Toyota,Sienna,"L, LE, Limited, Limited Premium, SE, SE Premium, XLE, XLE Premium",3.5L V6 - Gas,42731
PT9360811011,2018,Toyota,Sienna,"L, LE, Limited, Limited Premium, SE, SE Premium, XLE, XLE Premium",3.5L V6 - Gas,42732
PT9360811011,2017,Toyota,Sienna,"L, LE, Limited, SE, XLE",3.5L V6 - Gas,42733
PT9360811011,2016,Toyota,Sienna,"L, LE, Limited, SE, XLE",3.5L V6 - Gas,42734
PT9360811011,2015,Toyota,Sienna,"L, LE, Limited, SE, XLE",3.5L V6 - Gas,42735
PT9360811011,2014,Toyota,Sienna,"L, LE, Limited, SE, XLE",3.5L V6 - Gas,42736
PT9360811011,2013,Toyota,Sienna,"Base, L, LE, Limited, SE, XLE",3.5L V6 - Gas,42737
PT9360811011,2012,Toyota,Sienna,"Base, LE, Limited, SE, XLE","2.7L L4 - Gas, 3.5L V6 - Gas",42738
PT9360811011,2011,Toyota,Sienna,"Base, LE, Limited, SE, XLE","2.7L L4 - Gas, 3.5L V6 - Gas",42739
PT9363422114,2024,Toyota,Tundra,"Limited, SR5","3.4L V6 - Electric/Gas, 3.4L V6 - Gas",42787
PT9364219003,2021,Toyota,RAV4,"Adventure, Hybrid LE, Hybrid Limited, Hybrid XLE, Hybrid XLE Premium, Hybrid XSE, LE, Limited, TRD Off-Road, XLE, XLE Premium","2.5L L4 - Electric/Gas, 2.5L L4 - FULL HYBRID EV-GAS (FHEV), 2.5L L4 - Gas",42883
PT9364219003,2020,Toyota,RAV4,"Adventure, Hybrid LE, Hybrid Limited, Hybrid XLE, Hybrid XSE, LE, Limited, TRD Off-Road, XLE, XLE Premium","2.5L L4 - Electric/Gas, 2.5L L4 - FULL HYBRID EV-GAS (FHEV), 2.5L L4 - Gas",42884
PT9364219003,2019,Toyota,RAV4,"Adventure, Hybrid LE, Hybrid Limited, Hybrid XLE, Hybrid XSE, LE, Limited, XLE, XLE Premium","2.5L L4 - Electric/Gas, 2.5L L4 - FULL HYBRID EV-GAS (FHEV), 2.5L L4 - Gas",42885
PT9364219003,2024,Toyota,RAV4,"Adventure, Hybrid LE, Hybrid Limited, Hybrid SE, Hybrid Woodland Edition, Hybrid XLE, Hybrid XLE Premium, Hybrid XSE, LE, Limited, TRD Off-Road, XLE, XLE Premium","2.5L L4 - Electric/Gas, 2.5L L4 - Gas",42881
PT9364219003,2023,Toyota,RAV4,"Adventure, Hybrid LE, Hybrid Limited, Hybrid SE, Hybrid Woodland Edition, Hybrid XLE, Hybrid XLE Premium, Hybrid XSE, LE, Limited, TRD Off-Road, XLE, XLE Premium","2.5L L4 - Electric/Gas, 2.5L L4 - FULL HYBRID EV-GAS (FHEV), 2.5L L4 - Gas",39599
PT9364219003,2022,Toyota,RAV4,"Adventure, Hybrid LE, Hybrid Limited, Hybrid SE, Hybrid XLE, Hybrid XLE Premium, Hybrid XSE, LE, Limited, TRD Off-Road, XLE, XLE Premium","2.5L L4 - Electric/Gas, 2.5L L4 - FULL HYBRID EV-GAS (FHEV), 2.5L L4 - Gas",42882
PT9364219103,2023,Toyota,RAV4,"Adventure, Hybrid LE, Hybrid Limited, Hybrid SE, Hybrid Woodland Edition, Hybrid XLE, Hybrid XLE Premium, Hybrid XSE, LE, Limited, TRD Off-Road, XLE, XLE Premium","2.5L L4 - Electric/Gas, 2.5L L4 - FULL HYBRID EV-GAS (FHEV), 2.5L L4 - Gas",39749
PT9364219103,2022,Toyota,RAV4,"Adventure, Hybrid LE, Hybrid Limited, Hybrid SE, Hybrid XLE, Hybrid XLE Premium, Hybrid XSE, LE, Limited, TRD Off-Road, XLE, XLE Premium","2.5L L4 - Electric/Gas, 2.5L L4 - FULL HYBRID EV-GAS (FHEV), 2.5L L4 - Gas",42932
PT9364219103,2021,Toyota,RAV4,"Adventure, Hybrid LE, Hybrid Limited, Hybrid XLE, Hybrid XLE Premium, Hybrid XSE, LE, Limited, TRD Off-Road, XLE, XLE Premium","2.5L L4 - Electric/Gas, 2.5L L4 - FULL HYBRID EV-GAS (FHEV), 2.5L L4 - Gas",42933
PT9364219103,2020,Toyota,RAV4,"Adventure, Hybrid LE, Hybrid Limited, Hybrid XLE, Hybrid XSE, LE, Limited, TRD Off-Road, XLE, XLE Premium","2.5L L4 - Electric/Gas, 2.5L L4 - FULL HYBRID EV-GAS (FHEV), 2.5L L4 - Gas",42934
PT9364219103,2019,Toyota,RAV4,"Adventure, Hybrid LE, Hybrid Limited, Hybrid XLE, Hybrid XSE, LE, Limited, XLE, XLE Premium","2.5L L4 - Electric/Gas, 2.5L L4 - FULL HYBRID EV-GAS (FHEV), 2.5L L4 - Gas",42935
PT9364219103,2024,Toyota,RAV4,"Adventure, Hybrid LE, Hybrid Limited, Hybrid SE, Hybrid Woodland Edition, Hybrid XLE, Hybrid XLE Premium, Hybrid XSE, LE, Limited, TRD Off-Road, XLE, XLE Premium","2.5L L4 - Electric/Gas, 2.5L L4 - Gas",42931
PT9364820103,2020,Toyota,Highlander,"Hybrid LE, Hybrid Limited, Hybrid Platinum, Hybrid XLE, L, LE, Limited, Platinum, XLE","2.5L L4 - Electric/Gas, 2.5L L4 - FULL HYBRID EV-GAS (FHEV), 3.5L V6 - Gas",43034
PT9364820103,2024,Toyota,Highlander,"Hybrid Bronze Edition, Hybrid LE, Hybrid LE Nightshade, Hybrid Limited, Hybrid Platinum, Hybrid XLE, Hybrid XLE Nightshade, LE, Limited, Platinum, XLE, XSE","2.4L L4 - Gas, 2.5L L4 - Electric/Gas",43030
PT9364820103,2023,Toyota,Highlander,"Hybrid Bronze Edition, Hybrid LE, Hybrid Limited, Hybrid Platinum, Hybrid XLE, L, LE, Limited, Platinum, XLE, XSE","2.4L L4 - Gas, 2.5L L4 - Electric/Gas, 2.5L L4 - FULL HYBRID EV-GAS (FHEV)",43031
PT9364820103,2022,Toyota,Highlander,"Hybrid Bronze Edition, Hybrid LE, Hybrid Limited, Hybrid Platinum, Hybrid XLE, L, LE, Limited, Platinum, XLE, XSE","2.5L L4 - Electric/Gas, 2.5L L4 - FULL HYBRID EV-GAS (FHEV), 3.5L V6 - Gas",43032
PT9364820103,2021,Toyota,Highlander,"Hybrid LE, Hybrid Limited, Hybrid Platinum, Hybrid XLE, L, LE, Limited, Platinum, XLE, XSE","2.5L L4 - Electric/Gas, 2.5L L4 - FULL HYBRID EV-GAS (FHEV), 3.5L V6 - Gas",43033
PT9360214011,2019,Toyota,Corolla,"L, LE, LE Eco, SE, XLE, XSE","1.8L L4 - Gas, 2.0L L4 - Gas",42527
PT9360214011,2018,Toyota,Corolla,"L, LE, LE Eco, SE, XLE, XSE",1.8L L4 - Gas,26806
PT9360214011,2017,Toyota,Corolla,"50th Anniversary Special Edition, L, LE, LE Eco, SE, XLE, XSE",1.8L L4 - Gas,42622
PT9360214011,2016,Toyota,Corolla,"L, LE, LE Eco, S, Special Edition",1.8L L4 - Gas,42623
PT9360214011,2015,Toyota,Corolla,"L, LE, LE Eco, S",1.8L L4 - Gas,42624
PT9360214011,2014,Toyota,Corolla,"L, LE, LE Eco, Le Eco Plus, S",1.8L L4 - Gas,42625
PT9360811003,2021,Toyota,Sienna,"LE, Limited, Platinum, XLE, XSE","2.5L L4 - Electric/Gas, 2.5L L4 - FULL HYBRID EV-GAS (FHEV)",42692
PT9360811003,2020,Toyota,Sienna,"L, LE, Limited, Limited Premium, SE, SE Premium, XLE, XLE Premium",3.5L V6 - Gas,42693
PT9360811003,2019,Toyota,Sienna,"L, LE, Limited, Limited Premium, SE, SE Premium, XLE, XLE Premium",3.5L V6 - Gas,42694
PT9360811003,2018,Toyota,Sienna,"L, LE, Limited, Limited Premium, SE, SE Premium, XLE, XLE Premium",3.5L V6 - Gas,42695
PT9360811003,2017,Toyota,Sienna,"L, LE, Limited, SE, XLE",3.5L V6 - Gas,42696
PT9360811003,2016,Toyota,Sienna,"L, LE, Limited, SE, XLE",3.5L V6 - Gas,42697
PT9360811003,2015,Toyota,Sienna,"L, LE, Limited, SE, XLE",3.5L V6 - Gas,42698
PT9360811003,2014,Toyota,Sienna,"L, LE, Limited, SE, XLE",3.5L V6 - Gas,42699
PT9360811003,2013,Toyota,Sienna,"Base, L, LE, Limited, SE, XLE",3.5L V6 - Gas,42700
PT9360811003,2012,Toyota,Sienna,"Base, LE, Limited, SE, XLE","2.7L L4 - Gas, 3.5L V6 - Gas",42701
PT9360811003,2011,Toyota,Sienna,"Base, LE, Limited, SE, XLE","2.7L L4 - Gas, 3.5L V6 - Gas",42702
PT9364213024,2018,Toyota,RAV4,"Adventure, Hybrid Limited, Hybrid SE, Hybrid XLE, LE, Limited, Platinum, SE, XLE","2.5L L4 - Electric/Gas, 2.5L L4 - FULL HYBRID EV-GAS (FHEV), 2.5L L4 - Gas",42857
PT9364213024,2017,Toyota,RAV4,"Hybrid Limited, Hybrid SE, Hybrid XLE, LE, Limited, Platinum, SE, XLE","2.5L L4 - Electric/Gas, 2.5L L4 - FULL HYBRID EV-GAS (FHEV), 2.5L L4 - Gas",42858
PT9364716007,2021,Toyota,Prius,"2020 Edition, L Eco, LE, Limited, XLE","1.8L L4 - Electric/Gas, 1.8L L4 - FULL HYBRID EV-GAS (FHEV)",42975
PT9364716007,2020,Toyota,Prius,"Base, L Eco, LE, Limited, XLE","1.8L L4 - Electric/Gas, 1.8L L4 - FULL HYBRID EV-GAS (FHEV)",42976
PT9364716007,2019,Toyota,Prius,"L Eco, LE, Limited, XLE","1.8L L4 - Electric/Gas, 1.8L L4 - FULL HYBRID EV-GAS (FHEV)",42977
PT9364716007,2018,Toyota,Prius,"Four, Four Touring, One, Three, Three Touring, Two, Two Eco","1.8L L4 - Electric/Gas, 1.8L L4 - FULL HYBRID EV-GAS (FHEV)",42978
PT9364716007,2017,Toyota,Prius,"Four, Four Touring, One, Three, Three Touring, Two, Two Eco","1.8L L4 - Electric/Gas, 1.8L L4 - FULL HYBRID EV-GAS (FHEV)",42979
PT9364716007,2016,Toyota,Prius,"Four, Four Touring, Three, Three Touring, Two, Two Eco","1.8L L4 - Electric/Gas, 1.8L L4 - FULL HYBRID EV-GAS (FHEV)",42980
PT9364716007,2022,Toyota,Prius,"L Eco, LE, Limited, XLE","1.8L L4 - Electric/Gas, 1.8L L4 - FULL HYBRID EV-GAS (FHEV)",42974
PT9360811005,2021,Toyota,Sienna,"LE, Limited, Platinum, XLE, XSE","2.5L L4 - Electric/Gas, 2.5L L4 - FULL HYBRID EV-GAS (FHEV)",42703
PT9360811005,2020,Toyota,Sienna,"L, LE, Limited, Limited Premium, SE, SE Premium, XLE, XLE Premium",3.5L V6 - Gas,42704
PT9360811005,2019,Toyota,Sienna,"L, LE, Limited, Limited Premium, SE, SE Premium, XLE, XLE Premium",3.5L V6 - Gas,42705
PT9360811005,2018,Toyota,Sienna,"L, LE, Limited, Limited Premium, SE, SE Premium, XLE, XLE Premium",3.5L V6 - Gas,42706
PT9360811010,2015,Toyota,Sienna,"L, LE, Limited, SE, XLE",3.5L V6 - Gas,42725
PT9360811010,2014,Toyota,Sienna,"L, LE, Limited, SE, XLE",3.5L V6 - Gas,42726
PT9360811010,2013,Toyota,Sienna,"Base, L, LE, Limited, SE, XLE",3.5L V6 - Gas,42727
PT9360811010,2012,Toyota,Sienna,"Base, LE, Limited, SE, XLE","2.7L L4 - Gas, 3.5L V6 - Gas",42728
PT9360811010,2011,Toyota,Sienna,"Base, LE, Limited, SE, XLE","2.7L L4 - Gas, 3.5L V6 - Gas",42729
PT9360811010,2021,Toyota,Sienna,"LE, Limited, Platinum, XLE, XSE","2.5L L4 - Electric/Gas, 2.5L L4 - FULL HYBRID EV-GAS (FHEV)",42719
PT9360811010,2020,Toyota,Sienna,"L, LE, Limited, Limited Premium, SE, SE Premium, XLE, XLE Premium",3.5L V6 - Gas,42720
PT9360811010,2019,Toyota,Sienna,"L, LE, Limited, Limited Premium, SE, SE Premium, XLE, XLE Premium",3.5L V6 - Gas,42721
PT9360811010,2018,Toyota,Sienna,"L, LE, Limited, Limited Premium, SE, SE Premium, XLE, XLE Premium",3.5L V6 - Gas,42722
PT9360811010,2017,Toyota,Sienna,"L, LE, Limited, SE, XLE",3.5L V6 - Gas,42723
PT9360811010,2016,Toyota,Sienna,"L, LE, Limited, SE, XLE",3.5L V6 - Gas,42724
PT9361622003,null,null,null,null,null,33865
PT9361622003,null,null,null,null,null,42715
PT9364219000,2020,Toyota,RAV4,"Adventure, Hybrid LE, Hybrid Limited, Hybrid XLE, Hybrid XSE, LE, Limited, TRD Off-Road, XLE, XLE Premium","2.5L L4 - Electric/Gas, 2.5L L4 - FULL HYBRID EV-GAS (FHEV), 2.5L L4 - Gas",42867
PT9364219000,2019,Toyota,RAV4,"Adventure, Hybrid LE, Hybrid Limited, Hybrid XLE, Hybrid XSE, LE, Limited, XLE, XLE Premium","2.5L L4 - Electric/Gas, 2.5L L4 - FULL HYBRID EV-GAS (FHEV), 2.5L L4 - Gas",42868
PT9364219000,2024,Toyota,RAV4,"Adventure, Hybrid LE, Hybrid Limited, Hybrid SE, Hybrid Woodland Edition, Hybrid XLE, Hybrid XLE Premium, Hybrid XSE, LE, Limited, TRD Off-Road, XLE, XLE Premium","2.5L L4 - Electric/Gas, 2.5L L4 - Gas",42861
PT9364219000,2024,Toyota,RAV4 Prime,"SE, XSE",2.5L L4 - Electric/Gas,42862
PT9364219000,2023,Toyota,RAV4,"Adventure, Hybrid LE, Hybrid Limited, Hybrid SE, Hybrid Woodland Edition, Hybrid XLE, Hybrid XLE Premium, Hybrid XSE, LE, Limited, TRD Off-Road, XLE, XLE Premium","2.5L L4 - Electric/Gas, 2.5L L4 - FULL HYBRID EV-GAS (FHEV), 2.5L L4 - Gas",42863
PT9364219000,2023,Toyota,RAV4 Prime,"SE, XSE","2.5L L4 - Electric/Gas, 2.5L L4 - PLUG-IN HYBRID EV-GAS (PH",42864
PT9364219000,2022,Toyota,RAV4 Prime,"SE, XSE","2.5L L4 - Electric/Gas, 2.5L L4 - PLUG-IN HYBRID EV-GAS (PH",42865
PT9364219000,2021,Toyota,RAV4,"Adventure, Hybrid LE, Hybrid Limited, Hybrid XLE, Hybrid XLE Premium, Hybrid XSE, LE, Limited, TRD Off-Road, XLE, XLE Premium","2.5L L4 - Electric/Gas, 2.5L L4 - FULL HYBRID EV-GAS (FHEV), 2.5L L4 - Gas",42866
PT9364219100,2022,Toyota,RAV4,"Adventure, Hybrid LE, Hybrid Limited, Hybrid SE, Hybrid XLE, Hybrid XLE Premium, Hybrid XSE, LE, Limited, TRD Off-Road, XLE, XLE Premium","2.5L L4 - Electric/Gas, 2.5L L4 - FULL HYBRID EV-GAS (FHEV), 2.5L L4 - Gas",42922
PT9364219100,2021,Toyota,RAV4,"Adventure, Hybrid LE, Hybrid Limited, Hybrid XLE, Hybrid XLE Premium, Hybrid XSE, LE, Limited, TRD Off-Road, XLE, XLE Premium","2.5L L4 - Electric/Gas, 2.5L L4 - FULL HYBRID EV-GAS (FHEV), 2.5L L4 - Gas",42923
PT9364219100,2020,Toyota,RAV4,"Adventure, Hybrid LE, Hybrid Limited, Hybrid XLE, Hybrid XSE, LE, Limited, TRD Off-Road, XLE, XLE Premium","2.5L L4 - Electric/Gas, 2.5L L4 - FULL HYBRID EV-GAS (FHEV), 2.5L L4 - Gas",42924
PT9364219100,2024,Toyota,RAV4,"Adventure, Hybrid LE, Hybrid Limited, Hybrid SE, Hybrid Woodland Edition, Hybrid XLE, Hybrid XLE Premium, Hybrid XSE, LE, Limited, TRD Off-Road, XLE, XLE Premium","2.5L L4 - Electric/Gas, 2.5L L4 - Gas",42920
PT9364219100,2023,Toyota,RAV4,"Adventure, Hybrid LE, Hybrid Limited, Hybrid SE, Hybrid Woodland Edition, Hybrid XLE, Hybrid XLE Premium, Hybrid XSE, LE, Limited, TRD Off-Road, XLE, XLE Premium","2.5L L4 - Electric/Gas, 2.5L L4 - FULL HYBRID EV-GAS (FHEV), 2.5L L4 - Gas",42921
PT9361622010,2024,Toyota,Corolla Cross,"Hybrid LE, Hybrid S, Hybrid SE, Hybrid XLE, Hybrid XSE, L, LE, XLE","2.0L L4 - Electric/Gas, 2.0L L4 - Gas",33868
PT9361622010,2023,Toyota,Corolla Cross,"Hybrid S, Hybrid SE, Hybrid XSE, L, LE, XLE","2.0L L4 - Electric/Gas, 2.0L L4 - Gas",42763
PT9361622010,2022,Toyota,Corolla Cross,"L, LE, XLE",2.0L L4 - Gas,42764
PT9361622011,2024,Toyota,Corolla Cross,"Hybrid LE, Hybrid S, Hybrid SE, Hybrid XLE, Hybrid XSE, L, LE, XLE","2.0L L4 - Electric/Gas, 2.0L L4 - Gas",42765
PT9361622011,2023,Toyota,Corolla Cross,"Hybrid S, Hybrid SE, Hybrid XSE, L, LE, XLE","2.0L L4 - Electric/Gas, 2.0L L4 - Gas",42766
PT9361622011,2022,Toyota,Corolla Cross,"L, LE, XLE",2.0L L4 - Gas,42767
PT9361622020,2023,Toyota,Corolla Cross,"Hybrid S, Hybrid SE, Hybrid XSE, L, LE, XLE","2.0L L4 - Electric/Gas, 2.0L L4 - Gas",42769
PT9361622020,2022,Toyota,Corolla Cross,"L, LE, XLE",2.0L L4 - Gas,42770
PT9361622020,2024,Toyota,Corolla Cross,"Hybrid LE, Hybrid S, Hybrid SE, Hybrid XLE, Hybrid XSE, L, LE, XLE","2.0L L4 - Electric/Gas, 2.0L L4 - Gas",42768
PT9361622021,2024,Toyota,Corolla Cross,"Hybrid LE, Hybrid S, Hybrid SE, Hybrid XLE, Hybrid XSE, L, LE, XLE","2.0L L4 - Electric/Gas, 2.0L L4 - Gas",42771
PT9361622021,2023,Toyota,Corolla Cross,"Hybrid S, Hybrid SE, Hybrid XSE, L, LE, XLE","2.0L L4 - Electric/Gas, 2.0L L4 - Gas",42772
PT9361622021,2022,Toyota,Corolla Cross,"L, LE, XLE",2.0L L4 - Gas,42773
PT9363524101,2024,Toyota,Tacoma,"Limited, SR, SR5, TRD Off-Road, TRD PreRunner, TRD Pro, TRD Sport, Trailhunter","2.4L L4 - Electric/Gas, 2.4L L4 - Gas",42829
PT9363524102,2024,Toyota,Tacoma,"Limited, SR, SR5, TRD Off-Road, TRD PreRunner, TRD Sport","2.4L L4 - Electric/Gas, 2.4L L4 - Gas",42831
PT9363524103,2024,Toyota,Tacoma,"Limited, SR, SR5, TRD Off-Road, TRD PreRunner, TRD Pro, TRD Sport, Trailhunter","2.4L L4 - Electric/Gas, 2.4L L4 - Gas",42832
PT9363524110,2024,Toyota,Tacoma,"Limited, SR, SR5, TRD Off-Road, TRD PreRunner, TRD Sport","2.4L L4 - Electric/Gas, 2.4L L4 - Gas",42834
PT9363524111,2024,Toyota,Tacoma,"Limited, SR, SR5, TRD Off-Road, TRD PreRunner, TRD Pro, TRD Sport, Trailhunter","2.4L L4 - Electric/Gas, 2.4L L4 - Gas",42835
PT9364723008,2024,Toyota,Prius,"LE, Limited, XLE",2.0L L4 - Electric/Gas,43017
PT9364723008,2024,Toyota,Prius Prime,"SE, XSE, XSE Premium",2.0L L4 - Electric/Gas,43018
PT9364820110,2022,Toyota,Highlander,"Hybrid Bronze Edition, Hybrid LE, Hybrid Limited, Hybrid Platinum, Hybrid XLE, L, LE, Limited, Platinum, XLE, XSE","2.5L L4 - Electric/Gas, 2.5L L4 - FULL HYBRID EV-GAS (FHEV), 3.5L V6 - Gas",43046
PT9364820110,2024,Toyota,Highlander,"Hybrid Bronze Edition, Hybrid LE, Hybrid LE Nightshade, Hybrid Limited, Hybrid Platinum, Hybrid XLE, Hybrid XLE Nightshade, LE, Limited, Platinum, XLE, XSE","2.4L L4 - Gas, 2.5L L4 - Electric/Gas",43044
PT9364820110,2023,Toyota,Highlander,"Hybrid Bronze Edition, Hybrid LE, Hybrid Limited, Hybrid Platinum, Hybrid XLE, L, LE, Limited, Platinum, XLE, XSE","2.4L L4 - Gas, 2.5L L4 - Electric/Gas, 2.5L L4 - FULL HYBRID EV-GAS (FHEV)",43045
PT9384213012,2018,Toyota,RAV4,"Adventure, Hybrid Limited, Hybrid SE, Hybrid XLE, LE, Limited, Platinum, SE, XLE","2.5L L4 - Electric/Gas, 2.5L L4 - FULL HYBRID EV-GAS (FHEV), 2.5L L4 - Gas",43109
PT9384213012,2017,Toyota,RAV4,"Hybrid Limited, Hybrid SE, Hybrid XLE, LE, Limited, Platinum, SE, XLE","2.5L L4 - Electric/Gas, 2.5L L4 - FULL HYBRID EV-GAS (FHEV), 2.5L L4 - Gas",43110
PT9384213013,2018,Toyota,RAV4,"Adventure, Hybrid Limited, Hybrid SE, Hybrid XLE, LE, Limited, Platinum, SE, XLE","2.5L L4 - Electric/Gas, 2.5L L4 - FULL HYBRID EV-GAS (FHEV), 2.5L L4 - Gas",43111
PT9384213021,2018,Toyota,RAV4,"Adventure, Hybrid Limited, Hybrid SE, Hybrid XLE, LE, Limited, Platinum, SE, XLE","2.5L L4 - Electric/Gas, 2.5L L4 - FULL HYBRID EV-GAS (FHEV), 2.5L L4 - Gas",43112
PT9384213021,2017,Toyota,RAV4,"Hybrid Limited, Hybrid SE, Hybrid XLE, LE, Limited, Platinum, SE, XLE","2.5L L4 - Electric/Gas, 2.5L L4 - FULL HYBRID EV-GAS (FHEV), 2.5L L4 - Gas",43113
PT9080C23020,2024,Toyota,Sequoia,"Capstone, Limited, Platinum, SR5, TRD Pro",3.4L V6 - Electric/Gas,39479
PT41347230,2024,Toyota,Prius,"LE, Limited, XLE",2.0L L4 - Electric/Gas,40825
PT74742130,2018,Toyota,RAV4,"Adventure, Hybrid Limited, Hybrid SE, Hybrid XLE, LE, Limited, Platinum, SE, XLE","2.5L L4 - Electric/Gas, 2.5L L4 - FULL HYBRID EV-GAS (FHEV), 2.5L L4 - Gas",42144
PT74742130,2017,Toyota,RAV4,"Hybrid Limited, Hybrid SE, Hybrid XLE, LE, Limited, Platinum, SE, XLE","2.5L L4 - Electric/Gas, 2.5L L4 - FULL HYBRID EV-GAS (FHEV), 2.5L L4 - Gas",42145
PT74742130,2016,Toyota,RAV4,"Hybrid Limited, Hybrid XLE, LE, Limited, SE, XLE","2.5L L4 - Electric/Gas, 2.5L L4 - FULL HYBRID EV-GAS (FHEV), 2.5L L4 - Gas",42146
PT74742130,2015,Toyota,RAV4,"LE, Limited, XLE",2.5L L4 - Gas,42147
PT74742130,2014,Toyota,RAV4,"EV, LE, Limited, XLE","2.5L L4 - Gas, Electric",42148
PU06042141P1,2018,Toyota,RAV4,"Adventure, Hybrid Limited, Hybrid SE, Hybrid XLE, LE, Limited, Platinum, SE, XLE","2.5L L4 - Electric/Gas, 2.5L L4 - FULL HYBRID EV-GAS (FHEV), 2.5L L4 - Gas",43871
PU06042141P1,2017,Toyota,RAV4,"Hybrid Limited, Hybrid SE, Hybrid XLE, LE, Limited, Platinum, SE, XLE","2.5L L4 - Electric/Gas, 2.5L L4 - FULL HYBRID EV-GAS (FHEV), 2.5L L4 - Gas",43872
PU06042141P1,2016,Toyota,RAV4,"Hybrid Limited, Hybrid XLE, LE, Limited, SE, XLE","2.5L L4 - Electric/Gas, 2.5L L4 - FULL HYBRID EV-GAS (FHEV), 2.5L L4 - Gas",43873
PU06042141P1,2015,Toyota,RAV4,"LE, Limited, XLE",2.5L L4 - Gas,43874
PK38242K01,2023,Toyota,RAV4 Prime,"SE, XSE","2.5L L4 - Electric/Gas, 2.5L L4 - PLUG-IN HYBRID EV-GAS (PH",40156
PK38242K01,2022,Toyota,RAV4,"Adventure, Hybrid LE, Hybrid Limited, Hybrid SE, Hybrid XLE, Hybrid XLE Premium, Hybrid XSE, LE, Limited, TRD Off-Road, XLE, XLE Premium","2.5L L4 - Electric/Gas, 2.5L L4 - FULL HYBRID EV-GAS (FHEV), 2.5L L4 - Gas",40157
PK38242K01,2022,Toyota,RAV4 Prime,"SE, XSE","2.5L L4 - Electric/Gas, 2.5L L4 - PLUG-IN HYBRID EV-GAS (PH",40158
PK38242K01,2021,Toyota,RAV4,"Adventure, Hybrid LE, Hybrid Limited, Hybrid XLE, Hybrid XLE Premium, Hybrid XSE, LE, Limited, TRD Off-Road, XLE, XLE Premium","2.5L L4 - Electric/Gas, 2.5L L4 - FULL HYBRID EV-GAS (FHEV), 2.5L L4 - Gas",40159
PK38242K01,2020,Toyota,RAV4,"Adventure, Hybrid LE, Hybrid Limited, Hybrid XLE, Hybrid XSE, LE, Limited, TRD Off-Road, XLE, XLE Premium","2.5L L4 - Electric/Gas, 2.5L L4 - FULL HYBRID EV-GAS (FHEV), 2.5L L4 - Gas",40160
PK38242K01,2024,Toyota,RAV4,"Adventure, Hybrid LE, Hybrid Limited, Hybrid SE, Hybrid Woodland Edition, Hybrid XLE, Hybrid XLE Premium, Hybrid XSE, LE, Limited, TRD Off-Road, XLE, XLE Premium","2.5L L4 - Electric/Gas, 2.5L L4 - Gas",40153
PK38242K01,2024,Toyota,RAV4 Prime,"SE, XSE",2.5L L4 - Electric/Gas,40154
PK38242K01,2023,Toyota,RAV4,"Adventure, Hybrid LE, Hybrid Limited, Hybrid SE, Hybrid Woodland Edition, Hybrid XLE, Hybrid XLE Premium, Hybrid XSE, LE, Limited, TRD Off-Road, XLE, XLE Premium","2.5L L4 - Electric/Gas, 2.5L L4 - FULL HYBRID EV-GAS (FHEV), 2.5L L4 - Gas",40155
PK38242K01,2019,Toyota,RAV4,"Adventure, Hybrid LE, Hybrid Limited, Hybrid XLE, Hybrid XSE, LE, Limited, XLE, XLE Premium","2.5L L4 - Electric/Gas, 2.5L L4 - FULL HYBRID EV-GAS (FHEV), 2.5L L4 - Gas",40161
PT41316220,2024,Toyota,Corolla Cross,"Hybrid LE, Hybrid S, Hybrid SE, Hybrid XLE, Hybrid XSE, L, LE, XLE","2.0L L4 - Electric/Gas, 2.0L L4 - Gas",40782
PT41316220,2023,Toyota,Corolla Cross,"Hybrid S, Hybrid SE, Hybrid XSE, L, LE, XLE","2.0L L4 - Electric/Gas, 2.0L L4 - Gas",40783
PT41316220,2022,Toyota,Corolla Cross,"L, LE, XLE",2.0L L4 - Gas,40784
PT7470821002,2024,Toyota,Sienna,"LE, Limited, Platinum, Woodland Edition, XLE, XSE",2.5L L4 - Electric/Gas,42129
PT7470821002,2023,Toyota,Sienna,"25th Anniversary Edition, LE, Limited, Platinum, Woodland Edition, XLE, XSE","2.5L L4 - Electric/Gas, 2.5L L4 - FULL HYBRID EV-GAS (FHEV)",49163
PT7470821002,2022,Toyota,Sienna,"LE, Limited, Platinum, Woodland Edition, XLE, XSE","2.5L L4 - Electric/Gas, 2.5L L4 - FULL HYBRID EV-GAS (FHEV)",42134
PT7470821002,2021,Toyota,Sienna,"LE, Limited, Platinum, XLE, XSE","2.5L L4 - Electric/Gas, 2.5L L4 - FULL HYBRID EV-GAS (FHEV)",42135
PT94448200,2024,Toyota,Highlander,"Hybrid Bronze Edition, Hybrid LE, Hybrid LE Nightshade, Hybrid Limited, Hybrid Platinum, Hybrid XLE, Hybrid XLE Nightshade, LE, Limited, Platinum, XLE, XSE","2.4L L4 - Gas, 2.5L L4 - Electric/Gas",43315
PT94448200,2023,Toyota,Highlander,"Hybrid Bronze Edition, Hybrid LE, Hybrid Limited, Hybrid Platinum, Hybrid XLE, L, LE, Limited, Platinum, XLE, XSE","2.4L L4 - Gas, 2.5L L4 - Electric/Gas, 2.5L L4 - FULL HYBRID EV-GAS (FHEV)",43316
PT94448200,2022,Toyota,Highlander,"Hybrid Bronze Edition, Hybrid LE, Hybrid Limited, Hybrid Platinum, Hybrid XLE, L, LE, Limited, Platinum, XLE, XSE","2.5L L4 - Electric/Gas, 2.5L L4 - FULL HYBRID EV-GAS (FHEV), 3.5L V6 - Gas",43317
PT94448200,2021,Toyota,Highlander,"Hybrid LE, Hybrid Limited, Hybrid Platinum, Hybrid XLE, L, LE, Limited, Platinum, XLE, XSE","2.5L L4 - Electric/Gas, 2.5L L4 - FULL HYBRID EV-GAS (FHEV), 3.5L V6 - Gas",43318
PT94448200,2020,Toyota,Highlander,"Hybrid LE, Hybrid Limited, Hybrid Platinum, Hybrid XLE, L, LE, Limited, Platinum, XLE","2.5L L4 - Electric/Gas, 2.5L L4 - FULL HYBRID EV-GAS (FHEV), 3.5L V6 - Gas",43319
PK38942K01TP,2024,Toyota,RAV4,"Adventure, Hybrid LE, Hybrid Limited, Hybrid SE, Hybrid Woodland Edition, Hybrid XLE, Hybrid XLE Premium, Hybrid XSE, LE, Limited, TRD Off-Road, XLE, XLE Premium","2.5L L4 - Electric/Gas, 2.5L L4 - Gas",40189
PK38942K01TP,2023,Toyota,RAV4,"Adventure, Hybrid LE, Hybrid Limited, Hybrid SE, Hybrid Woodland Edition, Hybrid XLE, Hybrid XLE Premium, Hybrid XSE, LE, Limited, TRD Off-Road, XLE, XLE Premium","2.5L L4 - Electric/Gas, 2.5L L4 - FULL HYBRID EV-GAS (FHEV), 2.5L L4 - Gas",40190
PK38942K01TP,2022,Toyota,RAV4,"Adventure, Hybrid LE, Hybrid Limited, Hybrid SE, Hybrid XLE, Hybrid XLE Premium, Hybrid XSE, LE, Limited, TRD Off-Road, XLE, XLE Premium","2.5L L4 - Electric/Gas, 2.5L L4 - FULL HYBRID EV-GAS (FHEV), 2.5L L4 - Gas",40191
PT9084221002,2021,Toyota,RAV4,"Adventure, Hybrid LE, Hybrid Limited, Hybrid XLE, Hybrid XLE Premium, Hybrid XSE, LE, Limited, TRD Off-Road, XLE, XLE Premium","2.5L L4 - Electric/Gas, 2.5L L4 - FULL HYBRID EV-GAS (FHEV), 2.5L L4 - Gas",42427
PT9084221002,2020,Toyota,RAV4,"Adventure, Hybrid LE, Hybrid Limited, Hybrid XLE, Hybrid XSE, LE, Limited, TRD Off-Road, XLE, XLE Premium","2.5L L4 - Electric/Gas, 2.5L L4 - FULL HYBRID EV-GAS (FHEV), 2.5L L4 - Gas",42428
PT9084221002,2024,Toyota,RAV4,"Adventure, Hybrid LE, Hybrid Limited, Hybrid SE, Hybrid Woodland Edition, Hybrid XLE, Hybrid XLE Premium, Hybrid XSE, LE, Limited, TRD Off-Road, XLE, XLE Premium","2.5L L4 - Electric/Gas, 2.5L L4 - Gas",42418
PT9084221002,2023,Toyota,RAV4,"Adventure, Hybrid LE, Hybrid Limited, Hybrid SE, Hybrid Woodland Edition, Hybrid XLE, Hybrid XLE Premium, Hybrid XSE, LE, Limited, TRD Off-Road, XLE, XLE Premium","2.5L L4 - Electric/Gas, 2.5L L4 - FULL HYBRID EV-GAS (FHEV), 2.5L L4 - Gas",42419
PT9084221002,2022,Toyota,RAV4,"Adventure, Hybrid LE, Hybrid Limited, Hybrid SE, Hybrid XLE, Hybrid XLE Premium, Hybrid XSE, LE, Limited, TRD Off-Road, XLE, XLE Premium","2.5L L4 - Electric/Gas, 2.5L L4 - FULL HYBRID EV-GAS (FHEV), 2.5L L4 - Gas",42426
PT9084221002,2019,Toyota,RAV4,"Adventure, Hybrid LE, Hybrid Limited, Hybrid XLE, Hybrid XSE, LE, Limited, XLE, XLE Premium","2.5L L4 - Electric/Gas, 2.5L L4 - FULL HYBRID EV-GAS (FHEV), 2.5L L4 - Gas",42429
PT9323422102,2024,Toyota,Tacoma,"Limited, SR, SR5, TRD Off-Road, TRD PreRunner, TRD Pro, TRD Sport, Trailhunter","2.4L L4 - Electric/Gas, 2.4L L4 - Gas",42576
PT9323422102,2023,Toyota,Tundra,"1794 Edition, Capstone, Limited, Platinum, SR, SR5, TRD Pro","3.4L V6 - Electric/Gas, 3.4L V6 - Gas, 3.5L V6 - Gas, 3.5L V6 - MILD HYBRID EV-GAS (MHEV)",42577
PT93235162,2019,Toyota,Tacoma,"Limited, SR, SR5, TRD Off-Road, TRD Pro, TRD Sport","2.7L L4 - Gas, 3.5L V6 - Gas",42587
PT93235162,2018,Toyota,Tacoma,"Limited, SR, SR5, TRD Off-Road, TRD Pro, TRD Sport","2.7L L4 - Gas, 3.5L V6 - Gas",42588
PT93235162,2017,Toyota,Tacoma,"Limited, SR, SR5, TRD Off-Road, TRD Pro, TRD Sport","2.7L L4 - Gas, 3.5L V6 - Gas",42589
PT93235162,2016,Toyota,Tacoma,"Limited, SR, SR5, TRD Off-Road, TRD Sport","2.7L L4 - Gas, 3.5L V6 - Gas",42590
PT93235162,2021,Toyota,Tacoma,"Limited, Nightshade, SR, SR5, TRD Off-Road, TRD Pro, TRD Sport, Trail","2.7L L4 - Gas, 3.5L V6 - Gas",42585
PT93235162,2020,Toyota,Tacoma,"Limited, SR, SR5, TRD Off-Road, TRD Pro, TRD Sport","2.7L L4 - Gas, 3.5L V6 - Gas",42586
PT9323518002,2023,Toyota,Tacoma,"Limited, SR, SR5, TRD Off-Road, TRD Pro, TRD Sport, Trail Special Edition","2.7L L4 - Gas, 3.5L V6 - Gas",42591
PT9323518002,2021,Toyota,Tacoma,"Limited, Nightshade, SR, SR5, TRD Off-Road, TRD Pro, TRD Sport, Trail","2.7L L4 - Gas, 3.5L V6 - Gas",42592
PT9483422002,2022,Toyota,Tundra,"1794 Edition, Capstone, Limited, Platinum, SR, SR5, TRD Pro","3.4L V6 - Electric/Gas, 3.4L V6 - Gas, 3.5L V6 - Gas, 3.5L V6 - MILD HYBRID EV-GAS (MHEV)",43324
PT9483422002,2024,Toyota,Tundra,"1794 Edition, Capstone, Limited, Platinum, SR, SR5, TRD Pro","3.4L V6 - Electric/Gas, 3.4L V6 - Gas",43322
PT9483422002,2023,Toyota,Tundra,"1794 Edition, Capstone, Limited, Platinum, SR, SR5, TRD Pro","3.4L V6 - Electric/Gas, 3.4L V6 - Gas, 3.5L V6 - Gas, 3.5L V6 - MILD HYBRID EV-GAS (MHEV)",43323
PT9484820C02,2024,Toyota,Highlander,LE,2.4L L4 - Gas,43344
PT9484820C02,2023,Toyota,Highlander,LE,2.4L L4 - Gas,43345
PT9484820C02,2022,Toyota,Highlander,LE,3.5L V6 - Gas,43346
PT9484820C02,2021,Toyota,Highlander,LE,3.5L V6 - Gas,43347
PT9484820902,2024,Toyota,Highlander,"Limited, Platinum",2.4L L4 - Gas,43339
PT9484820902,2023,Toyota,Highlander,"Limited, Platinum",2.4L L4 - Gas,43340
PT9484820902,2022,Toyota,Highlander,"Limited, Platinum",3.5L V6 - Gas,43341
PT9484820902,2021,Toyota,Highlander,Limited,3.5L V6 - Gas,43342
PT2061622020,2023,Toyota,Corolla Cross,"Hybrid S, Hybrid SE, Hybrid XSE, L, LE, XLE","2.0L L4 - Electric/Gas, 2.0L L4 - Gas",40312
PT2061622020,2022,Toyota,Corolla Cross,"L, LE, XLE",2.0L L4 - Gas,40313
PT41342130,2017,Toyota,RAV4,"Hybrid Limited, Hybrid SE, Hybrid XLE, LE, Limited, Platinum, SE, XLE","2.5L L4 - Electric/Gas, 2.5L L4 - FULL HYBRID EV-GAS (FHEV), 2.5L L4 - Gas",40786
PT41342130,2016,Toyota,RAV4,"Hybrid Limited, Hybrid XLE, LE, Limited, SE, XLE","2.5L L4 - Electric/Gas, 2.5L L4 - FULL HYBRID EV-GAS (FHEV), 2.5L L4 - Gas",40787
PT41342130,2014,Toyota,RAV4,"EV, LE, Limited, XLE","2.5L L4 - Gas, Electric",40789
PT41342130,2018,Toyota,RAV4,"Adventure, Hybrid Limited, Hybrid SE, Hybrid XLE, LE, Limited, Platinum, SE, XLE","2.5L L4 - Electric/Gas, 2.5L L4 - FULL HYBRID EV-GAS (FHEV), 2.5L L4 - Gas",40785
PT41342130,2015,Toyota,RAV4,"LE, Limited, XLE",2.5L L4 - Gas,40788
PT9083521302,2023,Toyota,Tacoma,"Limited, SR, SR5, TRD Off-Road, TRD Pro, TRD Sport, Trail Special Edition","2.7L L4 - Gas, 3.5L V6 - Gas",42369
PT9083521302,2022,Toyota,Tacoma,"Limited, SR, SR5, TRD Off-Road, TRD Pro, TRD Sport","2.7L L4 - Gas, 3.5L V6 - Gas",42370
PT9083521302,2021,Toyota,Tacoma,"Limited, Nightshade, SR, SR5, TRD Off-Road, TRD Pro, TRD Sport, Trail","2.7L L4 - Gas, 3.5L V6 - Gas",42371
PT9083521302,2020,Toyota,Tacoma,"Limited, SR, SR5, TRD Off-Road, TRD Pro, TRD Sport","2.7L L4 - Gas, 3.5L V6 - Gas",42372
PT9083521302,2019,Toyota,Tacoma,"Limited, SR, SR5, TRD Off-Road, TRD Pro, TRD Sport","2.7L L4 - Gas, 3.5L V6 - Gas",42373
PT2060821002,2022,Toyota,Sienna,"LE, Limited, Platinum, Woodland Edition, XLE, XSE","2.5L L4 - Electric/Gas, 2.5L L4 - FULL HYBRID EV-GAS (FHEV)",40281
PT2060821002,2021,Toyota,Sienna,"LE, Limited, Platinum, XLE, XSE","2.5L L4 - Electric/Gas, 2.5L L4 - FULL HYBRID EV-GAS (FHEV)",40282
PT2060821920,2025,Toyota,Sienna,"LE, Limited, Platinum, Woodland Edition, XLE, XSE",2.5L L4 - Electric/Gas,40264
PT2060821920,2024,Toyota,Sienna,"LE, Limited, Platinum, Woodland Edition, XLE, XSE",2.5L L4 - Electric/Gas,40293
PT2060821920,2023,Toyota,Sienna,"25th Anniversary Edition, LE, Limited, Platinum, Woodland Edition, XLE, XSE","2.5L L4 - Electric/Gas, 2.5L L4 - FULL HYBRID EV-GAS (FHEV)",40294
PT2060821920,2022,Toyota,Sienna,"LE, Limited, Platinum, Woodland Edition, XLE, XSE","2.5L L4 - Electric/Gas, 2.5L L4 - FULL HYBRID EV-GAS (FHEV)",40295
PT2060821920,2021,Toyota,Sienna,"LE, Limited, Platinum, XLE, XSE","2.5L L4 - Electric/Gas, 2.5L L4 - FULL HYBRID EV-GAS (FHEV)",40296
PT2063422020,2025,Toyota,Tundra,"1794 Edition, Capstone, Limited, Platinum, SR, SR5, TRD Pro","3.4L V6 - Electric/Gas, 3.4L V6 - Gas",40318
PT2063422020,2024,Toyota,Tundra,"1794 Edition, Capstone, Limited, Platinum, SR, SR5, TRD Pro","3.4L V6 - Electric/Gas, 3.4L V6 - Gas",40319
PT2063422020,2023,Toyota,Tundra,"1794 Edition, Capstone, Limited, Platinum, SR, SR5, TRD Pro","3.4L V6 - Electric/Gas, 3.4L V6 - Gas, 3.5L V6 - Gas, 3.5L V6 - MILD HYBRID EV-GAS (MHEV)",40320
PT2063422020,2022,Toyota,Tundra,"1794 Edition, Capstone, Limited, Platinum, SR, SR5, TRD Pro","3.4L V6 - Electric/Gas, 3.4L V6 - Gas, 3.5L V6 - Gas, 3.5L V6 - MILD HYBRID EV-GAS (MHEV)",40321
PT9084723020,2024,Toyota,Prius,"LE, Limited, XLE",2.0L L4 - Electric/Gas,39487
PT9084820120,2022,Toyota,Highlander,"Hybrid Bronze Edition, Hybrid LE, Hybrid Limited, Hybrid Platinum, Hybrid XLE, L, LE, Limited, Platinum, XLE, XSE","2.5L L4 - Electric/Gas, 2.5L L4 - FULL HYBRID EV-GAS (FHEV), 3.5L V6 - Gas",42441
PT9084820120,2023,Toyota,Highlander,"Hybrid Bronze Edition, Hybrid LE, Hybrid Limited, Hybrid Platinum, Hybrid XLE, L, LE, Limited, Platinum, XLE, XSE","2.4L L4 - Gas, 2.5L L4 - Electric/Gas, 2.5L L4 - FULL HYBRID EV-GAS (FHEV)",49500
PT9084820120,2021,Toyota,Highlander,"Hybrid LE, Hybrid Limited, Hybrid Platinum, Hybrid XLE, L, LE, Limited, Platinum, XLE, XSE","2.5L L4 - Electric/Gas, 2.5L L4 - FULL HYBRID EV-GAS (FHEV), 3.5L V6 - Gas",42442
PT9080318120,2021,Toyota,Camry,"Hybrid LE, Hybrid SE, Hybrid XLE, Hybrid XSE, LE, SE, SE Nightshade, TRD, XLE, XSE","2.5L L4 - Electric/Gas, 2.5L L4 - FULL HYBRID EV-GAS (FHEV), 2.5L L4 - Gas, 3.5L V6 - Gas",42368
PT9083521402,2020,Toyota,Tacoma,"Limited, SR, SR5, TRD Off-Road, TRD Pro, TRD Sport","2.7L L4 - Gas, 3.5L V6 - Gas",42377
PT9083521402,2019,Toyota,Tacoma,"Limited, SR, SR5, TRD Off-Road, TRD Pro, TRD Sport","2.7L L4 - Gas, 3.5L V6 - Gas",42378
PT9083521402,2023,Toyota,Tacoma,"Limited, SR, SR5, TRD Off-Road, TRD Pro, TRD Sport, Trail Special Edition","2.7L L4 - Gas, 3.5L V6 - Gas",42374
PT9083521402,2022,Toyota,Tacoma,"Limited, SR, SR5, TRD Off-Road, TRD Pro, TRD Sport","2.7L L4 - Gas, 3.5L V6 - Gas",42375
PT9083521402,2021,Toyota,Tacoma,"Limited, Nightshade, SR, SR5, TRD Off-Road, TRD Pro, TRD Sport, Trail","2.7L L4 - Gas, 3.5L V6 - Gas",42376
PT9084216520,2018,Toyota,RAV4,"Adventure, Hybrid Limited, Hybrid SE, Hybrid XLE, LE, Limited, Platinum, SE, XLE","2.5L L4 - Electric/Gas, 2.5L L4 - FULL HYBRID EV-GAS (FHEV), 2.5L L4 - Gas",42385
PT9084216520,2017,Toyota,RAV4,"Hybrid Limited, Hybrid SE, Hybrid XLE, LE, Limited, Platinum, SE, XLE","2.5L L4 - Electric/Gas, 2.5L L4 - FULL HYBRID EV-GAS (FHEV), 2.5L L4 - Gas",42386
PT9084216520,2016,Toyota,RAV4,"Hybrid Limited, Hybrid XLE, LE, Limited, SE, XLE","2.5L L4 - Electric/Gas, 2.5L L4 - FULL HYBRID EV-GAS (FHEV), 2.5L L4 - Gas",42387
PT9084216520,2015,Toyota,RAV4,"LE, Limited, XLE",2.5L L4 - Gas,42388
PT9084216520,2014,Toyota,RAV4,"EV, LE, Limited, XLE","2.5L L4 - Gas, Electric",42389
PT9084216520,2013,Toyota,RAV4,"EV, LE, Limited, XLE","2.5L L4 - Gas, Electric",42390
PT9121622002,2024,Toyota,Corolla Cross,"Hybrid LE, Hybrid S, Hybrid SE, Hybrid XLE, Hybrid XSE, L, LE, XLE","2.0L L4 - Electric/Gas, 2.0L L4 - Gas",42450
PT9121622002,2023,Toyota,Corolla Cross,"Hybrid S, Hybrid SE, Hybrid XSE, L, LE, XLE","2.0L L4 - Electric/Gas, 2.0L L4 - Gas",42451
PT9121622002,2022,Toyota,Corolla Cross,"L, LE, XLE",2.0L L4 - Gas,42452
PT2060318001,2023,Toyota,Camry,"Hybrid LE, Hybrid SE, Hybrid SE Nightshade, Hybrid XLE, Hybrid XSE, LE, SE, SE Nightshade, TRD, XLE, XSE","2.5L L4 - Electric/Gas, 2.5L L4 - FULL HYBRID EV-GAS (FHEV), 2.5L L4 - Gas, 3.5L V6 - Gas",40268
PT2060318001,2022,Toyota,Camry,"Hybrid LE, Hybrid SE, Hybrid SE Nightshade, Hybrid XLE, Hybrid XSE, LE, SE, SE Nightshade, TRD, XLE, XSE","2.5L L4 - Electric/Gas, 2.5L L4 - FULL HYBRID EV-GAS (FHEV), 2.5L L4 - Gas, 3.5L V6 - Gas",40269
PT2060318001,2021,Toyota,Camry,"Hybrid LE, Hybrid SE, Hybrid XLE, Hybrid XSE, LE, SE, SE Nightshade, TRD, XLE, XSE","2.5L L4 - Electric/Gas, 2.5L L4 - FULL HYBRID EV-GAS (FHEV), 2.5L L4 - Gas, 3.5L V6 - Gas",40270
PT2060318001,2020,Toyota,Camry,"Hybrid LE, Hybrid SE, Hybrid XLE, L, LE, SE, SE Nightshade, TRD, XLE, XSE","2.5L L4 - Electric/Gas, 2.5L L4 - FULL HYBRID EV-GAS (FHEV), 2.5L L4 - Gas, 3.5L V6 - Gas",40271
PT2060318001,2019,Toyota,Camry,"Hybrid LE, Hybrid SE, Hybrid XLE, L, LE, SE, XLE, XSE","2.5L L4 - Electric/Gas, 2.5L L4 - FULL HYBRID EV-GAS (FHEV), 2.5L L4 - Gas, 3.5L V6 - Gas",40272
PT2060318001,2018,Toyota,Camry,"Hybrid LE, Hybrid SE, Hybrid XLE, L, LE, SE, XLE, XSE","2.5L L4 - Electric/Gas, 2.5L L4 - FULL HYBRID EV-GAS (FHEV), 2.5L L4 - Gas, 3.5L V6 - Gas",40274
PT34535170,2022,Toyota,Tacoma,"Limited, SR, SR5, TRD Off-Road, TRD Pro, TRD Sport","2.7L L4 - Gas, 3.5L V6 - Gas",40623
PT34535170,2023,Toyota,Tacoma,"Limited, SR, SR5, TRD Off-Road, TRD Pro, TRD Sport, Trail Special Edition","2.7L L4 - Gas, 3.5L V6 - Gas",40622
PT34535170,2021,Toyota,Tacoma,"Limited, Nightshade, SR, SR5, TRD Off-Road, TRD Pro, TRD Sport, Trail","2.7L L4 - Gas, 3.5L V6 - Gas",40624
PT34535170,2020,Toyota,Tacoma,"Limited, SR, SR5, TRD Off-Road, TRD Pro, TRD Sport","2.7L L4 - Gas, 3.5L V6 - Gas",40625
PT34535170,2019,Toyota,Tacoma,"Limited, SR, SR5, TRD Off-Road, TRD Pro, TRD Sport","2.7L L4 - Gas, 3.5L V6 - Gas",40626
PT34535170,2018,Toyota,Tacoma,"Limited, SR, SR5, TRD Off-Road, TRD Pro, TRD Sport","2.7L L4 - Gas, 3.5L V6 - Gas",40627
PT34535170,2017,Toyota,Tacoma,"Limited, SR, SR5, TRD Off-Road, TRD Pro, TRD Sport","2.7L L4 - Gas, 3.5L V6 - Gas",40628
PT34535170,2016,Toyota,Tacoma,"Limited, SR, SR5, TRD Off-Road, TRD Sport","2.7L L4 - Gas, 3.5L V6 - Gas",40629
PT91203180,2018,Toyota,Camry,"Hybrid LE, Hybrid SE, Hybrid XLE, L, LE, SE, XLE, XSE","2.5L L4 - Electric/Gas, 2.5L L4 - FULL HYBRID EV-GAS (FHEV), 2.5L L4 - Gas, 3.5L V6 - Gas",42449
PT91203180,2024,Toyota,Camry,"Hybrid LE, Hybrid SE, Hybrid SE Nightshade, Hybrid XLE, Hybrid XSE, LE, SE, SE Nightshade, TRD, XLE, XSE","2.5L L4 - Electric/Gas, 2.5L L4 - Gas, 3.5L V6 - Gas",42443
PT91203180,2023,Toyota,Camry,"Hybrid LE, Hybrid SE, Hybrid SE Nightshade, Hybrid XLE, Hybrid XSE, LE, SE, SE Nightshade, TRD, XLE, XSE","2.5L L4 - Electric/Gas, 2.5L L4 - FULL HYBRID EV-GAS (FHEV), 2.5L L4 - Gas, 3.5L V6 - Gas",42444
PT91203180,2022,Toyota,Camry,"Hybrid LE, Hybrid SE, Hybrid SE Nightshade, Hybrid XLE, Hybrid XSE, LE, SE, SE Nightshade, TRD, XLE, XSE","2.5L L4 - Electric/Gas, 2.5L L4 - FULL HYBRID EV-GAS (FHEV), 2.5L L4 - Gas, 3.5L V6 - Gas",42445
PT91203180,2021,Toyota,Camry,"Hybrid LE, Hybrid SE, Hybrid XLE, Hybrid XSE, LE, SE, SE Nightshade, TRD, XLE, XSE","2.5L L4 - Electric/Gas, 2.5L L4 - FULL HYBRID EV-GAS (FHEV), 2.5L L4 - Gas, 3.5L V6 - Gas",42446
PT91203180,2020,Toyota,Camry,"Hybrid LE, Hybrid SE, Hybrid XLE, L, LE, SE, SE Nightshade, TRD, XLE, XSE","2.5L L4 - Electric/Gas, 2.5L L4 - FULL HYBRID EV-GAS (FHEV), 2.5L L4 - Gas, 3.5L V6 - Gas",42447
PT91203180,2019,Toyota,Camry,"Hybrid LE, Hybrid SE, Hybrid XLE, L, LE, SE, XLE, XSE","2.5L L4 - Electric/Gas, 2.5L L4 - FULL HYBRID EV-GAS (FHEV), 2.5L L4 - Gas, 3.5L V6 - Gas",42448
PT9194716020,2022,Toyota,Prius,"L Eco, LE, Limited, XLE","1.8L L4 - Electric/Gas, 1.8L L4 - FULL HYBRID EV-GAS (FHEV)",42463
PT9194716020,2021,Toyota,Prius,"2020 Edition, L Eco, LE, Limited, XLE","1.8L L4 - Electric/Gas, 1.8L L4 - FULL HYBRID EV-GAS (FHEV)",42464
PT9194716020,2020,Toyota,Prius,"Base, L Eco, LE, Limited, XLE","1.8L L4 - Electric/Gas, 1.8L L4 - FULL HYBRID EV-GAS (FHEV)",42465
PT9194716020,2019,Toyota,Prius,"L Eco, LE, Limited, XLE","1.8L L4 - Electric/Gas, 1.8L L4 - FULL HYBRID EV-GAS (FHEV)",42466
PT9194716020,2018,Toyota,Prius,"Four, Four Touring, One, Three, Three Touring, Two, Two Eco","1.8L L4 - Electric/Gas, 1.8L L4 - FULL HYBRID EV-GAS (FHEV)",42467
PT9194716020,2017,Toyota,Prius,"Four, Four Touring, One, Three, Three Touring, Two, Two Eco","1.8L L4 - Electric/Gas, 1.8L L4 - FULL HYBRID EV-GAS (FHEV)",42468
PT9194716020,2016,Toyota,Prius,"Four, Four Touring, Three, Three Touring, Two, Two Eco","1.8L L4 - Electric/Gas, 1.8L L4 - FULL HYBRID EV-GAS (FHEV)",42469
PU06003180TP,2024,Toyota,Camry,"Hybrid LE, Hybrid SE, Hybrid SE Nightshade, Hybrid XLE, Hybrid XSE, LE, SE, SE Nightshade, TRD, XLE, XSE","2.5L L4 - Electric/Gas, 2.5L L4 - Gas, 3.5L V6 - Gas",43828
PU06003180TP,2023,Toyota,Camry,"Hybrid LE, Hybrid SE, Hybrid SE Nightshade, Hybrid XLE, Hybrid XSE, LE, SE, SE Nightshade, TRD, XLE, XSE","2.5L L4 - Electric/Gas, 2.5L L4 - FULL HYBRID EV-GAS (FHEV), 2.5L L4 - Gas, 3.5L V6 - Gas",43829
PU06003180TP,2022,Toyota,Camry,"Hybrid LE, Hybrid SE, Hybrid SE Nightshade, Hybrid XLE, Hybrid XSE, LE, SE, SE Nightshade, TRD, XLE, XSE","2.5L L4 - Electric/Gas, 2.5L L4 - FULL HYBRID EV-GAS (FHEV), 2.5L L4 - Gas, 3.5L V6 - Gas",43830
PU06003180TP,2021,Toyota,Camry,"Hybrid LE, Hybrid SE, Hybrid XLE, Hybrid XSE, LE, SE, SE Nightshade, TRD, XLE, XSE","2.5L L4 - Electric/Gas, 2.5L L4 - FULL HYBRID EV-GAS (FHEV), 2.5L L4 - Gas, 3.5L V6 - Gas",43831
PU06003180TP,2020,Toyota,Camry,"Hybrid LE, Hybrid SE, Hybrid XLE, L, LE, SE, SE Nightshade, TRD, XLE, XSE","2.5L L4 - Electric/Gas, 2.5L L4 - FULL HYBRID EV-GAS (FHEV), 2.5L L4 - Gas, 3.5L V6 - Gas",43832
PU06003180TP,2019,Toyota,Camry,"Hybrid LE, Hybrid SE, Hybrid XLE, L, LE, SE, XLE, XSE","2.5L L4 - Electric/Gas, 2.5L L4 - FULL HYBRID EV-GAS (FHEV), 2.5L L4 - Gas, 3.5L V6 - Gas",43833
PU06003180TP,2018,Toyota,Camry,"Hybrid LE, Hybrid SE, Hybrid XLE, L, LE, SE, XLE, XSE","2.5L L4 - Electric/Gas, 2.5L L4 - FULL HYBRID EV-GAS (FHEV), 2.5L L4 - Gas, 3.5L V6 - Gas",43834
PT9384213002,2015,Toyota,RAV4,"LE, Limited, XLE",2.5L L4 - Gas,42479
PT9384213002,2014,Toyota,RAV4,"EV, LE, Limited, XLE","2.5L L4 - Gas, Electric",42620
PT9384213002,2018,Toyota,RAV4,"Adventure, Hybrid Limited, Hybrid SE, Hybrid XLE, LE, Limited, Platinum, SE, XLE","2.5L L4 - Electric/Gas, 2.5L L4 - FULL HYBRID EV-GAS (FHEV), 2.5L L4 - Gas",43095
PT9384213002,2017,Toyota,RAV4,"Hybrid Limited, Hybrid SE, Hybrid XLE, LE, Limited, Platinum, SE, XLE","2.5L L4 - Electric/Gas, 2.5L L4 - FULL HYBRID EV-GAS (FHEV), 2.5L L4 - Gas",43096
PT9384213002,2016,Toyota,RAV4,"Hybrid Limited, Hybrid XLE, LE, Limited, SE, XLE","2.5L L4 - Electric/Gas, 2.5L L4 - FULL HYBRID EV-GAS (FHEV), 2.5L L4 - Gas",43097
PT9384213002,2013,Toyota,RAV4,"EV, LE, Limited, XLE","2.5L L4 - Gas, Electric",42780
PT41342191,2018,Toyota,Tundra,"1794 Edition, Limited, Platinum, SR, SR5","4.6L V8 - Gas, 5.7L V8 - Flex, 5.7L V8 - Gas",40824
PT41342191,2024,Toyota,4Runner,"Limited, SR5, SR5 Premium, TRD Off-Road, TRD Off-Road Premium, TRD Pro, TRD Sport",4.0L V6 - Gas,40806
PT41342191,2024,Toyota,Highlander,"Hybrid Bronze Edition, Hybrid LE, Hybrid LE Nightshade, Hybrid Limited, Hybrid Platinum, Hybrid XLE, Hybrid XLE Nightshade, LE, Limited, Platinum, XLE, XSE","2.4L L4 - Gas, 2.5L L4 - Electric/Gas",40807
PT41342191,2023,Toyota,4Runner,"40th Anniversary Edition, Limited, SR5, SR5 Premium, TRD Off-Road, TRD Off-Road Premium, TRD Pro, TRD Sport",4.0L V6 - Gas,47975
PT41342191,2023,Toyota,Highlander,"Hybrid Bronze Edition, Hybrid LE, Hybrid Limited, Hybrid Platinum, Hybrid XLE, L, LE, Limited, Platinum, XLE, XSE","2.4L L4 - Gas, 2.5L L4 - Electric/Gas, 2.5L L4 - FULL HYBRID EV-GAS (FHEV)",40810
PT41342191,2022,Toyota,4Runner,"Limited, Nightshade, SR5, SR5 Premium, TRD Off-Road, TRD Off-Road Premium, TRD Pro, TRD Sport, Trail, Venture",4.0L V6 - Gas,40811
PT41342191,2022,Toyota,Highlander,"Hybrid Bronze Edition, Hybrid LE, Hybrid Limited, Hybrid Platinum, Hybrid XLE, L, LE, Limited, Platinum, XLE, XSE","2.5L L4 - Electric/Gas, 2.5L L4 - FULL HYBRID EV-GAS (FHEV), 3.5L V6 - Gas",40812
PT41342191,2021,Toyota,4Runner,"Limited, Nightshade, SR5, SR5 Premium, TRD Off-Road, TRD Off-Road Premium, TRD Pro, Trail, Venture",4.0L V6 - Gas,40813
PT41342191,2021,Toyota,Highlander,"Hybrid LE, Hybrid Limited, Hybrid Platinum, Hybrid XLE, L, LE, Limited, Platinum, XLE, XSE","2.5L L4 - Electric/Gas, 2.5L L4 - FULL HYBRID EV-GAS (FHEV), 3.5L V6 - Gas",40814
PT41342191,2021,Toyota,RAV4,"Adventure, Hybrid LE, Hybrid Limited, Hybrid XLE, Hybrid XLE Premium, Hybrid XSE, LE, Limited, TRD Off-Road, XLE, XLE Premium","2.5L L4 - Electric/Gas, 2.5L L4 - FULL HYBRID EV-GAS (FHEV), 2.5L L4 - Gas",47979
PT41342191,2020,Toyota,4Runner,"Limited, Nightshade, SR5, SR5 Premium, TRD Off-Road, TRD Off-Road Premium, TRD Pro, Venture",4.0L V6 - Gas,40815
PT41342191,2020,Toyota,Highlander,"Hybrid LE, Hybrid Limited, Hybrid Platinum, Hybrid XLE, L, LE, Limited, Platinum, XLE","2.5L L4 - Electric/Gas, 2.5L L4 - FULL HYBRID EV-GAS (FHEV), 3.5L V6 - Gas",40816
PT41342191,2020,Toyota,RAV4,"Adventure, Hybrid LE, Hybrid Limited, Hybrid XLE, Hybrid XSE, LE, Limited, TRD Off-Road, XLE, XLE Premium","2.5L L4 - Electric/Gas, 2.5L L4 - FULL HYBRID EV-GAS (FHEV), 2.5L L4 - Gas",40817
PT41342191,2020,Toyota,Tundra,"1794 Edition, Limited, Platinum, SR, SR5, TRD Pro",5.7L V8 - Gas,40818
PT41342191,2019,Toyota,4Runner,"Limited, SR5, SR5 Premium, TRD Off-Road, TRD Off-Road Premium, TRD Pro",4.0L V6 - Gas,40819
PT41342191,2019,Toyota,Highlander,"Hybrid LE, Hybrid Limited, Hybrid Limited Platinum, Hybrid XLE, LE, LE Plus, Limited, Limited Platinum, SE, XLE","2.7L L4 - Gas, 3.5L V6 - Electric/Gas, 3.5L V6 - FULL HYBRID EV-GAS (FHEV), 3.5L V6 - Gas",40820
PT41342191,2019,Toyota,RAV4,"Adventure, Hybrid LE, Hybrid Limited, Hybrid XLE, Hybrid XSE, LE, Limited, XLE, XLE Premium","2.5L L4 - Electric/Gas, 2.5L L4 - FULL HYBRID EV-GAS (FHEV), 2.5L L4 - Gas",40821
PT41342191,2019,Toyota,Tundra,"1794 Edition, Limited, Platinum, SR, SR5, TRD Pro","4.6L V8 - Gas, 5.7L V8 - Flex, 5.7L V8 - Gas",40822
PT41342191,2018,Toyota,Highlander,"Hybrid LE, Hybrid Limited, Hybrid XLE, LE, LE Plus, Limited, SE, XLE","2.7L L4 - Gas, 3.5L V6 - Electric/Gas, 3.5L V6 - FULL HYBRID EV-GAS (FHEV), 3.5L V6 - Gas",40823
PT9384716003,2019,Toyota,Prius Prime,"Advanced, Plus, Premium","1.8L L4 - Electric/Gas, 1.8L L4 - PLUG-IN HYBRID EV-GAS (PH",43213
PT9384716003,2018,Toyota,Prius,"Four, Four Touring, One, Three, Three Touring, Two, Two Eco","1.8L L4 - Electric/Gas, 1.8L L4 - FULL HYBRID EV-GAS (FHEV)",43214
PT9384716003,2018,Toyota,Prius Prime,"Advanced, Plus, Premium","1.8L L4 - Electric/Gas, 1.8L L4 - PLUG-IN HYBRID EV-GAS (PH",43215
PT9384716003,2017,Toyota,Prius,"Four, Four Touring, One, Three, Three Touring, Two, Two Eco","1.8L L4 - Electric/Gas, 1.8L L4 - FULL HYBRID EV-GAS (FHEV)",43216
PT9384716003,2017,Toyota,Prius Prime,"Advanced, Plus, Premium","1.8L L4 - Electric/Gas, 1.8L L4 - PLUG-IN HYBRID EV-GAS (PH",43217
PT9384716003,2016,Toyota,Prius,"Four, Four Touring, Three, Three Touring, Two, Two Eco","1.8L L4 - Electric/Gas, 1.8L L4 - FULL HYBRID EV-GAS (FHEV)",43218
PT9193422020,2025,Toyota,Tundra,"1794 Edition, Capstone, Limited, Platinum, SR, SR5, TRD Pro","3.4L V6 - Electric/Gas, 3.4L V6 - Gas",42459
PT9193422020,2024,Toyota,Tundra,"1794 Edition, Capstone, Limited, Platinum, SR, SR5, TRD Pro","3.4L V6 - Electric/Gas, 3.4L V6 - Gas",42460
PT9193422020,2023,Toyota,Tundra,"1794 Edition, Capstone, Limited, Platinum, SR, SR5, TRD Pro","3.4L V6 - Electric/Gas, 3.4L V6 - Gas, 3.5L V6 - Gas, 3.5L V6 - MILD HYBRID EV-GAS (MHEV)",42461
PT9193422020,2022,Toyota,Tundra,"1794 Edition, Capstone, Limited, Platinum, SR, SR5, TRD Pro","3.4L V6 - Electric/Gas, 3.4L V6 - Gas, 3.5L V6 - Gas, 3.5L V6 - MILD HYBRID EV-GAS (MHEV)",42462
PT29A4820113,2023,Toyota,Highlander,"Hybrid Bronze Edition, Hybrid LE, Hybrid Limited, Hybrid Platinum, Hybrid XLE, L, LE, Limited, Platinum, XLE, XSE","2.4L L4 - Gas, 2.5L L4 - Electric/Gas, 2.5L L4 - FULL HYBRID EV-GAS (FHEV)",40599
PT29A4820113,2022,Toyota,Highlander,"Hybrid Bronze Edition, Hybrid LE, Hybrid Limited, Hybrid Platinum, Hybrid XLE, L, LE, Limited, Platinum, XLE, XSE","2.5L L4 - Electric/Gas, 2.5L L4 - FULL HYBRID EV-GAS (FHEV), 3.5L V6 - Gas",40600
PT29A4820113,2021,Toyota,Highlander,"Hybrid LE, Hybrid Limited, Hybrid Platinum, Hybrid XLE, L, LE, Limited, Platinum, XLE, XSE","2.5L L4 - Electric/Gas, 2.5L L4 - FULL HYBRID EV-GAS (FHEV), 3.5L V6 - Gas",40601
PT29A4820113,2020,Toyota,Highlander,"Hybrid LE, Hybrid Limited, Hybrid Platinum, Hybrid XLE, L, LE, Limited, Platinum, XLE","2.5L L4 - Electric/Gas, 2.5L L4 - FULL HYBRID EV-GAS (FHEV), 3.5L V6 - Gas",40602
PT29A4820114,2023,Toyota,Highlander,"Hybrid Bronze Edition, Hybrid LE, Hybrid Limited, Hybrid Platinum, Hybrid XLE, L, LE, Limited, Platinum, XLE, XSE","2.4L L4 - Gas, 2.5L L4 - Electric/Gas, 2.5L L4 - FULL HYBRID EV-GAS (FHEV)",40603
PT29A4820114,2022,Toyota,Highlander,"Hybrid Bronze Edition, Hybrid LE, Hybrid Limited, Hybrid Platinum, Hybrid XLE, L, LE, Limited, Platinum, XLE, XSE","2.5L L4 - Electric/Gas, 2.5L L4 - FULL HYBRID EV-GAS (FHEV), 3.5L V6 - Gas",40604
PT29A4820114,2021,Toyota,Highlander,"Hybrid LE, Hybrid Limited, Hybrid Platinum, Hybrid XLE, L, LE, Limited, Platinum, XLE, XSE","2.5L L4 - Electric/Gas, 2.5L L4 - FULL HYBRID EV-GAS (FHEV), 3.5L V6 - Gas",40605
PT29A4820114,2020,Toyota,Highlander,"Hybrid LE, Hybrid Limited, Hybrid Platinum, Hybrid XLE, L, LE, Limited, Platinum, XLE","2.5L L4 - Electric/Gas, 2.5L L4 - FULL HYBRID EV-GAS (FHEV), 3.5L V6 - Gas",40606
PT29A4820115,2023,Toyota,Highlander,"Hybrid Bronze Edition, Hybrid LE, Hybrid Limited, Hybrid Platinum, Hybrid XLE, L, LE, Limited, Platinum, XLE, XSE","2.4L L4 - Gas, 2.5L L4 - Electric/Gas, 2.5L L4 - FULL HYBRID EV-GAS (FHEV)",40607
PT29A4820115,2022,Toyota,Highlander,"Hybrid Bronze Edition, Hybrid LE, Hybrid Limited, Hybrid Platinum, Hybrid XLE, L, LE, Limited, Platinum, XLE, XSE","2.5L L4 - Electric/Gas, 2.5L L4 - FULL HYBRID EV-GAS (FHEV), 3.5L V6 - Gas",40608
PT29A4820115,2021,Toyota,Highlander,"Hybrid LE, Hybrid Limited, Hybrid Platinum, Hybrid XLE, L, LE, Limited, Platinum, XLE, XSE","2.5L L4 - Electric/Gas, 2.5L L4 - FULL HYBRID EV-GAS (FHEV), 3.5L V6 - Gas",47661
PT29A4820115,2020,Toyota,Highlander,"Hybrid LE, Hybrid Limited, Hybrid Platinum, Hybrid XLE, L, LE, Limited, Platinum, XLE","2.5L L4 - Electric/Gas, 2.5L L4 - FULL HYBRID EV-GAS (FHEV), 3.5L V6 - Gas",40611
PT29A4820117,2023,Toyota,Highlander,"Hybrid Bronze Edition, Hybrid LE, Hybrid Limited, Hybrid Platinum, Hybrid XLE, L, LE, Limited, Platinum, XLE, XSE","2.4L L4 - Gas, 2.5L L4 - Electric/Gas, 2.5L L4 - FULL HYBRID EV-GAS (FHEV)",47665
PT29A4820117,2022,Toyota,Highlander,"Hybrid Bronze Edition, Hybrid LE, Hybrid Limited, Hybrid Platinum, Hybrid XLE, L, LE, Limited, Platinum, XLE, XSE","2.5L L4 - Electric/Gas, 2.5L L4 - FULL HYBRID EV-GAS (FHEV), 3.5L V6 - Gas",40612
PT29A4820117,2021,Toyota,Highlander,"Hybrid LE, Hybrid Limited, Hybrid Platinum, Hybrid XLE, L, LE, Limited, Platinum, XLE, XSE","2.5L L4 - Electric/Gas, 2.5L L4 - FULL HYBRID EV-GAS (FHEV), 3.5L V6 - Gas",40613
PT29A4820117,2020,Toyota,Highlander,"Hybrid LE, Hybrid Limited, Hybrid Platinum, Hybrid XLE, L, LE, Limited, Platinum, XLE","2.5L L4 - Electric/Gas, 2.5L L4 - FULL HYBRID EV-GAS (FHEV), 3.5L V6 - Gas",40614
PT9084220020,2024,Toyota,RAV4,"Adventure, Hybrid LE, Hybrid Limited, Hybrid SE, Hybrid Woodland Edition, Hybrid XLE, Hybrid XLE Premium, Hybrid XSE, LE, Limited, TRD Off-Road, XLE, XLE Premium","2.5L L4 - Electric/Gas, 2.5L L4 - Gas",42393
PT9084220020,2023,Toyota,RAV4,"Adventure, Hybrid LE, Hybrid Limited, Hybrid SE, Hybrid Woodland Edition, Hybrid XLE, Hybrid XLE Premium, Hybrid XSE, LE, Limited, TRD Off-Road, XLE, XLE Premium","2.5L L4 - Electric/Gas, 2.5L L4 - FULL HYBRID EV-GAS (FHEV), 2.5L L4 - Gas",42394
PT9084220020,2022,Toyota,RAV4,"Adventure, Hybrid LE, Hybrid Limited, Hybrid SE, Hybrid XLE, Hybrid XLE Premium, Hybrid XSE, LE, Limited, TRD Off-Road, XLE, XLE Premium","2.5L L4 - Electric/Gas, 2.5L L4 - FULL HYBRID EV-GAS (FHEV), 2.5L L4 - Gas",42413
PT9084220020,2021,Toyota,RAV4,"Adventure, Hybrid LE, Hybrid Limited, Hybrid XLE, Hybrid XLE Premium, Hybrid XSE, LE, Limited, TRD Off-Road, XLE, XLE Premium","2.5L L4 - Electric/Gas, 2.5L L4 - FULL HYBRID EV-GAS (FHEV), 2.5L L4 - Gas",42414
PT9084220020,2020,Toyota,RAV4,"Adventure, Hybrid LE, Hybrid Limited, Hybrid XLE, Hybrid XSE, LE, Limited, TRD Off-Road, XLE, XLE Premium","2.5L L4 - Electric/Gas, 2.5L L4 - FULL HYBRID EV-GAS (FHEV), 2.5L L4 - Gas",42415
PT73834221,null,null,null,null,null,42112
PT73834221,null,null,null,null,null,49110
PT9384716008,2018,Toyota,Prius,"Four, Four Touring, One, Three, Three Touring, Two, Two Eco","1.8L L4 - Electric/Gas, 1.8L L4 - FULL HYBRID EV-GAS (FHEV)",41435
PT9384716008,2017,Toyota,Prius Prime,"Advanced, Plus, Premium",1.8L L4 - Electric/Gas,43243
PT9384716008,2016,Toyota,Prius,"Four, Four Touring, Three, Three Touring, Two, Two Eco","1.8L L4 - Electric/Gas, 1.8L L4 - FULL HYBRID EV-GAS (FHEV)",43244
PT9384716008,2020,Toyota,Prius,"L Eco, LE, Limited, XLE",1.8L L4 - Electric/Gas,43235
PT9384716008,2020,Toyota,Prius AWD-e,"LE, XLE",1.8L L4 - Electric/Gas,43236
PT9384716008,2020,Toyota,Prius Prime,"LE, Limited, XLE",1.8L L4 - Electric/Gas,43237
PT9384716008,2019,Toyota,Prius,"L Eco, LE, Limited, XLE",1.8L L4 - Electric/Gas,43238
PT9384716008,2019,Toyota,Prius AWD-e,"LE, XLE",1.8L L4 - Electric/Gas,43239
PT9384716008,2019,Toyota,Prius Prime,"Advanced, Plus, Premium",1.8L L4 - Electric/Gas,43240
PT9384716008,2018,Toyota,Prius Prime,"Advanced, Plus, Premium",1.8L L4 - Electric/Gas,43241
PT9384716008,2017,Toyota,Prius,"Four, Four Touring, One, Three, Three Touring, Two, Two Eco","1.8L L4 - Electric/Gas, 1.8L L4 - FULL HYBRID EV-GAS (FHEV)",43242
PK38912L00TF,null,null,null,null,null,40114
PK38912L00TF,null,null,null,null,null,47104
PK38912L00TR,null,null,null,null,null,40170
PK38912L00TR,null,null,null,null,null,47123
PT9380214002,2019,Toyota,Corolla,"L, LE, LE Eco, SE, XLE, XSE","1.8L L4 - Gas, 2.0L L4 - Gas",43061
PT9380214002,2018,Toyota,Corolla,"L, LE, LE Eco, SE, XLE, XSE",1.8L L4 - Gas,43062
PT9380214002,2017,Toyota,Corolla,"50th Anniversary Special Edition, L, LE, LE Eco, SE, XLE, XSE",1.8L L4 - Gas,43063
PT9380214002,2016,Toyota,Corolla,"L, LE, LE Eco, S, Special Edition",1.8L L4 - Gas,43064
PT9380214002,2015,Toyota,Corolla,"L, LE, LE Eco, S",1.8L L4 - Gas,43065
PT9380214002,2014,Toyota,Corolla,"L, LE, LE Eco, Le Eco Plus, S",1.8L L4 - Gas,43066
PT9380214003,2019,Toyota,Corolla,"L, LE, LE Eco, SE, XLE, XSE","1.8L L4 - Gas, 2.0L L4 - Gas",43067
PT9380214003,2018,Toyota,Corolla,"L, LE, LE Eco, SE, XLE, XSE",1.8L L4 - Gas,43068
PT9380214003,2017,Toyota,Corolla,"50th Anniversary Special Edition, L, LE, LE Eco, SE, XLE, XSE",1.8L L4 - Gas,43069
PT9380214003,2016,Toyota,Corolla,"L, LE, LE Eco, S, Special Edition",1.8L L4 - Gas,43070
PT9380214003,2015,Toyota,Corolla,"L, LE, LE Eco, S",1.8L L4 - Gas,43071
PT9380214003,2014,Toyota,Corolla,"L, LE, LE Eco, Le Eco Plus, S",1.8L L4 - Gas,43072
PT9384716020,2021,Toyota,Prius,"2020 Edition, L Eco, LE, Limited, XLE","1.8L L4 - Electric/Gas, 1.8L L4 - FULL HYBRID EV-GAS (FHEV)",43279
PT9384716020,2021,Toyota,Prius Prime,"LE, Limited, XLE","1.8L L4 - Electric/Gas, 1.8L L4 - PLUG-IN HYBRID EV-GAS (PH",43280
PT9384716020,2020,Toyota,Prius,"Base, L Eco, LE, Limited, XLE","1.8L L4 - Electric/Gas, 1.8L L4 - FULL HYBRID EV-GAS (FHEV)",43281
PT9384716020,2020,Toyota,Prius AWD-e,"LE, XLE",1.8L L4 - Electric/Gas,41456
PT9384716020,2020,Toyota,Prius Prime,"LE, Limited, XLE","1.8L L4 - Electric/Gas, 1.8L L4 - PLUG-IN HYBRID EV-GAS (PH",43282
PT9384716020,2019,Toyota,Prius,"L Eco, LE, Limited, XLE","1.8L L4 - Electric/Gas, 1.8L L4 - FULL HYBRID EV-GAS (FHEV)",43283
PT9384716020,2019,Toyota,Prius AWD-e,"LE, XLE",1.8L L4 - Electric/Gas,43284
PT9384716020,2019,Toyota,Prius Prime,"Advanced, Plus, Premium","1.8L L4 - Electric/Gas, 1.8L L4 - PLUG-IN HYBRID EV-GAS (PH",43285
PT9384716020,2018,Toyota,Prius,"Four, Four Touring, One, Three, Three Touring, Two, Two Eco","1.8L L4 - Electric/Gas, 1.8L L4 - FULL HYBRID EV-GAS (FHEV)",43286
PT9384716020,2018,Toyota,Prius Prime,"Advanced, Plus, Premium","1.8L L4 - Electric/Gas, 1.8L L4 - PLUG-IN HYBRID EV-GAS (PH",43287
PT9384716020,2017,Toyota,Prius,"Four, Four Touring, One, Three, Three Touring, Two, Two Eco","1.8L L4 - Electric/Gas, 1.8L L4 - FULL HYBRID EV-GAS (FHEV)",43288
PT9384716020,2017,Toyota,Prius Prime,"Advanced, Plus, Premium","1.8L L4 - Electric/Gas, 1.8L L4 - PLUG-IN HYBRID EV-GAS (PH",43289
PT9384716020,2016,Toyota,Prius,"Four, Four Touring, Three, Three Touring, Two, Two Eco","1.8L L4 - Electric/Gas, 1.8L L4 - FULL HYBRID EV-GAS (FHEV)",43290
PT9380214021,2019,Toyota,Corolla,"L, LE, LE Eco, SE, XLE, XSE","1.8L L4 - Gas, 2.0L L4 - Gas",43085
PT9380214021,2018,Toyota,Corolla,"L, LE, LE Eco, SE, XLE, XSE",1.8L L4 - Gas,43086
PT9380214021,2017,Toyota,Corolla,"50th Anniversary Special Edition, L, LE, LE Eco, SE, XLE, XSE",1.8L L4 - Gas,43087
PT9380214022,2017,Toyota,Corolla,"50th Anniversary Special Edition, L, LE, LE Eco, SE, XLE, XSE",1.8L L4 - Gas,41127
PT9380214022,2019,Toyota,Corolla,"L, LE, LE Eco, SE, XLE, XSE","1.8L L4 - Gas, 2.0L L4 - Gas",43088
PT9380214022,2018,Toyota,Corolla,"L, LE, LE Eco, SE, XLE, XSE",1.8L L4 - Gas,43089
PT9384213011,2015,Toyota,RAV4,"LE, Limited, XLE",2.5L L4 - Gas,43106
PT9384213011,2014,Toyota,RAV4,"EV, LE, Limited, XLE","2.5L L4 - Gas, Electric",43107
PT9384213011,2013,Toyota,RAV4,"EV, LE, Limited, XLE","2.5L L4 - Gas, Electric",43108
PT9384213011,2018,Toyota,RAV4,"Adventure, Hybrid Limited, Hybrid SE, Hybrid XLE, LE, Limited, Platinum, SE, XLE","2.5L L4 - Electric/Gas, 2.5L L4 - FULL HYBRID EV-GAS (FHEV), 2.5L L4 - Gas",43103
PT9384213011,2017,Toyota,RAV4,"Hybrid Limited, Hybrid SE, Hybrid XLE, LE, Limited, Platinum, SE, XLE","2.5L L4 - Electric/Gas, 2.5L L4 - FULL HYBRID EV-GAS (FHEV), 2.5L L4 - Gas",43104
PT9384213011,2016,Toyota,RAV4,"Hybrid Limited, Hybrid XLE, LE, Limited, SE, XLE","2.5L L4 - Electric/Gas, 2.5L L4 - FULL HYBRID EV-GAS (FHEV), 2.5L L4 - Gas",43105
PT9384716001,2020,Toyota,Prius Prime,"LE, Limited, XLE","1.8L L4 - Electric/Gas, 1.8L L4 - PLUG-IN HYBRID EV-GAS (PH",43188
PT9384716001,2019,Toyota,Prius,"L Eco, LE, Limited, XLE","1.8L L4 - Electric/Gas, 1.8L L4 - FULL HYBRID EV-GAS (FHEV)",43189
PT9384716001,2019,Toyota,Prius AWD-e,"LE, XLE",1.8L L4 - Electric/Gas,43190
PT9384716001,2019,Toyota,Prius Prime,"Advanced, Plus, Premium","1.8L L4 - Electric/Gas, 1.8L L4 - PLUG-IN HYBRID EV-GAS (PH",43191
PT9384716001,2018,Toyota,Prius,"Four, Four Touring, One, Three, Three Touring, Two, Two Eco","1.8L L4 - Electric/Gas, 1.8L L4 - FULL HYBRID EV-GAS (FHEV)",43192
PT9384716001,2018,Toyota,Prius Prime,"Advanced, Plus, Premium","1.8L L4 - Electric/Gas, 1.8L L4 - PLUG-IN HYBRID EV-GAS (PH",43193
PT9384716001,2017,Toyota,Prius,"Four, Four Touring, One, Three, Three Touring, Two, Two Eco","1.8L L4 - Electric/Gas, 1.8L L4 - FULL HYBRID EV-GAS (FHEV)",43194
PT9384716001,2022,Toyota,Prius,"L Eco, LE, Limited, XLE","1.8L L4 - Electric/Gas, 1.8L L4 - FULL HYBRID EV-GAS (FHEV)",43180
PT9384716001,2022,Toyota,Prius AWD-e,"LE, XLE",1.8L L4 - Electric/Gas,43181
PT9384716001,2022,Toyota,Prius Prime,"LE, Limited, XLE","1.8L L4 - Electric/Gas, 1.8L L4 - PLUG-IN HYBRID EV-GAS (PH",43182
PT9384716001,2021,Toyota,Prius,"2020 Edition, L Eco, LE, Limited, XLE","1.8L L4 - Electric/Gas, 1.8L L4 - FULL HYBRID EV-GAS (FHEV)",43183
PT9384716001,2021,Toyota,Prius AWD-e,"LE, XLE",1.8L L4 - Electric/Gas,43184
PT9384716001,2021,Toyota,Prius Prime,"LE, Limited, XLE","1.8L L4 - Electric/Gas, 1.8L L4 - PLUG-IN HYBRID EV-GAS (PH",43185
PT9384716001,2020,Toyota,Prius,"Base, L Eco, LE, Limited, XLE","1.8L L4 - Electric/Gas, 1.8L L4 - FULL HYBRID EV-GAS (FHEV)",43186
PT9384716001,2020,Toyota,Prius AWD-e,"LE, XLE",1.8L L4 - Electric/Gas,43187
PT9384716001,2017,Toyota,Prius Prime,"Advanced, Plus, Premium","1.8L L4 - Electric/Gas, 1.8L L4 - PLUG-IN HYBRID EV-GAS (PH",43195
PT9384716001,2016,Toyota,Prius,"Four, Four Touring, Three, Three Touring, Two, Two Eco","1.8L L4 - Electric/Gas, 1.8L L4 - FULL HYBRID EV-GAS (FHEV)",43196
PT9384716002,2019,Toyota,Prius Prime,"Advanced, Plus, Premium",1.8L L4 - Electric/Gas,43208
PT9384716002,2018,Toyota,Prius,"Four, Four Touring, One, Three, Three Touring, Two, Two Eco","1.8L L4 - Electric/Gas, 1.8L L4 - FULL HYBRID EV-GAS (FHEV)",41334
PT9384716002,2018,Toyota,Prius Prime,"Advanced, Plus, Premium",1.8L L4 - Electric/Gas,43209
PT9384716002,2017,Toyota,Prius,"Four, Four Touring, One, Three, Three Touring, Two, Two Eco","1.8L L4 - Electric/Gas, 1.8L L4 - FULL HYBRID EV-GAS (FHEV)",43210
PT9384716002,2017,Toyota,Prius Prime,"Advanced, Plus, Premium",1.8L L4 - Electric/Gas,43211
PT9384716002,2016,Toyota,Prius,"Four, Four Touring, Three, Three Touring, Two, Two Eco","1.8L L4 - Electric/Gas, 1.8L L4 - FULL HYBRID EV-GAS (FHEV)",43212
PT9384716002,2022,Toyota,Prius,"L Eco, LE, Limited, XLE","1.8L L4 - Electric/Gas, 1.8L L4 - FULL HYBRID EV-GAS (FHEV)",43197
PT9384716002,2022,Toyota,Prius AWD-e,"LE, XLE",1.8L L4 - Electric/Gas,43198
PT9384716002,2022,Toyota,Prius Prime,"LE, Limited, XLE","1.8L L4 - Electric/Gas, 1.8L L4 - PLUG-IN HYBRID EV-GAS (PH",43199
PT9384716002,2021,Toyota,Prius,"2020 Edition, L Eco, LE, Limited, XLE","1.8L L4 - Electric/Gas, 1.8L L4 - FULL HYBRID EV-GAS (FHEV)",43200
PT9384716002,2021,Toyota,Prius AWD-e,"LE, XLE",1.8L L4 - Electric/Gas,43201
PT9384716002,2021,Toyota,Prius Prime,"LE, Limited, XLE","1.8L L4 - Electric/Gas, 1.8L L4 - PLUG-IN HYBRID EV-GAS (PH",43202
PT9384716002,2020,Toyota,Prius,"Base, L Eco, LE, Limited, XLE","1.8L L4 - Electric/Gas, 1.8L L4 - FULL HYBRID EV-GAS (FHEV)",43203
PT9384716002,2020,Toyota,Prius AWD-e,"LE, XLE",1.8L L4 - Electric/Gas,43204
PT9384716002,2020,Toyota,Prius Prime,"LE, Limited, XLE","1.8L L4 - Electric/Gas, 1.8L L4 - PLUG-IN HYBRID EV-GAS (PH",43205
PT9384716002,2019,Toyota,Prius,"L Eco, LE, Limited, XLE","1.8L L4 - Electric/Gas, 1.8L L4 - FULL HYBRID EV-GAS (FHEV)",43206
PT9384716002,2019,Toyota,Prius AWD-e,"LE, XLE",1.8L L4 - Electric/Gas,43207
PT9384716011,2022,Toyota,Prius,"L Eco, LE, Limited, XLE","1.8L L4 - Electric/Gas, 1.8L L4 - FULL HYBRID EV-GAS (FHEV)",43258
PT9384716011,2022,Toyota,Prius AWD-e,"LE, XLE",1.8L L4 - Electric/Gas,43259
PT9384716011,2022,Toyota,Prius Prime,"LE, Limited, XLE","1.8L L4 - Electric/Gas, 1.8L L4 - PLUG-IN HYBRID EV-GAS (PH",43260
PT9384716011,2021,Toyota,Prius,"2020 Edition, L Eco, LE, Limited, XLE","1.8L L4 - Electric/Gas, 1.8L L4 - FULL HYBRID EV-GAS (FHEV)",43261
PT9384716011,2021,Toyota,Prius AWD-e,"LE, XLE",1.8L L4 - Electric/Gas,43262
PT9384716011,2021,Toyota,Prius Prime,"LE, Limited, XLE","1.8L L4 - Electric/Gas, 1.8L L4 - PLUG-IN HYBRID EV-GAS (PH",43263
PT9384716011,2020,Toyota,Prius,"Base, L Eco, LE, Limited, XLE","1.8L L4 - Electric/Gas, 1.8L L4 - FULL HYBRID EV-GAS (FHEV)",43264
PT9384716011,2020,Toyota,Prius AWD-e,"LE, XLE",1.8L L4 - Electric/Gas,43265
PT9384716011,2020,Toyota,Prius Prime,"LE, Limited, XLE","1.8L L4 - Electric/Gas, 1.8L L4 - PLUG-IN HYBRID EV-GAS (PH",43266
PT9384716011,2019,Toyota,Prius,"L Eco, LE, Limited, XLE","1.8L L4 - Electric/Gas, 1.8L L4 - FULL HYBRID EV-GAS (FHEV)",43267
PT9384716011,2019,Toyota,Prius AWD-e,"LE, XLE",1.8L L4 - Electric/Gas,43268
PT9384716011,2019,Toyota,Prius Prime,"Advanced, Plus, Premium","1.8L L4 - Electric/Gas, 1.8L L4 - PLUG-IN HYBRID EV-GAS (PH",43269
PT9384716011,2018,Toyota,Prius,"Four, Four Touring, One, Three, Three Touring, Two, Two Eco","1.8L L4 - Electric/Gas, 1.8L L4 - FULL HYBRID EV-GAS (FHEV)",43270
PT9384716011,2018,Toyota,Prius Prime,"Advanced, Plus, Premium","1.8L L4 - Electric/Gas, 1.8L L4 - PLUG-IN HYBRID EV-GAS (PH",43271
PT9384716011,2017,Toyota,Prius,"Four, Four Touring, One, Three, Three Touring, Two, Two Eco","1.8L L4 - Electric/Gas, 1.8L L4 - FULL HYBRID EV-GAS (FHEV)",43272
PT9384716011,2017,Toyota,Prius Prime,"Advanced, Plus, Premium","1.8L L4 - Electric/Gas, 1.8L L4 - PLUG-IN HYBRID EV-GAS (PH",43273
PT9384716011,2016,Toyota,Prius,"Four, Four Touring, Three, Three Touring, Two, Two Eco","1.8L L4 - Electric/Gas, 1.8L L4 - FULL HYBRID EV-GAS (FHEV)",41453
PT9380214010,2019,Toyota,Corolla,"L, LE, LE Eco, SE, XLE, XSE","1.8L L4 - Gas, 2.0L L4 - Gas",43073
PT9380214010,2018,Toyota,Corolla,"L, LE, LE Eco, SE, XLE, XSE",1.8L L4 - Gas,43074
PT9380214010,2017,Toyota,Corolla,"50th Anniversary Special Edition, L, LE, LE Eco, SE, XLE, XSE",1.8L L4 - Gas,43075
PT9380214010,2016,Toyota,Corolla,"L, LE, LE Eco, S, Special Edition",1.8L L4 - Gas,43076
PT9380214010,2015,Toyota,Corolla,"L, LE, LE Eco, S",1.8L L4 - Gas,43077
PT9380214010,2014,Toyota,Corolla,"L, LE, LE Eco, Le Eco Plus, S",1.8L L4 - Gas,43078
PT29A4723001,2024,Toyota,Prius,"LE, Limited, XLE",2.0L L4 - Electric/Gas,40586
PT29A4723001,2024,Toyota,Prius Prime,"SE, XSE, XSE Premium",2.0L L4 - Electric/Gas,40587
PT9380214011,2019,Toyota,Corolla,"L, LE, LE Eco, SE, XLE, XSE","1.8L L4 - Gas, 2.0L L4 - Gas",43079
PT9380214011,2018,Toyota,Corolla,"L, LE, LE Eco, SE, XLE, XSE",1.8L L4 - Gas,43080
PT9380214011,2017,Toyota,Corolla,"50th Anniversary Special Edition, L, LE, LE Eco, SE, XLE, XSE",1.8L L4 - Gas,43081
PT9380214011,2016,Toyota,Corolla,"L, LE, LE Eco, S, Special Edition",1.8L L4 - Gas,43082
PT9380214011,2015,Toyota,Corolla,"L, LE, LE Eco, S",1.8L L4 - Gas,43083
PT9380214011,2014,Toyota,Corolla,"L, LE, LE Eco, Le Eco Plus, S",1.8L L4 - Gas,43084
PT29A4723003,2024,Toyota,Prius Prime,"SE, XSE, XSE Premium",2.0L L4 - Electric/Gas,40225
PT29A4723003,2024,Toyota,Prius,"LE, Limited, XLE",2.0L L4 - Electric/Gas,40590
PT76735100,null,null,null,null,null,42133
PT76735100,null,null,null,null,null,49131
PT9384213010,2018,Toyota,RAV4,"Adventure, Hybrid Limited, Hybrid SE, Hybrid XLE, LE, Limited, Platinum, SE, XLE","2.5L L4 - Electric/Gas, 2.5L L4 - FULL HYBRID EV-GAS (FHEV), 2.5L L4 - Gas",41132
PT9384213010,2013,Toyota,RAV4,"EV, LE, Limited, XLE","2.5L L4 - Gas, Electric",43102
PT9384213010,2017,Toyota,RAV4,"Hybrid Limited, Hybrid SE, Hybrid XLE, LE, Limited, Platinum, SE, XLE","2.5L L4 - Electric/Gas, 2.5L L4 - FULL HYBRID EV-GAS (FHEV), 2.5L L4 - Gas",43098
PT9384213010,2016,Toyota,RAV4,"Hybrid Limited, Hybrid XLE, LE, Limited, SE, XLE","2.5L L4 - Electric/Gas, 2.5L L4 - FULL HYBRID EV-GAS (FHEV), 2.5L L4 - Gas",43099
PT9384213010,2015,Toyota,RAV4,"LE, Limited, XLE",2.5L L4 - Gas,43100
PT9384213010,2014,Toyota,RAV4,"EV, LE, Limited, XLE","2.5L L4 - Gas, Electric",43101
PT9384716007,2022,Toyota,Prius,"L Eco, LE, Limited, XLE","1.8L L4 - Electric/Gas, 1.8L L4 - FULL HYBRID EV-GAS (FHEV)",41386
PT9384716007,2020,Toyota,Prius Prime,"LE, Limited, XLE",1.8L L4 - Electric/Gas,43226
PT9384716007,2019,Toyota,Prius,"L Eco, LE, Limited, XLE","1.8L L4 - Electric/Gas, 1.8L L4 - FULL HYBRID EV-GAS (FHEV)",43227
PT9384716007,2019,Toyota,Prius AWD-e,"LE, XLE",1.8L L4 - Electric/Gas,43228
PT9384716007,2019,Toyota,Prius Prime,"Advanced, Plus, Premium",1.8L L4 - Electric/Gas,43229
PT9384716007,2018,Toyota,Prius,"Four, Four Touring, One, Three, Three Touring, Two, Two Eco","1.8L L4 - Electric/Gas, 1.8L L4 - FULL HYBRID EV-GAS (FHEV)",43230
PT9384716007,2018,Toyota,Prius Prime,"Advanced, Plus, Premium",1.8L L4 - Electric/Gas,43231
PT9384716007,2017,Toyota,Prius,"Four, Four Touring, One, Three, Three Touring, Two, Two Eco","1.8L L4 - Electric/Gas, 1.8L L4 - FULL HYBRID EV-GAS (FHEV)",43232
PT9384716007,2017,Toyota,Prius Prime,"Advanced, Plus, Premium",1.8L L4 - Electric/Gas,43233
PT9384716007,2016,Toyota,Prius,"Four, Four Touring, Three, Three Touring, Two, Two Eco","1.8L L4 - Electric/Gas, 1.8L L4 - FULL HYBRID EV-GAS (FHEV)",43234
PT9384716007,2022,Toyota,Prius AWD-e,"LE, XLE",1.8L L4 - Electric/Gas,43219
PT9384716007,2022,Toyota,Prius Prime,"LE, Limited, XLE",1.8L L4 - Electric/Gas,43220
PT9384716007,2021,Toyota,Prius,"2020 Edition, L Eco, LE, Limited, XLE","1.8L L4 - Electric/Gas, 1.8L L4 - FULL HYBRID EV-GAS (FHEV)",43221
PT9384716007,2021,Toyota,Prius AWD-e,"LE, XLE",1.8L L4 - Electric/Gas,43222
PT9384716007,2021,Toyota,Prius Prime,"LE, Limited, XLE",1.8L L4 - Electric/Gas,43223
PT9384716007,2020,Toyota,Prius,"Base, L Eco, LE, Limited, XLE","1.8L L4 - Electric/Gas, 1.8L L4 - FULL HYBRID EV-GAS (FHEV)",43224
PT9384716007,2020,Toyota,Prius AWD-e,"LE, XLE",1.8L L4 - Electric/Gas,43225
PT9384716010,2022,Toyota,Prius,"L Eco, LE, Limited, XLE","1.8L L4 - Electric/Gas, 1.8L L4 - FULL HYBRID EV-GAS (FHEV)",43245
PT9384716010,2022,Toyota,Prius Prime,"LE, Limited, XLE","1.8L L4 - Electric/Gas, 1.8L L4 - PLUG-IN HYBRID EV-GAS (PH",43246
PT9384716010,2021,Toyota,Prius,"2020 Edition, L Eco, LE, Limited, XLE","1.8L L4 - Electric/Gas, 1.8L L4 - FULL HYBRID EV-GAS (FHEV)",43247
PT9384716010,2021,Toyota,Prius Prime,"LE, Limited, XLE","1.8L L4 - Electric/Gas, 1.8L L4 - PLUG-IN HYBRID EV-GAS (PH",43248
PT9384716010,2020,Toyota,Prius,"Base, L Eco, LE, Limited, XLE","1.8L L4 - Electric/Gas, 1.8L L4 - FULL HYBRID EV-GAS (FHEV)",43249
PT9384716010,2020,Toyota,Prius Prime,"LE, Limited, XLE","1.8L L4 - Electric/Gas, 1.8L L4 - PLUG-IN HYBRID EV-GAS (PH",43250
PT9384716010,2019,Toyota,Prius,"L Eco, LE, Limited, XLE","1.8L L4 - Electric/Gas, 1.8L L4 - FULL HYBRID EV-GAS (FHEV)",43251
PT9384716010,2019,Toyota,Prius Prime,"Advanced, Plus, Premium","1.8L L4 - Electric/Gas, 1.8L L4 - PLUG-IN HYBRID EV-GAS (PH",43252
PT9384716010,2018,Toyota,Prius,"Four, Four Touring, One, Three, Three Touring, Two, Two Eco","1.8L L4 - Electric/Gas, 1.8L L4 - FULL HYBRID EV-GAS (FHEV)",43253
PT9384716010,2018,Toyota,Prius Prime,"Advanced, Plus, Premium","1.8L L4 - Electric/Gas, 1.8L L4 - PLUG-IN HYBRID EV-GAS (PH",43254
PT9384716010,2017,Toyota,Prius,"Four, Four Touring, One, Three, Three Touring, Two, Two Eco","1.8L L4 - Electric/Gas, 1.8L L4 - FULL HYBRID EV-GAS (FHEV)",43255
PT9384716010,2017,Toyota,Prius Prime,"Advanced, Plus, Premium","1.8L L4 - Electric/Gas, 1.8L L4 - PLUG-IN HYBRID EV-GAS (PH",43256
PT9384716010,2016,Toyota,Prius,"Four, Four Touring, Three, Three Touring, Two, Two Eco","1.8L L4 - Electric/Gas, 1.8L L4 - FULL HYBRID EV-GAS (FHEV)",43257
PT9384219020,2022,Toyota,RAV4,"Adventure, Hybrid LE, Hybrid Limited, Hybrid SE, Hybrid XLE, Hybrid XLE Premium, Hybrid XSE, LE, Limited, TRD Off-Road, XLE, XLE Premium","2.5L L4 - Electric/Gas, 2.5L L4 - FULL HYBRID EV-GAS (FHEV), 2.5L L4 - Gas",43175
PT9384219020,2021,Toyota,RAV4,"Adventure, Hybrid LE, Hybrid Limited, Hybrid XLE, Hybrid XLE Premium, Hybrid XSE, LE, Limited, TRD Off-Road, XLE, XLE Premium","2.5L L4 - Electric/Gas, 2.5L L4 - FULL HYBRID EV-GAS (FHEV), 2.5L L4 - Gas",43176
PT9384219020,2020,Toyota,RAV4,"Adventure, Hybrid LE, Hybrid Limited, Hybrid XLE, Hybrid XSE, LE, Limited, TRD Off-Road, XLE, XLE Premium","2.5L L4 - Electric/Gas, 2.5L L4 - FULL HYBRID EV-GAS (FHEV), 2.5L L4 - Gas",43177
PT9384219020,2019,Toyota,RAV4,"Adventure, Hybrid LE, Hybrid Limited, Hybrid XLE, Hybrid XSE, LE, Limited, XLE, XLE Premium","2.5L L4 - Electric/Gas, 2.5L L4 - FULL HYBRID EV-GAS (FHEV), 2.5L L4 - Gas",43178
PT29A4723000,2024,Toyota,Prius,"LE, Limited, XLE",2.0L L4 - Electric/Gas,40584
PT29A4723000,2024,Toyota,Prius Prime,"SE, XSE, XSE Premium",2.0L L4 - Electric/Gas,40585
PT9384219035,2024,Toyota,bZ4X,"Limited, XLE",Electric,43179
PT29A0220011,2025,Toyota,Corolla,"Nightshade, SE, XSE",2.0L L4 - Gas,40539
PT29A0220011,2024,Toyota,Corolla,"Hybrid LE, Hybrid Nightshade, Hybrid SE, Hybrid XLE, LE, Nightshade, SE, XSE","1.8L L4 - Electric/Gas, 2.0L L4 - Gas",40540
PT29A0220011,2023,Toyota,Corolla,"Hybrid LE, Hybrid SE, Hybrid XLE, LE, SE, XSE","1.8L L4 - Electric/Gas, 1.8L L4 - FULL HYBRID EV-GAS (FHEV), 2.0L L4 - Gas",40541
PT29A0220011,2022,Toyota,Corolla,"Hybrid LE, L, LE, SE, SE Apex, SE Nightshade, XLE, XSE, XSE Apex","1.8L L4 - Electric/Gas, 1.8L L4 - FULL HYBRID EV-GAS (FHEV), 1.8L L4 - Gas, 2.0L L4 - Gas",40542
PT29A0220011,2021,Toyota,Corolla,"Hybrid LE, L, LE, SE, SE Apex, SE Nightshade, XLE, XSE, XSE Apex","1.8L L4 - Electric/Gas, 1.8L L4 - FULL HYBRID EV-GAS (FHEV), 1.8L L4 - Gas, 2.0L L4 - Gas",40543
PT29A0220011,2020,Toyota,Corolla,"Hybrid LE, L, LE, SE, SE Nightshade, XLE, XSE","1.8L L4 - Electric/Gas, 1.8L L4 - FULL HYBRID EV-GAS (FHEV), 1.8L L4 - Gas, 2.0L L4 - Gas",40544
PT29A0220022,2025,Toyota,Corolla,"Nightshade, SE, XSE",2.0L L4 - Gas,40550
PT29A0220022,2024,Toyota,Corolla,"Hybrid LE, Hybrid Nightshade, Hybrid SE, Hybrid XLE, LE, Nightshade, SE, XSE","1.8L L4 - Electric/Gas, 2.0L L4 - Gas",40551
PT29A0220022,2023,Toyota,Corolla,"Hybrid LE, Hybrid SE, Hybrid XLE, LE, SE, XSE","1.8L L4 - Electric/Gas, 1.8L L4 - FULL HYBRID EV-GAS (FHEV), 2.0L L4 - Gas",40552
PT29A0220033,2025,Toyota,Corolla,"Nightshade, SE, XSE",2.0L L4 - Gas,40555
PT29A0220033,2024,Toyota,Corolla,"Hybrid LE, Hybrid Nightshade, Hybrid SE, Hybrid XLE, LE, Nightshade, SE, XSE","1.8L L4 - Electric/Gas, 2.0L L4 - Gas",40556
PT29A0220033,2023,Toyota,Corolla,"Hybrid LE, Hybrid SE, Hybrid XLE, LE, SE, XSE","1.8L L4 - Electric/Gas, 1.8L L4 - FULL HYBRID EV-GAS (FHEV), 2.0L L4 - Gas",40557
PT9384219003,2024,Toyota,RAV4,"Adventure, Hybrid LE, Hybrid Limited, Hybrid SE, Hybrid Woodland Edition, Hybrid XLE, Hybrid XLE Premium, Hybrid XSE, LE, Limited, TRD Off-Road, XLE, XLE Premium","2.5L L4 - Electric/Gas, 2.5L L4 - Gas",43135
PT9384219003,2023,Toyota,RAV4,"Adventure, Hybrid LE, Hybrid Limited, Hybrid SE, Hybrid Woodland Edition, Hybrid XLE, Hybrid XLE Premium, Hybrid XSE, LE, Limited, TRD Off-Road, XLE, XLE Premium","2.5L L4 - Electric/Gas, 2.5L L4 - FULL HYBRID EV-GAS (FHEV), 2.5L L4 - Gas",41252
PT9384219003,2022,Toyota,RAV4,"Adventure, Hybrid LE, Hybrid Limited, Hybrid SE, Hybrid XLE, Hybrid XLE Premium, Hybrid XSE, LE, Limited, TRD Off-Road, XLE, XLE Premium","2.5L L4 - Electric/Gas, 2.5L L4 - FULL HYBRID EV-GAS (FHEV), 2.5L L4 - Gas",43136
PT9384219003,2021,Toyota,RAV4,"Adventure, Hybrid LE, Hybrid Limited, Hybrid XLE, Hybrid XLE Premium, Hybrid XSE, LE, Limited, TRD Off-Road, XLE, XLE Premium","2.5L L4 - Electric/Gas, 2.5L L4 - FULL HYBRID EV-GAS (FHEV), 2.5L L4 - Gas",43137
PT9384219003,2020,Toyota,RAV4,"Adventure, Hybrid LE, Hybrid Limited, Hybrid XLE, Hybrid XSE, LE, Limited, TRD Off-Road, XLE, XLE Premium","2.5L L4 - Electric/Gas, 2.5L L4 - FULL HYBRID EV-GAS (FHEV), 2.5L L4 - Gas",43138
PT9384219003,2019,Toyota,RAV4,"Adventure, Hybrid LE, Hybrid Limited, Hybrid XLE, Hybrid XSE, LE, Limited, XLE, XLE Premium","2.5L L4 - Electric/Gas, 2.5L L4 - FULL HYBRID EV-GAS (FHEV), 2.5L L4 - Gas",43140
PT9384219006,2020,Toyota,RAV4,"Adventure, Hybrid LE, Hybrid Limited, Hybrid XLE, Hybrid XSE, LE, Limited, TRD Off-Road, XLE, XLE Premium","2.5L L4 - Electric/Gas, 2.5L L4 - FULL HYBRID EV-GAS (FHEV), 2.5L L4 - Gas",43144
PT9384219006,2019,Toyota,RAV4,"Adventure, Hybrid LE, Hybrid Limited, Hybrid XLE, Hybrid XSE, LE, Limited, XLE, XLE Premium","2.5L L4 - Electric/Gas, 2.5L L4 - FULL HYBRID EV-GAS (FHEV), 2.5L L4 - Gas",43145
PT9384219006,2023,Toyota,RAV4,"Adventure, Hybrid LE, Hybrid Limited, Hybrid SE, Hybrid Woodland Edition, Hybrid XLE, Hybrid XLE Premium, Hybrid XSE, LE, Limited, TRD Off-Road, XLE, XLE Premium","2.5L L4 - Electric/Gas, 2.5L L4 - FULL HYBRID EV-GAS (FHEV), 2.5L L4 - Gas",43141
PT9384219006,2022,Toyota,RAV4,"Adventure, Hybrid LE, Hybrid Limited, Hybrid SE, Hybrid XLE, Hybrid XLE Premium, Hybrid XSE, LE, Limited, TRD Off-Road, XLE, XLE Premium","2.5L L4 - Electric/Gas, 2.5L L4 - FULL HYBRID EV-GAS (FHEV), 2.5L L4 - Gas",43142
PT9384219006,2021,Toyota,RAV4,"Adventure, Hybrid LE, Hybrid Limited, Hybrid XLE, Hybrid XLE Premium, Hybrid XSE, LE, Limited, TRD Off-Road, XLE, XLE Premium","2.5L L4 - Electric/Gas, 2.5L L4 - FULL HYBRID EV-GAS (FHEV), 2.5L L4 - Gas",43143
PT9384219011,2019,Toyota,RAV4,"Adventure, Hybrid LE, Hybrid Limited, Hybrid XLE, Hybrid XSE, LE, Limited, XLE, XLE Premium","2.5L L4 - Electric/Gas, 2.5L L4 - FULL HYBRID EV-GAS (FHEV), 2.5L L4 - Gas",43174
PT9384219011,2024,Toyota,RAV4,"Adventure, Hybrid LE, Hybrid Limited, Hybrid SE, Hybrid Woodland Edition, Hybrid XLE, Hybrid XLE Premium, Hybrid XSE, LE, Limited, TRD Off-Road, XLE, XLE Premium","2.5L L4 - Electric/Gas, 2.5L L4 - Gas",43164
PT9384219011,2024,Toyota,RAV4 Prime,"SE, XSE",2.5L L4 - Electric/Gas,43165
PT9384219011,2023,Toyota,RAV4,"Adventure, Hybrid LE, Hybrid Limited, Hybrid SE, Hybrid Woodland Edition, Hybrid XLE, Hybrid XLE Premium, Hybrid XSE, LE, Limited, TRD Off-Road, XLE, XLE Premium","2.5L L4 - Electric/Gas, 2.5L L4 - FULL HYBRID EV-GAS (FHEV), 2.5L L4 - Gas",43166
PT9384219011,2023,Toyota,RAV4 Prime,"SE, XSE","2.5L L4 - Electric/Gas, 2.5L L4 - PLUG-IN HYBRID EV-GAS (PH",43167
PT9384219011,2022,Toyota,RAV4,"Adventure, Hybrid LE, Hybrid Limited, Hybrid SE, Hybrid XLE, Hybrid XLE Premium, Hybrid XSE, LE, Limited, TRD Off-Road, XLE, XLE Premium","2.5L L4 - Electric/Gas, 2.5L L4 - FULL HYBRID EV-GAS (FHEV), 2.5L L4 - Gas",41269
PT9384219011,2022,Toyota,RAV4 Prime,"SE, XSE","2.5L L4 - Electric/Gas, 2.5L L4 - PLUG-IN HYBRID EV-GAS (PH",43171
PT9384219011,2021,Toyota,RAV4,"Adventure, Hybrid LE, Hybrid Limited, Hybrid XLE, Hybrid XLE Premium, Hybrid XSE, LE, Limited, TRD Off-Road, XLE, XLE Premium","2.5L L4 - Electric/Gas, 2.5L L4 - FULL HYBRID EV-GAS (FHEV), 2.5L L4 - Gas",43172
PT9384219011,2020,Toyota,RAV4,"Adventure, Hybrid LE, Hybrid Limited, Hybrid XLE, Hybrid XSE, LE, Limited, TRD Off-Road, XLE, XLE Premium","2.5L L4 - Electric/Gas, 2.5L L4 - FULL HYBRID EV-GAS (FHEV), 2.5L L4 - Gas",43173
PT29A4820131,2024,Toyota,Highlander,"Hybrid Bronze Edition, Hybrid LE, Hybrid LE Nightshade, Hybrid Limited, Hybrid Platinum, Hybrid XLE, Hybrid XLE Nightshade, LE, Limited, Platinum, XLE, XSE","2.4L L4 - Gas, 2.5L L4 - Electric/Gas",40619
PT29A4820131,2023,Toyota,Highlander,"Hybrid Bronze Edition, Hybrid LE, Hybrid Limited, Hybrid Platinum, Hybrid XLE, L, LE, Limited, Platinum, XLE, XSE","2.4L L4 - Gas, 2.5L L4 - Electric/Gas, 2.5L L4 - FULL HYBRID EV-GAS (FHEV)",40620
PT29A4820131,2022,Toyota,Highlander,"Hybrid Bronze Edition, Hybrid LE, Hybrid Limited, Hybrid Platinum, Hybrid XLE, L, LE, Limited, Platinum, XLE, XSE","2.5L L4 - Electric/Gas, 2.5L L4 - FULL HYBRID EV-GAS (FHEV), 3.5L V6 - Gas",40621
PT83K0821023,2024,Toyota,Sienna,"Limited, Platinum, XLE",2.5L L4 - Electric/Gas,42305
PT83K0821023,2023,Toyota,Sienna,"25th Anniversary Edition, Limited, Platinum, XLE","2.5L L4 - Electric/Gas, 2.5L L4 - FULL HYBRID EV-GAS (FHEV)",42306
PT9384219010,2021,Toyota,RAV4,"Adventure, Hybrid LE, Hybrid Limited, Hybrid XLE, Hybrid XLE Premium, Hybrid XSE, LE, Limited, TRD Off-Road, XLE, XLE Premium","2.5L L4 - Electric/Gas, 2.5L L4 - FULL HYBRID EV-GAS (FHEV), 2.5L L4 - Gas",43161
PT9384219010,2020,Toyota,RAV4,"Adventure, Hybrid LE, Hybrid Limited, Hybrid XLE, Hybrid XSE, LE, Limited, TRD Off-Road, XLE, XLE Premium","2.5L L4 - Electric/Gas, 2.5L L4 - FULL HYBRID EV-GAS (FHEV), 2.5L L4 - Gas",43162
PT9384219010,2019,Toyota,RAV4,"Adventure, Hybrid LE, Hybrid Limited, Hybrid XLE, Hybrid XSE, LE, Limited, XLE, XLE Premium","2.5L L4 - Electric/Gas, 2.5L L4 - FULL HYBRID EV-GAS (FHEV), 2.5L L4 - Gas",43163
PT9384219010,2024,Toyota,RAV4,"Adventure, Hybrid LE, Hybrid Limited, Hybrid SE, Hybrid Woodland Edition, Hybrid XLE, Hybrid XLE Premium, Hybrid XSE, LE, Limited, TRD Off-Road, XLE, XLE Premium","2.5L L4 - Electric/Gas, 2.5L L4 - Gas",43155
PT9384219010,2024,Toyota,RAV4 Prime,"SE, XSE",2.5L L4 - Electric/Gas,43156
PT9384219010,2023,Toyota,RAV4,"Adventure, Hybrid LE, Hybrid Limited, Hybrid SE, Hybrid Woodland Edition, Hybrid XLE, Hybrid XLE Premium, Hybrid XSE, LE, Limited, TRD Off-Road, XLE, XLE Premium","2.5L L4 - Electric/Gas, 2.5L L4 - FULL HYBRID EV-GAS (FHEV), 2.5L L4 - Gas",43157
PT9384219010,2023,Toyota,RAV4 Prime,"SE, XSE","2.5L L4 - Electric/Gas, 2.5L L4 - PLUG-IN HYBRID EV-GAS (PH",43158
PT9384219010,2022,Toyota,RAV4,"Adventure, Hybrid LE, Hybrid Limited, Hybrid SE, Hybrid XLE, Hybrid XLE Premium, Hybrid XSE, LE, Limited, TRD Off-Road, XLE, XLE Premium","2.5L L4 - Electric/Gas, 2.5L L4 - FULL HYBRID EV-GAS (FHEV), 2.5L L4 - Gas",43159
PT9384219010,2022,Toyota,RAV4 Prime,"SE, XSE","2.5L L4 - Electric/Gas, 2.5L L4 - PLUG-IN HYBRID EV-GAS (PH",43160
PU06003180TF,2024,Toyota,Camry,"Hybrid LE, Hybrid SE, Hybrid SE Nightshade, Hybrid XLE, Hybrid XSE, LE, SE, SE Nightshade, TRD, XLE, XSE","2.5L L4 - Electric/Gas, 2.5L L4 - Gas, 3.5L V6 - Gas",43821
PU06003180TF,2023,Toyota,Camry,"Hybrid LE, Hybrid SE, Hybrid SE Nightshade, Hybrid XLE, Hybrid XSE, LE, SE, SE Nightshade, TRD, XLE, XSE","2.5L L4 - Electric/Gas, 2.5L L4 - Gas, 3.5L V6 - Gas",43822
PU06003180TF,2022,Toyota,Camry,"Hybrid LE, Hybrid SE, Hybrid SE Nightshade, Hybrid XLE, Hybrid XSE, LE, SE, SE Nightshade, TRD, XLE, XSE","2.5L L4 - Electric/Gas, 2.5L L4 - Gas, 3.5L V6 - Gas",43823
PU06003180TF,2021,Toyota,Camry,"Hybrid LE, Hybrid SE, Hybrid XLE, Hybrid XSE, LE, SE, SE Nightshade, TRD, XLE, XSE","2.5L L4 - Electric/Gas, 2.5L L4 - Gas, 3.5L V6 - Gas",43824
PU06003180TF,2020,Toyota,Camry,"Hybrid LE, Hybrid SE, Hybrid XLE, L, LE, SE, SE Nightshade, TRD, XLE, XSE","2.5L L4 - Electric/Gas, 2.5L L4 - Gas, 3.5L V6 - Gas",43825
PU06003180TF,2019,Toyota,Camry,"Hybrid LE, Hybrid SE, Hybrid XLE, L, LE, SE, XLE, XSE","2.5L L4 - Electric/Gas, 2.5L L4 - Gas, 3.5L V6 - Gas",43826
PU06003180TF,2018,Toyota,Camry,"Hybrid LE, Hybrid SE, Hybrid XLE, L, LE, SE, XLE, XSE","2.5L L4 - Electric/Gas, 2.5L L4 - Gas, 3.5L V6 - Gas",43827
PU06003181TR,2024,Toyota,Camry,"Hybrid LE, Hybrid SE, Hybrid SE Nightshade, Hybrid XLE, Hybrid XSE, LE, SE, SE Nightshade, TRD, XLE, XSE","2.5L L4 - Electric/Gas, 2.5L L4 - Gas, 3.5L V6 - Gas",43835
PU06003181TR,2023,Toyota,Camry,"Hybrid LE, Hybrid SE, Hybrid SE Nightshade, Hybrid XLE, Hybrid XSE, LE, SE, SE Nightshade, TRD, XLE, XSE","2.5L L4 - Electric/Gas, 2.5L L4 - Gas, 3.5L V6 - Gas",43836
PU06003181TR,2022,Toyota,Camry,"Hybrid LE, Hybrid SE, Hybrid SE Nightshade, Hybrid XLE, Hybrid XSE, LE, SE, SE Nightshade, TRD, XLE, XSE","2.5L L4 - Electric/Gas, 2.5L L4 - Gas, 3.5L V6 - Gas",43837
PU06003181TR,2021,Toyota,Camry,"Hybrid LE, Hybrid SE, Hybrid XLE, Hybrid XSE, LE, SE, SE Nightshade, TRD, XLE, XSE","2.5L L4 - Electric/Gas, 2.5L L4 - Gas, 3.5L V6 - Gas",43838
PU06003181TR,2020,Toyota,Camry,"Hybrid LE, Hybrid SE, Hybrid XLE, L, LE, SE, SE Nightshade, TRD, XLE, XSE","2.5L L4 - Electric/Gas, 2.5L L4 - Gas, 3.5L V6 - Gas",43839
PU06003181TR,2019,Toyota,Camry,"Hybrid LE, Hybrid SE, Hybrid XLE, L, LE, SE, XLE, XSE","2.5L L4 - Electric/Gas, 2.5L L4 - Gas, 3.5L V6 - Gas",43840
PU06003181TR,2018,Toyota,Camry,"Hybrid LE, Hybrid SE, Hybrid XLE, L, LE, SE, XLE, XSE","2.5L L4 - Electric/Gas, 2.5L L4 - Gas, 3.5L V6 - Gas",43841
PK38908M10TP,2023,Toyota,Sienna,"25th Anniversary Edition, LE, Limited, Platinum, Woodland Edition, XLE, XSE","2.5L L4 - Electric/Gas, 2.5L L4 - FULL HYBRID EV-GAS (FHEV)",40164
PK38916N00TP,2022,Toyota,Corolla Cross,"L, LE, XLE",2.0L L4 - Gas,40177
PK38916N00TP,2024,Toyota,Corolla Cross,"Hybrid LE, Hybrid S, Hybrid SE, Hybrid XLE, Hybrid XSE, L, LE, XLE","2.0L L4 - Electric/Gas, 2.0L L4 - Gas",40176
PK38947R00TP,2024,Toyota,Prius,"LE, Limited, XLE",2.0L L4 - Electric/Gas,40192
PK38947R00TP,2024,Toyota,Prius Prime,"SE, XSE, XSE Premium",2.0L L4 - Electric/Gas,40193
PT34548200,2023,Toyota,Highlander,"Hybrid Bronze Edition, Hybrid LE, Hybrid Limited, Hybrid Platinum, Hybrid XLE, L, LE, Limited, Platinum, XLE, XSE","2.4L L4 - Gas, 2.5L L4 - Electric/Gas, 2.5L L4 - FULL HYBRID EV-GAS (FHEV)",40630
PT34548200,2022,Toyota,Highlander,"Hybrid Bronze Edition, Hybrid LE, Hybrid Limited, Hybrid Platinum, Hybrid XLE, L, LE, Limited, Platinum, XLE, XSE","2.5L L4 - Electric/Gas, 2.5L L4 - FULL HYBRID EV-GAS (FHEV), 3.5L V6 - Gas",40631
PT34548200,2021,Toyota,Highlander,"Hybrid LE, Hybrid Limited, Hybrid Platinum, Hybrid XLE, L, LE, Limited, Platinum, XLE, XSE","2.5L L4 - Electric/Gas, 2.5L L4 - FULL HYBRID EV-GAS (FHEV), 3.5L V6 - Gas",40632
PT34548200,2020,Toyota,Highlander,"Hybrid LE, Hybrid Limited, Hybrid Platinum, Hybrid XLE, L, LE, Limited, Platinum, XLE","2.5L L4 - Electric/Gas, 2.5L L4 - FULL HYBRID EV-GAS (FHEV), 3.5L V6 - Gas",40633
PT92435241,null,null,null,null,null,42484
PT92435241,null,null,null,null,null,49606
PT90702201,2024,Toyota,Corolla,"Nightshade, SE, XSE",2.0L L4 - Gas,42312
PT90702201,2023,Toyota,Corolla,"SE, XSE",2.0L L4 - Gas,42313
PT90702201,2022,Toyota,Corolla,"SE, XSE",2.0L L4 - Gas,42314
PT90702201,2021,Toyota,Corolla,"SE, XSE",2.0L L4 - Gas,42315
PT90702201,2020,Toyota,Corolla,"SE, XSE",2.0L L4 - Gas,42316
PT90708210,2024,Toyota,Sienna,"LE, Limited, Platinum, Woodland Edition, XLE, XSE",2.5L L4 - Electric/Gas,42327
PT90708210,2023,Toyota,Sienna,"25th Anniversary Edition, LE, Limited, Platinum, Woodland Edition, XLE, XSE","2.5L L4 - Electric/Gas, 2.5L L4 - FULL HYBRID EV-GAS (FHEV)",42328
PT90708210,2022,Toyota,Sienna,"LE, Limited, Platinum, Woodland Edition, XLE, XSE","2.5L L4 - Electric/Gas, 2.5L L4 - FULL HYBRID EV-GAS (FHEV)",42329
PT90734221,2025,Toyota,Sequoia,"1794 Edition, Capstone, Limited, Platinum, SR5, TRD Pro",3.4L V6 - Electric/Gas,42335
PT90734221,2025,Toyota,Tundra,"1794 Edition, Capstone, Limited, Platinum, SR, SR5, TRD Pro","3.4L V6 - Electric/Gas, 3.4L V6 - Gas",42336
PT90734221,2024,Toyota,Sequoia,"Capstone, Limited, Platinum, SR5, TRD Pro",3.4L V6 - Electric/Gas,42337
PT90734221,2024,Toyota,Tundra,"1794 Edition, Capstone, Limited, Platinum, SR, SR5, TRD Pro","3.4L V6 - Electric/Gas, 3.4L V6 - Gas",42338
PT90734221,2023,Toyota,Tundra,"1794 Edition, Capstone, Limited, Platinum, SR, SR5, TRD Pro","3.4L V6 - Electric/Gas, 3.4L V6 - Gas, 3.5L V6 - Gas, 3.5L V6 - MILD HYBRID EV-GAS (MHEV)",42339
PT90734221,2022,Toyota,Tundra,"1794 Edition, Capstone, Limited, Platinum, SR, SR5, TRD Pro","3.4L V6 - Electric/Gas, 3.4L V6 - Gas, 3.5L V6 - Gas, 3.5L V6 - MILD HYBRID EV-GAS (MHEV)",42345
PT90735242,2024,Toyota,Tacoma,"TRD Off-Road, TRD Sport","2.4L L4 - Electric/Gas, 2.4L L4 - Gas",42347
PT90747231,2024,Toyota,Prius Prime,"SE, XSE, XSE Premium",2.0L L4 - Electric/Gas,42350
PT90747231,2024,Toyota,Prius,"LE, Limited, XLE",2.0L L4 - Electric/Gas,42349
PT90747232,2024,Toyota,Prius,"LE, Limited, XLE",2.0L L4 - Electric/Gas,42351
PT90747232,2024,Toyota,Prius Prime,"SE, XSE, XSE Premium",2.0L L4 - Electric/Gas,42352
PTR56352402F,null,null,null,null,null,46260
PT90702203AA,null,null,null,null,null,42292
PT90702203AA,null,null,null,null,null,49358
PT90700190,null,null,null,null,null,42288
PT90700190,null,null,null,null,null,49409
PT90700190,null,null,null,null,null,49410
PT90700190,null,null,null,null,null,49411
PT9084221520,2024,Toyota,RAV4,"Adventure, Hybrid LE, Hybrid Limited, Hybrid SE, Hybrid Woodland Edition, Hybrid XLE, Hybrid XLE Premium, Hybrid XSE, LE, Limited, TRD Off-Road, XLE, XLE Premium","2.5L L4 - Electric/Gas, 2.5L L4 - Gas",42430
PT9084221520,2023,Toyota,RAV4,"Adventure, Hybrid LE, Hybrid Limited, Hybrid SE, Hybrid Woodland Edition, Hybrid XLE, Hybrid XLE Premium, Hybrid XSE, LE, Limited, TRD Off-Road, XLE, XLE Premium","2.5L L4 - Electric/Gas, 2.5L L4 - FULL HYBRID EV-GAS (FHEV), 2.5L L4 - Gas",42431
PT9084221520,2022,Toyota,RAV4,"Adventure, Hybrid LE, Hybrid Limited, Hybrid SE, Hybrid XLE, Hybrid XLE Premium, Hybrid XSE, LE, Limited, TRD Off-Road, XLE, XLE Premium","2.5L L4 - Electric/Gas, 2.5L L4 - FULL HYBRID EV-GAS (FHEV), 2.5L L4 - Gas",42432
PT9084221520,2021,Toyota,RAV4,"Adventure, Hybrid LE, Hybrid Limited, Hybrid XLE, Hybrid XLE Premium, Hybrid XSE, LE, Limited, TRD Off-Road, XLE, XLE Premium","2.5L L4 - Electric/Gas, 2.5L L4 - FULL HYBRID EV-GAS (FHEV), 2.5L L4 - Gas",42433
PT9084221520,2020,Toyota,RAV4,"Adventure, Hybrid LE, Hybrid Limited, Hybrid XLE, Hybrid XSE, LE, Limited, TRD Off-Road, XLE, XLE Premium","2.5L L4 - Electric/Gas, 2.5L L4 - FULL HYBRID EV-GAS (FHEV), 2.5L L4 - Gas",42434
PT9084221520,2019,Toyota,RAV4,"Adventure, Hybrid LE, Hybrid Limited, Hybrid XLE, Hybrid XSE, LE, Limited, XLE, XLE Premium","2.5L L4 - Electric/Gas, 2.5L L4 - FULL HYBRID EV-GAS (FHEV), 2.5L L4 - Gas",42416
PT29A16220LH,null,null,null,null,null,40563
PT29A16220LH,null,null,null,null,null,47597
PT29A16220RH,null,null,null,null,null,40564
PT29A16220RH,null,null,null,null,null,47598
PT83K0821002,2025,Toyota,Sienna,"LE, Limited, Platinum, Woodland Edition, XLE, XSE",2.5L L4 - Electric/Gas,42266
PT83K0821002,2024,Toyota,Sienna,"LE, Limited, Platinum, Woodland Edition, XLE, XSE",2.5L L4 - Electric/Gas,42267
PT83K0821002,2023,Toyota,Sienna,"25th Anniversary Edition, LE, Limited, Platinum, Woodland Edition, XLE, XSE","2.5L L4 - Electric/Gas, 2.5L L4 - FULL HYBRID EV-GAS (FHEV)",42268
PT83K0821002,2022,Toyota,Sienna,"LE, Limited, Platinum, Woodland Edition, XLE, XSE","2.5L L4 - Electric/Gas, 2.5L L4 - FULL HYBRID EV-GAS (FHEV)",42269
PT83K0821002,2021,Toyota,Sienna,"LE, Limited, Platinum, XLE, XSE","2.5L L4 - Electric/Gas, 2.5L L4 - FULL HYBRID EV-GAS (FHEV)",42270
PT93835240,2024,Toyota,Tacoma,"Limited, SR, SR5, TRD Off-Road, TRD Sport","2.4L L4 - Electric/Gas, 2.4L L4 - Gas",43094
PT79100841,2018,Toyota,RAV4,"Adventure, Hybrid Limited, Hybrid SE, Hybrid XLE, LE, Limited, Platinum, SE, XLE","2.5L L4 - Electric/Gas, 2.5L L4 - FULL HYBRID EV-GAS (FHEV), 2.5L L4 - Gas",42241
PT79100841,2018,Toyota,Sienna,"L, LE, Limited, Limited Premium, SE, SE Premium, XLE, XLE Premium",3.5L V6 - Gas,42242
PT79100841,2017,Toyota,RAV4,"Hybrid Limited, Hybrid SE, Hybrid XLE, LE, Limited, Platinum, SE, XLE","2.5L L4 - Electric/Gas, 2.5L L4 - FULL HYBRID EV-GAS (FHEV), 2.5L L4 - Gas",42243
PT79100841,2016,Toyota,Sienna,"L, LE, Limited, SE, XLE",3.5L V6 - Gas,42245
PT79100841,2015,Toyota,Sienna,"L, LE, Limited, SE, XLE",3.5L V6 - Gas,42246
PT79100841,2014,Toyota,Sienna,"L, LE, Limited, SE, XLE",3.5L V6 - Gas,42247
PT79100841,2013,Toyota,Sienna,"Base, L, LE, Limited, SE, XLE",3.5L V6 - Gas,42248
PT79100841,2012,Toyota,Sienna,"Base, LE, Limited, SE, XLE","2.7L L4 - Gas, 3.5L V6 - Gas",42249
PT79100841,2011,Toyota,Sienna,"Base, LE, Limited, SE, XLE","2.7L L4 - Gas, 3.5L V6 - Gas",42250
PT79100841,2010,Toyota,Sienna,"CE, LE, XLE",3.5L V6 - Gas,42251
PT79100841,2009,Toyota,Sienna,"CE, LE, XLE",3.5L V6 - Gas,42252
PT79100841,2008,Toyota,Sienna,"CE, LE, Limited, XLE",3.5L V6 - Gas,42253
PT79100841,2007,Toyota,Sienna,"CE, LE, Limited, XLE",3.5L V6 - Gas,42254
PT79100841,2006,Toyota,Sienna,"CE, LE, Limited, XLE",3.3L V6 - Gas,42255
PT79100841,2005,Toyota,Sienna,"CE, LE, XLE, XLE Limited",3.3L V6 - Gas,42256
PT79100841,2004,Toyota,Sienna,"CE, LE, XLE, XLE Limited",3.3L V6 - Gas,42257
PT79100841,2024,Toyota,Corolla Cross,"Hybrid LE, Hybrid S, Hybrid SE, Hybrid XLE, Hybrid XSE, L, LE, XLE","2.0L L4 - Electric/Gas, 2.0L L4 - Gas",42221
PT79100841,2024,Toyota,RAV4,"Adventure, Hybrid LE, Hybrid Limited, Hybrid SE, Hybrid Woodland Edition, Hybrid XLE, Hybrid XLE Premium, Hybrid XSE, LE, Limited, TRD Off-Road, XLE, XLE Premium","2.5L L4 - Electric/Gas, 2.5L L4 - Gas",42222
PT79100841,2024,Toyota,RAV4 Prime,"SE, XSE",2.5L L4 - Electric/Gas,42223
PT79100841,2024,Toyota,Sienna,"LE, Limited, Platinum, Woodland Edition, XLE, XSE",2.5L L4 - Electric/Gas,42224
PT79100841,2023,Toyota,Corolla Cross,"Hybrid S, Hybrid SE, Hybrid XSE, L, LE, XLE","2.0L L4 - Electric/Gas, 2.0L L4 - Gas",42225
PT79100841,2023,Toyota,RAV4,"Adventure, Hybrid LE, Hybrid Limited, Hybrid SE, Hybrid Woodland Edition, Hybrid XLE, Hybrid XLE Premium, Hybrid XSE, LE, Limited, TRD Off-Road, XLE, XLE Premium","2.5L L4 - Electric/Gas, 2.5L L4 - FULL HYBRID EV-GAS (FHEV), 2.5L L4 - Gas",42227
PT79100841,2023,Toyota,RAV4 Prime,"SE, XSE","2.5L L4 - Electric/Gas, 2.5L L4 - PLUG-IN HYBRID EV-GAS (PH",42228
PT79100841,2023,Toyota,Sienna,"25th Anniversary Edition, LE, Limited, Platinum, Woodland Edition, XLE, XSE","2.5L L4 - Electric/Gas, 2.5L L4 - FULL HYBRID EV-GAS (FHEV)",42229
PT79100841,2022,Toyota,Corolla Cross,"L, LE, XLE",2.0L L4 - Gas,42230
PT79100841,2022,Toyota,RAV4,"Adventure, Hybrid LE, Hybrid Limited, Hybrid SE, Hybrid XLE, Hybrid XLE Premium, Hybrid XSE, LE, Limited, TRD Off-Road, XLE, XLE Premium","2.5L L4 - Electric/Gas, 2.5L L4 - FULL HYBRID EV-GAS (FHEV), 2.5L L4 - Gas",42231
PT79100841,2022,Toyota,RAV4 Prime,"SE, XSE","2.5L L4 - Electric/Gas, 2.5L L4 - PLUG-IN HYBRID EV-GAS (PH",42232
PT79100841,2022,Toyota,Sienna,"LE, Limited, Platinum, Woodland Edition, XLE, XSE","2.5L L4 - Electric/Gas, 2.5L L4 - FULL HYBRID EV-GAS (FHEV)",49243
PT79100841,2021,Toyota,RAV4,"Adventure, Hybrid LE, Hybrid Limited, Hybrid XLE, Hybrid XLE Premium, Hybrid XSE, LE, Limited, TRD Off-Road, XLE, XLE Premium","2.5L L4 - Electric/Gas, 2.5L L4 - FULL HYBRID EV-GAS (FHEV), 2.5L L4 - Gas",42235
PT79100841,2021,Toyota,Sienna,"LE, Limited, Platinum, XLE, XSE","2.5L L4 - Electric/Gas, 2.5L L4 - FULL HYBRID EV-GAS (FHEV)",42236
PT79100841,2020,Toyota,RAV4,"Adventure, Hybrid LE, Hybrid Limited, Hybrid XLE, Hybrid XSE, LE, Limited, TRD Off-Road, XLE, XLE Premium","2.5L L4 - Electric/Gas, 2.5L L4 - FULL HYBRID EV-GAS (FHEV), 2.5L L4 - Gas",42237
PT79100841,2020,Toyota,Sienna,"L, LE, Limited, Limited Premium, SE, SE Premium, XLE, XLE Premium",3.5L V6 - Gas,42238
PT79100841,2019,Toyota,RAV4,"Adventure, Hybrid LE, Hybrid Limited, Hybrid XLE, Hybrid XSE, LE, Limited, XLE, XLE Premium","2.5L L4 - Electric/Gas, 2.5L L4 - FULL HYBRID EV-GAS (FHEV), 2.5L L4 - Gas",42239
PT79100841,2019,Toyota,Sienna,"L, LE, Limited, Limited Premium, SE, SE Premium, XLE, XLE Premium",3.5L V6 - Gas,42240
PT79100841,2017,Toyota,Sienna,"L, LE, Limited, SE, XLE",3.5L V6 - Gas,42244
PT9290318102,2024,Toyota,Camry,"Hybrid LE, Hybrid SE, Hybrid SE Nightshade, Hybrid XLE, Hybrid XSE, LE, SE, SE Nightshade, TRD, XLE, XSE","2.5L L4 - Electric/Gas, 2.5L L4 - Gas, 3.5L V6 - Gas",42545
PT9290318102,2023,Toyota,Camry,"Hybrid LE, Hybrid SE, Hybrid SE Nightshade, Hybrid XLE, Hybrid XSE, LE, SE, SE Nightshade, TRD, XLE, XSE","2.5L L4 - Electric/Gas, 2.5L L4 - FULL HYBRID EV-GAS (FHEV), 2.5L L4 - Gas, 3.5L V6 - Gas",42546
PT9290318102,2022,Toyota,Camry,"Hybrid LE, Hybrid SE, Hybrid SE Nightshade, Hybrid XLE, Hybrid XSE, LE, SE, SE Nightshade, TRD, XLE, XSE","2.5L L4 - Electric/Gas, 2.5L L4 - FULL HYBRID EV-GAS (FHEV), 2.5L L4 - Gas, 3.5L V6 - Gas",42547
PT9290318102,2021,Toyota,Camry,"Hybrid LE, Hybrid SE, Hybrid XLE, Hybrid XSE, LE, SE, SE Nightshade, TRD, XLE, XSE","2.5L L4 - Electric/Gas, 2.5L L4 - FULL HYBRID EV-GAS (FHEV), 2.5L L4 - Gas, 3.5L V6 - Gas",42548
PT9290318102,2020,Toyota,Camry,"Hybrid LE, Hybrid SE, Hybrid XLE, L, LE, SE, SE Nightshade, TRD, XLE, XSE","2.5L L4 - Electric/Gas, 2.5L L4 - FULL HYBRID EV-GAS (FHEV), 2.5L L4 - Gas, 3.5L V6 - Gas",42549
PT9290318102,2019,Toyota,Camry,"Hybrid LE, Hybrid SE, Hybrid XLE, L, LE, SE, XLE, XSE","2.5L L4 - Electric/Gas, 2.5L L4 - FULL HYBRID EV-GAS (FHEV), 2.5L L4 - Gas, 3.5L V6 - Gas",42550
PT9364219106,2021,Toyota,RAV4,"Adventure, Hybrid LE, Hybrid Limited, Hybrid XLE, Hybrid XLE Premium, Hybrid XSE, LE, Limited, TRD Off-Road, XLE, XLE Premium","2.5L L4 - Electric/Gas, 2.5L L4 - FULL HYBRID EV-GAS (FHEV), 2.5L L4 - Gas",42938
PT9364219106,2020,Toyota,RAV4,"Adventure, Hybrid LE, Hybrid Limited, Hybrid XLE, Hybrid XSE, LE, Limited, TRD Off-Road, XLE, XLE Premium","2.5L L4 - Electric/Gas, 2.5L L4 - FULL HYBRID EV-GAS (FHEV), 2.5L L4 - Gas",42939
PT9364219106,2019,Toyota,RAV4,"Adventure, Hybrid LE, Hybrid Limited, Hybrid XLE, Hybrid XSE, LE, Limited, XLE, XLE Premium","2.5L L4 - Electric/Gas, 2.5L L4 - FULL HYBRID EV-GAS (FHEV), 2.5L L4 - Gas",42940
PT9364219112,2021,Toyota,RAV4,"Adventure, Hybrid LE, Hybrid Limited, Hybrid XLE, Hybrid XLE Premium, Hybrid XSE, LE, Limited, TRD Off-Road, XLE, XLE Premium","2.5L L4 - Electric/Gas, 2.5L L4 - FULL HYBRID EV-GAS (FHEV), 2.5L L4 - Gas",42941
PT9364219112,2020,Toyota,RAV4,"Adventure, Hybrid LE, Hybrid Limited, Hybrid XLE, Hybrid XSE, LE, Limited, TRD Off-Road, XLE, XLE Premium","2.5L L4 - Electric/Gas, 2.5L L4 - FULL HYBRID EV-GAS (FHEV), 2.5L L4 - Gas",39695
PT9364219002,2024,Toyota,RAV4,"Adventure, Hybrid LE, Hybrid Limited, Hybrid SE, Hybrid Woodland Edition, Hybrid XLE, Hybrid XLE Premium, Hybrid XSE, LE, Limited, TRD Off-Road, XLE, XLE Premium","2.5L L4 - Electric/Gas, 2.5L L4 - Gas",42869
PT9364219002,2024,Toyota,RAV4 Prime,"SE, XSE",2.5L L4 - Electric/Gas,42870
PT9364219002,2023,Toyota,RAV4,"Adventure, Hybrid LE, Hybrid Limited, Hybrid SE, Hybrid Woodland Edition, Hybrid XLE, Hybrid XLE Premium, Hybrid XSE, LE, Limited, TRD Off-Road, XLE, XLE Premium","2.5L L4 - Electric/Gas, 2.5L L4 - FULL HYBRID EV-GAS (FHEV), 2.5L L4 - Gas",39096
PT9364219002,2023,Toyota,RAV4 Prime,"SE, XSE","2.5L L4 - Electric/Gas, 2.5L L4 - PLUG-IN HYBRID EV-GAS (PH",42874
PT9364219002,2022,Toyota,RAV4,"Adventure, Hybrid LE, Hybrid Limited, Hybrid SE, Hybrid XLE, Hybrid XLE Premium, Hybrid XSE, LE, Limited, TRD Off-Road, XLE, XLE Premium","2.5L L4 - Electric/Gas, 2.5L L4 - FULL HYBRID EV-GAS (FHEV), 2.5L L4 - Gas",42875
PT9364219002,2022,Toyota,RAV4 Prime,"SE, XSE","2.5L L4 - Electric/Gas, 2.5L L4 - PLUG-IN HYBRID EV-GAS (PH",42877
PT9364219002,2021,Toyota,RAV4,"Adventure, Hybrid LE, Hybrid Limited, Hybrid XLE, Hybrid XLE Premium, Hybrid XSE, LE, Limited, TRD Off-Road, XLE, XLE Premium","2.5L L4 - Electric/Gas, 2.5L L4 - FULL HYBRID EV-GAS (FHEV), 2.5L L4 - Gas",42878
PT9364219002,2020,Toyota,RAV4,"Adventure, Hybrid LE, Hybrid Limited, Hybrid XLE, Hybrid XSE, LE, Limited, TRD Off-Road, XLE, XLE Premium","2.5L L4 - Electric/Gas, 2.5L L4 - FULL HYBRID EV-GAS (FHEV), 2.5L L4 - Gas",42879
PT9364219002,2019,Toyota,RAV4,"Adventure, Hybrid LE, Hybrid Limited, Hybrid XLE, Hybrid XSE, LE, Limited, XLE, XLE Premium","2.5L L4 - Electric/Gas, 2.5L L4 - FULL HYBRID EV-GAS (FHEV), 2.5L L4 - Gas",42880
PT9364716002,2022,Toyota,Prius,"L Eco, LE, Limited, XLE","1.8L L4 - Electric/Gas, 1.8L L4 - FULL HYBRID EV-GAS (FHEV)",42959
PT9364716002,2022,Toyota,Prius Prime,"LE, Limited, XLE","1.8L L4 - Electric/Gas, 1.8L L4 - PLUG-IN HYBRID EV-GAS (PH",42960
PT9364716002,2021,Toyota,Prius,"2020 Edition, L Eco, LE, Limited, XLE","1.8L L4 - Electric/Gas, 1.8L L4 - FULL HYBRID EV-GAS (FHEV)",42961
PT9364716002,2021,Toyota,Prius Prime,"LE, Limited, XLE","1.8L L4 - Electric/Gas, 1.8L L4 - PLUG-IN HYBRID EV-GAS (PH",42962
PT9364716002,2020,Toyota,Prius,"Base, L Eco, LE, Limited, XLE","1.8L L4 - Electric/Gas, 1.8L L4 - FULL HYBRID EV-GAS (FHEV)",42963
PT9364716002,2020,Toyota,Prius Prime,"LE, Limited, XLE","1.8L L4 - Electric/Gas, 1.8L L4 - PLUG-IN HYBRID EV-GAS (PH",42964
PT9364716002,2019,Toyota,Prius,"L Eco, LE, Limited, XLE","1.8L L4 - Electric/Gas, 1.8L L4 - FULL HYBRID EV-GAS (FHEV)",42965
PT9364716002,2018,Toyota,Prius,"Four, Four Touring, One, Three, Three Touring, Two, Two Eco","1.8L L4 - Electric/Gas, 1.8L L4 - FULL HYBRID EV-GAS (FHEV)",39923
PT9364716002,2017,Toyota,Prius,"Four, Four Touring, One, Three, Three Touring, Two, Two Eco","1.8L L4 - Electric/Gas, 1.8L L4 - FULL HYBRID EV-GAS (FHEV)",42966
PT9364716002,2016,Toyota,Prius,"Four, Four Touring, Three, Three Touring, Two, Two Eco","1.8L L4 - Electric/Gas, 1.8L L4 - FULL HYBRID EV-GAS (FHEV)",42967
PT9244820505,2024,Toyota,Highlander,"Hybrid Bronze Edition, Hybrid LE, Hybrid LE Nightshade, Hybrid Limited, Hybrid Platinum, Hybrid XLE, Hybrid XLE Nightshade, LE, Limited, Platinum, XLE, XSE","2.4L L4 - Gas, 2.5L L4 - Electric/Gas",49609
PT9244820505,2023,Toyota,Highlander,"Hybrid Bronze Edition, Hybrid LE, Hybrid Limited, Hybrid Platinum, Hybrid XLE, L, LE, Limited, Platinum, XLE, XSE","2.4L L4 - Gas, 2.5L L4 - Electric/Gas, 2.5L L4 - FULL HYBRID EV-GAS (FHEV)",42493
PT9244820505,2022,Toyota,Highlander,"Hybrid Bronze Edition, Hybrid LE, Hybrid Limited, Hybrid Platinum, Hybrid XLE, L, LE, Limited, Platinum, XLE, XSE","2.5L L4 - Electric/Gas, 2.5L L4 - FULL HYBRID EV-GAS (FHEV), 3.5L V6 - Gas",42494
PT9244820505,2021,Toyota,Highlander,"Hybrid LE, Hybrid Limited, Hybrid Platinum, Hybrid XLE, L, LE, Limited, Platinum, XLE, XSE","2.5L L4 - Electric/Gas, 2.5L L4 - FULL HYBRID EV-GAS (FHEV), 3.5L V6 - Gas",42495
PT9244820505,2020,Toyota,Highlander,"Hybrid LE, Hybrid Limited, Hybrid Platinum, Hybrid XLE, L, LE, Limited, Platinum, XLE","2.5L L4 - Electric/Gas, 2.5L L4 - FULL HYBRID EV-GAS (FHEV), 3.5L V6 - Gas",42496
PT92535240,2024,Toyota,Tacoma,"Limited, SR, SR5, TRD Off-Road, TRD Sport","2.4L L4 - Electric/Gas, 2.4L L4 - Gas",42519
PT9244821020,2024,Toyota,Highlander,"Hybrid Bronze Edition, Hybrid LE, Hybrid LE Nightshade, Hybrid Limited, Hybrid Platinum, Hybrid XLE, Hybrid XLE Nightshade, LE, Limited, Platinum, XLE, XSE","2.4L L4 - Gas, 2.5L L4 - Electric/Gas",42497
PT9244821020,2023,Toyota,Highlander,"Hybrid Bronze Edition, Hybrid LE, Hybrid Limited, Hybrid Platinum, Hybrid XLE, L, LE, Limited, Platinum, XLE, XSE","2.4L L4 - Gas, 2.5L L4 - Electric/Gas, 2.5L L4 - FULL HYBRID EV-GAS (FHEV)",42498
PT9244821020,2022,Toyota,Highlander,"Hybrid Bronze Edition, Hybrid LE, Hybrid Limited, Hybrid Platinum, Hybrid XLE, L, LE, Limited, Platinum, XLE, XSE","2.5L L4 - Electric/Gas, 2.5L L4 - FULL HYBRID EV-GAS (FHEV), 3.5L V6 - Gas",42499
PT9244821020,2021,Toyota,Highlander,"Hybrid LE, Hybrid Limited, Hybrid Platinum, Hybrid XLE, L, LE, Limited, Platinum, XLE, XSE","2.5L L4 - Electric/Gas, 2.5L L4 - FULL HYBRID EV-GAS (FHEV), 3.5L V6 - Gas",42500
PT9244821020,2020,Toyota,Highlander,"Hybrid LE, Hybrid Limited, Hybrid Platinum, Hybrid XLE, L, LE, Limited, Platinum, XLE","2.5L L4 - Electric/Gas, 2.5L L4 - FULL HYBRID EV-GAS (FHEV), 3.5L V6 - Gas",42501
PT27612160,2016,Scion,iA,Base,1.5L L4 - Gas,43959
PT94435250,2024,Toyota,Tacoma,"Limited, SR, SR5, TRD Off-Road, TRD PreRunner, TRD Sport","2.4L L4 - Electric/Gas, 2.4L L4 - Gas",43314
PT94435252,null,null,null,null,null,41474
PT94435252,null,null,null,null,null,43278
PT92203184,2020,Toyota,Camry,"Hybrid LE, Hybrid SE, Hybrid XLE, L, LE, SE, SE Nightshade, TRD, XLE, XSE","2.5L L4 - Electric/Gas, 2.5L L4 - FULL HYBRID EV-GAS (FHEV), 2.5L L4 - Gas, 3.5L V6 - Gas",42477
PT92203184,2019,Toyota,Camry,"Hybrid LE, Hybrid SE, Hybrid XLE, L, LE, SE, XLE, XSE","2.5L L4 - Electric/Gas, 2.5L L4 - FULL HYBRID EV-GAS (FHEV), 2.5L L4 - Gas, 3.5L V6 - Gas",42478
PT92203184,2018,Toyota,Camry,"Hybrid LE, Hybrid SE, Hybrid XLE, L, LE, SE, XLE, XSE","2.5L L4 - Electric/Gas, 2.5L L4 - FULL HYBRID EV-GAS (FHEV), 2.5L L4 - Gas, 3.5L V6 - Gas",42480
PT27808500,2024,Toyota,Sienna,"LE, Limited, Platinum, Woodland Edition, XLE, XSE",2.5L L4 - Electric/Gas,40469
PT27808500,2023,Toyota,Sienna,"25th Anniversary Edition, LE, Limited, Platinum, Woodland Edition, XLE, XSE","2.5L L4 - Electric/Gas, 2.5L L4 - FULL HYBRID EV-GAS (FHEV)",40470
PT27808500,2022,Toyota,Sienna,"LE, Limited, Platinum, Woodland Edition, XLE, XSE","2.5L L4 - Electric/Gas, 2.5L L4 - FULL HYBRID EV-GAS (FHEV)",40471
PT27808500,2021,Toyota,Sienna,"LE, Limited, Platinum, XLE, XSE","2.5L L4 - Electric/Gas, 2.5L L4 - FULL HYBRID EV-GAS (FHEV)",40472
PT76748201,2021,Toyota,Highlander,"Hybrid LE, Hybrid Limited, Hybrid Platinum, Hybrid XLE, L, LE, Limited, Platinum, XLE, XSE","2.5L L4 - Electric/Gas, 2.5L L4 - FULL HYBRID EV-GAS (FHEV), 3.5L V6 - Gas",42219
PT76748201,2020,Toyota,Highlander,"Hybrid LE, Hybrid Limited, Hybrid Platinum, Hybrid XLE, L, LE, Limited, Platinum, XLE","2.5L L4 - Electric/Gas, 2.5L L4 - FULL HYBRID EV-GAS (FHEV), 3.5L V6 - Gas",42220
PW30147009,2022,Toyota,Prius,"L Eco, LE, Limited, XLE","1.8L L4 - Electric/Gas, 1.8L L4 - FULL HYBRID EV-GAS (FHEV)",43897
PW30147009,2022,Toyota,Prius Prime,"LE, Limited, XLE","1.8L L4 - Electric/Gas, 1.8L L4 - PLUG-IN HYBRID EV-GAS (PH",43898
PW30147009,2021,Toyota,Prius,"2020 Edition, L Eco, LE, Limited, XLE","1.8L L4 - Electric/Gas, 1.8L L4 - FULL HYBRID EV-GAS (FHEV)",43899
PW30147009,2021,Toyota,Prius Prime,"LE, Limited, XLE","1.8L L4 - Electric/Gas, 1.8L L4 - PLUG-IN HYBRID EV-GAS (PH",43900
PW30147009,2020,Toyota,Prius,"Base, L Eco, LE, Limited, XLE","1.8L L4 - Electric/Gas, 1.8L L4 - FULL HYBRID EV-GAS (FHEV)",43901
PW30147009,2020,Toyota,Prius Prime,"LE, Limited, XLE","1.8L L4 - Electric/Gas, 1.8L L4 - PLUG-IN HYBRID EV-GAS (PH",43902
PW30147009,2019,Toyota,Prius,"L Eco, LE, Limited, XLE","1.8L L4 - Electric/Gas, 1.8L L4 - FULL HYBRID EV-GAS (FHEV)",43884
PW30147009,2019,Toyota,Prius Prime,"Advanced, Plus, Premium","1.8L L4 - Electric/Gas, 1.8L L4 - PLUG-IN HYBRID EV-GAS (PH",43885
PW30147009,2018,Toyota,Prius,"Four, Four Touring, One, Three, Three Touring, Two, Two Eco","1.8L L4 - Electric/Gas, 1.8L L4 - FULL HYBRID EV-GAS (FHEV)",43886
PW30147009,2018,Toyota,Prius Prime,"Advanced, Plus, Premium","1.8L L4 - Electric/Gas, 1.8L L4 - PLUG-IN HYBRID EV-GAS (PH",43887
PW30147009,2017,Toyota,Prius,"Four, Four Touring, One, Three, Three Touring, Two, Two Eco","1.8L L4 - Electric/Gas, 1.8L L4 - FULL HYBRID EV-GAS (FHEV)",43888
PW30147009,2017,Toyota,Prius Prime,"Advanced, Plus, Premium","1.8L L4 - Electric/Gas, 1.8L L4 - PLUG-IN HYBRID EV-GAS (PH",43889
PW30147009,2016,Toyota,Prius,"Four, Four Touring, Three, Three Touring, Two, Two Eco","1.8L L4 - Electric/Gas, 1.8L L4 - FULL HYBRID EV-GAS (FHEV)",43903
PT9194723520,2024,Toyota,Prius,"LE, Limited, XLE",2.0L L4 - Electric/Gas,42476
PT27842192,2019,Toyota,RAV4,"Adventure, Hybrid LE, Hybrid Limited, Hybrid XLE, Hybrid XSE, LE, Limited, XLE, XLE Premium","2.5L L4 - Electric/Gas, 2.5L L4 - FULL HYBRID EV-GAS (FHEV), 2.5L L4 - Gas",40526
PT27842192,2024,Toyota,RAV4,"Adventure, Hybrid LE, Hybrid Limited, Hybrid SE, Hybrid Woodland Edition, Hybrid XLE, Hybrid XLE Premium, Hybrid XSE, LE, Limited, TRD Off-Road, XLE, XLE Premium","2.5L L4 - Electric/Gas, 2.5L L4 - Gas",47569
PT27842192,2024,Toyota,RAV4 Prime,"SE, XSE",2.5L L4 - Electric/Gas,40519
PT27842192,2023,Toyota,RAV4,"Adventure, Hybrid LE, Hybrid Limited, Hybrid SE, Hybrid Woodland Edition, Hybrid XLE, Hybrid XLE Premium, Hybrid XSE, LE, Limited, TRD Off-Road, XLE, XLE Premium","2.5L L4 - Electric/Gas, 2.5L L4 - FULL HYBRID EV-GAS (FHEV), 2.5L L4 - Gas",40520
PT27842192,2023,Toyota,RAV4 Prime,"SE, XSE","2.5L L4 - Electric/Gas, 2.5L L4 - PLUG-IN HYBRID EV-GAS (PH",40521
PT27842192,2022,Toyota,RAV4,"Adventure, Hybrid LE, Hybrid Limited, Hybrid SE, Hybrid XLE, Hybrid XLE Premium, Hybrid XSE, LE, Limited, TRD Off-Road, XLE, XLE Premium","2.5L L4 - Electric/Gas, 2.5L L4 - FULL HYBRID EV-GAS (FHEV), 2.5L L4 - Gas",40522
PT27842192,2022,Toyota,RAV4 Prime,"SE, XSE","2.5L L4 - Electric/Gas, 2.5L L4 - PLUG-IN HYBRID EV-GAS (PH",40523
PT27842192,2021,Toyota,RAV4,"Adventure, Hybrid LE, Hybrid Limited, Hybrid XLE, Hybrid XLE Premium, Hybrid XSE, LE, Limited, TRD Off-Road, XLE, XLE Premium","2.5L L4 - Electric/Gas, 2.5L L4 - FULL HYBRID EV-GAS (FHEV), 2.5L L4 - Gas",40524
PT27842192,2020,Toyota,RAV4,"Adventure, Hybrid LE, Hybrid Limited, Hybrid XLE, Hybrid XSE, LE, Limited, TRD Off-Road, XLE, XLE Premium","2.5L L4 - Electric/Gas, 2.5L L4 - FULL HYBRID EV-GAS (FHEV), 2.5L L4 - Gas",40525
PT76716220,null,null,null,null,null,42132
PT76716220,null,null,null,null,null,49179
PT76748200,2023,Toyota,Highlander,"Hybrid Bronze Edition, Hybrid LE, Hybrid Limited, Hybrid Platinum, Hybrid XLE, L, LE, Limited, Platinum, XLE, XSE","2.4L L4 - Gas, 2.5L L4 - Electric/Gas, 2.5L L4 - FULL HYBRID EV-GAS (FHEV)",49293
PT76748200,2022,Toyota,Highlander,"Hybrid Bronze Edition, Hybrid LE, Hybrid Limited, Hybrid Platinum, Hybrid XLE, L, LE, Limited, Platinum, XLE, XSE","2.5L L4 - Electric/Gas, 2.5L L4 - FULL HYBRID EV-GAS (FHEV), 3.5L V6 - Gas",42218
PT92542160,2018,Toyota,RAV4,"Adventure, Hybrid Limited, Hybrid SE, Hybrid XLE, LE, Limited, Platinum, SE, XLE","2.5L L4 - Electric/Gas, 2.5L L4 - FULL HYBRID EV-GAS (FHEV), 2.5L L4 - Gas",42521
PT92542160,2017,Toyota,RAV4,"Hybrid Limited, Hybrid SE, Hybrid XLE, LE, Limited, Platinum, SE, XLE","2.5L L4 - Electric/Gas, 2.5L L4 - FULL HYBRID EV-GAS (FHEV), 2.5L L4 - Gas",42522
PT92542160,2015,Toyota,RAV4,"LE, Limited, XLE",2.5L L4 - Gas,42523
PT92542160,2014,Toyota,RAV4,"EV, LE, Limited, XLE","2.5L L4 - Gas, Electric",42524
PT92542160,2013,Toyota,RAV4,"EV, LE, Limited, XLE","2.5L L4 - Gas, Electric",42525
PT97135240,null,null,null,null,null,42087
PT97135240,null,null,null,null,null,43711
PT97135241,null,null,null,null,null,42088
PT97135241,null,null,null,null,null,43712
PT94947160AB,2024,Toyota,RAV4 Prime,SE,2.5L L4 - Electric/Gas,43037
PT94947160AB,2021,Toyota,RAV4,"Adventure, Hybrid XSE, LE, Limited, TRD Off-Road, XLE","2.5L L4 - Electric/Gas, 2.5L L4 - FULL HYBRID EV-GAS (FHEV), 2.5L L4 - Gas",43601
PT94947160AB,2021,Toyota,Sequoia,"Limited, Nightshade, Platinum, SR5, TRD Pro, TRD Sport",5.7L V8 - Gas,43603
PT94947160AB,2021,Toyota,Sienna,"LE, Limited, Platinum, XLE, XSE","2.5L L4 - Electric/Gas, 2.5L L4 - FULL HYBRID EV-GAS (FHEV)",43604
PT94947160AB,2021,Toyota,Tacoma,"Limited, SR, SR5, TRD Off-Road, TRD Pro, TRD Sport","2.7L L4 - Gas, 3.5L V6 - Gas",43605
PT94947160AB,2021,Toyota,Tundra,"1794 Edition, Limited, Platinum, SR, SR5, TRD Pro",5.7L V8 - Gas,43606
PT94947160AB,2021,Toyota,Venza,"LE, Limited, XLE","2.5L L4 - Electric/Gas, 2.5L L4 - FULL HYBRID EV-GAS (FHEV)",43607
PT94947160AB,2020,Toyota,4Runner,"Limited, Nightshade, SR5, TRD Off-Road, TRD Off-Road Premium, TRD Pro, Venture",4.0L V6 - Gas,43608
PT94947160AB,2020,Toyota,86,"Base, GT, Hakone Edition",2.0L H4 - Gas,43609
PT94947160AB,2020,Toyota,Avalon,"Hybrid Limited, Hybrid XLE, Hybrid XSE, Limited, TRD, Touring, XLE, XSE","2.5L L4 - Electric/Gas, 2.5L L4 - FULL HYBRID EV-GAS (FHEV), 3.5L V6 - Gas",43610
PT94947160AB,2020,Toyota,C-HR,"LE, Limited, XLE",2.0L L4 - Gas,42120
PT94947160AB,2020,Toyota,Camry,"Hybrid LE, Hybrid SE, Hybrid XLE, L, LE, SE, TRD, XLE, XSE","2.5L L4 - Electric/Gas, 2.5L L4 - FULL HYBRID EV-GAS (FHEV), 2.5L L4 - Gas, 3.5L V6 - Gas",43611
PT94947160AB,2020,Toyota,Corolla,"Hybrid LE, L, LE, SE, XLE, XSE","1.8L L4 - Electric/Gas, 1.8L L4 - FULL HYBRID EV-GAS (FHEV), 1.8L L4 - Gas, 2.0L L4 - Gas",43612
PT94947160AB,2019,Toyota,Camry,"Hybrid LE, Hybrid SE, Hybrid XLE, XSE","2.5L L4 - Electric/Gas, 2.5L L4 - FULL HYBRID EV-GAS (FHEV), 2.5L L4 - Gas, 3.5L V6 - Gas",43623
PT94947160AB,2019,Toyota,Highlander,Hybrid LE,"3.5L V6 - Electric/Gas, 3.5L V6 - FULL HYBRID EV-GAS (FHEV)",43624
PT94947160AB,2019,Toyota,Prius,"L Eco, LE, Limited, XLE","1.8L L4 - Electric/Gas, 1.8L L4 - FULL HYBRID EV-GAS (FHEV)",43625
PT94947160AB,2023,Toyota,Prius Prime,"SE, XSE, XSE Premium",2.0L L4 - Electric/Gas,43635
PT94947160AB,2023,Toyota,RAV4,"Adventure, Hybrid XSE, LE, Limited, TRD Off-Road, XLE","2.5L L4 - Electric/Gas, 2.5L L4 - FULL HYBRID EV-GAS (FHEV), 2.5L L4 - Gas",43588
PT94947160AB,2023,Toyota,RAV4 Prime,SE,"2.5L L4 - Electric/Gas, 2.5L L4 - PLUG-IN HYBRID EV-GAS (PH",43589
PT94947160AB,2022,Toyota,RAV4,"Adventure, Hybrid XSE, LE, Limited, TRD Off-Road, XLE","2.5L L4 - Electric/Gas, 2.5L L4 - FULL HYBRID EV-GAS (FHEV), 2.5L L4 - Gas",43590
PT94947160AB,2024,Toyota,Prius Prime,"SE, XSE, XSE Premium",2.0L L4 - Electric/Gas,43534
PT94947160AB,2024,Toyota,RAV4,"Adventure, Hybrid XSE, LE, Limited, TRD Off-Road, XLE","2.5L L4 - Electric/Gas, 2.5L L4 - Gas",43535
PT94947160AB,2022,Toyota,RAV4 Prime,SE,"2.5L L4 - Electric/Gas, 2.5L L4 - PLUG-IN HYBRID EV-GAS (PH",43591
PT94947160AB,2021,Toyota,4Runner,"Limited, Nightshade, SR5, TRD Off-Road, TRD Off-Road Premium, TRD Pro, Trail, Venture",4.0L V6 - Gas,43592
PT94947160AB,2021,Toyota,Avalon,"Limited, TRD, Touring, XLE, XSE","2.5L L4 - Gas, 3.5L V6 - Gas",43593
PT94947160AB,2021,Toyota,C-HR,"LE, Limited, Nightshade, XLE",2.0L L4 - Gas,43594
PT94947160AB,2021,Toyota,Camry,"LE, SE, TRD, XLE, XSE","2.5L L4 - Gas, 3.5L V6 - Gas",43595
PT94947160AB,2021,Toyota,Corolla,"L, LE, SE, XLE, XSE","1.8L L4 - Gas, 2.0L L4 - Gas",43596
PT94947160AB,2021,Toyota,Highlander,"L, LE, Limited, Platinum, XLE, XSE",3.5L V6 - Gas,43597
PT94947160AB,2021,Toyota,Land Cruiser,"Base, Heritage Edition",5.7L V8 - Gas,43598
PT94947160AB,2021,Toyota,Prius,"2020 Edition, L Eco, LE, Limited, XLE","1.8L L4 - Electric/Gas, 1.8L L4 - FULL HYBRID EV-GAS (FHEV)",43599
PT94947160AB,2021,Toyota,Prius Prime,"LE, Limited, XLE","1.8L L4 - Electric/Gas, 1.8L L4 - PLUG-IN HYBRID EV-GAS (PH",43600
PT94947160AB,2021,Toyota,RAV4 Prime,"SE, XSE","2.5L L4 - Electric/Gas, 2.5L L4 - PLUG-IN HYBRID EV-GAS (PH",43602
PT94947160AB,2020,Toyota,Highlander,"Hybrid LE, Hybrid Limited, Hybrid Platinum, Hybrid XLE, L, LE, Limited, Platinum, XLE","2.5L L4 - Electric/Gas, 2.5L L4 - FULL HYBRID EV-GAS (FHEV), 3.5L V6 - Gas",43613
PT94947160AB,2020,Toyota,Land Cruiser,"Base, Heritage Edition",5.7L V8 - Gas,43614
PT94947160AB,2020,Toyota,Prius,"L Eco, LE, Limited, XLE","1.8L L4 - Electric/Gas, 1.8L L4 - FULL HYBRID EV-GAS (FHEV)",43615
PT94947160AB,2020,Toyota,Prius Prime,"LE, Limited, XLE","1.8L L4 - Electric/Gas, 1.8L L4 - PLUG-IN HYBRID EV-GAS (PH",43616
PT94947160AB,2020,Toyota,RAV4,"Adventure, Hybrid XSE, LE, Limited, TRD Off-Road, XLE","2.5L L4 - Electric/Gas, 2.5L L4 - FULL HYBRID EV-GAS (FHEV), 2.5L L4 - Gas",43617
PT94947160AB,2020,Toyota,Sequoia,"Limited, Platinum, SR5, TRD Pro, TRD Sport",5.7L V8 - Gas,43618
PT94947160AB,2020,Toyota,Sienna,"L, LE, Limited, Limited Premium, SE, SE Premium, XLE",3.5L V6 - Gas,43619
PT94947160AB,2020,Toyota,Tacoma,"Limited, SR, SR5, TRD Off-Road, TRD Pro, TRD Sport","2.7L L4 - Gas, 3.5L V6 - Gas",43620
PT94947160AB,2020,Toyota,Tundra,"1794 Edition, Limited, Platinum, SR, SR5, TRD Pro",5.7L V8 - Gas,43621
PT94947160AB,2019,Toyota,Avalon,"Hybrid Limited, Limited, Touring","2.5L L4 - Electric/Gas, 2.5L L4 - FULL HYBRID EV-GAS (FHEV), 3.5L V6 - Gas",43622
PT94947160AB,2019,Toyota,Prius C,"L, LE","1.5L L4 - Electric/Gas, 1.5L L4 - FULL HYBRID EV-GAS (FHEV)",43626
PT94947160AB,2019,Toyota,Prius Prime,"Advanced, Plus, Premium","1.8L L4 - Electric/Gas, 1.8L L4 - PLUG-IN HYBRID EV-GAS (PH",43636
PT94947160AB,2019,Toyota,RAV4,"Adventure, Hybrid XSE, LE, Limited, XLE","2.5L L4 - Electric/Gas, 2.5L L4 - FULL HYBRID EV-GAS (FHEV), 2.5L L4 - Gas",43627
PT94947160AB,2019,Toyota,Sienna,LE,3.5L V6 - Gas,43628
PT94947160AB,2019,Toyota,Yaris,"L, LE, XLE",1.5L L4 - Gas,43629
PT94947160AB,2018,Toyota,Avalon,"Hybrid Limited, Hybrid XLE Plus, Hybrid XLE Premium, Limited, Touring, XLE, XLE Plus","2.5L L4 - Electric/Gas, 2.5L L4 - FULL HYBRID EV-GAS (FHEV), 3.5L V6 - Gas",43630
PT94947160AB,2018,Toyota,Camry,"Hybrid LE, Hybrid SE, Hybrid XLE","2.5L L4 - Electric/Gas, 2.5L L4 - FULL HYBRID EV-GAS (FHEV)",43631
PT94947160AB,2018,Toyota,Prius C,"Four, One, Three, Two","1.5L L4 - Electric/Gas, 1.5L L4 - FULL HYBRID EV-GAS (FHEV)",43632
PT92447160,2018,Toyota,Prius,"Four, Four Touring, One, Three, Three Touring, Two, Two Eco","1.8L L4 - Electric/Gas, 1.8L L4 - FULL HYBRID EV-GAS (FHEV)",42490
PT92447160,2017,Toyota,Prius,"Four, Four Touring, One, Three, Three Touring, Two, Two Eco","1.8L L4 - Electric/Gas, 1.8L L4 - FULL HYBRID EV-GAS (FHEV)",42491
PT92447160,2016,Toyota,Prius,"Four, Four Touring, Three, Three Touring, Two, Two Eco","1.8L L4 - Electric/Gas, 1.8L L4 - FULL HYBRID EV-GAS (FHEV)",42492
PT92535242,2024,Toyota,Tacoma,"Limited, SR, SR5, TRD Off-Road, TRD Sport","2.4L L4 - Electric/Gas, 2.4L L4 - Gas",42520
PT45A03210,2020,Toyota,Avalon,"Hybrid Limited, Hybrid XLE, Hybrid XSE, Limited, TRD, Touring, XLE, XSE","2.5L L4 - Electric/Gas, 2.5L L4 - FULL HYBRID EV-GAS (FHEV), 3.5L V6 - Gas",39407
PT45A03210,2020,Toyota,Camry,"Hybrid LE, Hybrid SE, Hybrid XLE, L, LE, SE, SE Nightshade, TRD, XLE, XSE","2.5L L4 - Electric/Gas, 2.5L L4 - FULL HYBRID EV-GAS (FHEV), 2.5L L4 - Gas, 3.5L V6 - Gas",39408
PT27612160,2018,Toyota,Yaris iA,Base,1.5L L4 - Gas,43957
PT27612160,2017,Toyota,Yaris iA,Base,1.5L L4 - Gas,43958
PT27612160,2020,Toyota,Yaris,"L, LE, XLE",1.5L L4 - Gas,43956
PT27602200,2020,Toyota,Corolla,"Hybrid LE, L, LE, SE, SE Nightshade, XLE, XSE","1.8L L4 - Electric/Gas, 1.8L L4 - FULL HYBRID EV-GAS (FHEV), 1.8L L4 - Gas, 2.0L L4 - Gas",43955
PT92535170,2023,Toyota,Tacoma,"Limited, SR, SR5, TRD Off-Road, TRD Pro, TRD Sport, Trail Special Edition","2.7L L4 - Gas, 3.5L V6 - Gas",42511
PT92535170,2021,Toyota,Tacoma,"Limited, Nightshade, SR, SR5, TRD Off-Road, TRD Pro, TRD Sport, Trail","2.7L L4 - Gas, 3.5L V6 - Gas",42513
PT92535170,2020,Toyota,Tacoma,"Limited, SR, SR5, TRD Off-Road, TRD Pro, TRD Sport","2.7L L4 - Gas, 3.5L V6 - Gas",42514
PT92535170,2019,Toyota,Tacoma,"Limited, SR, SR5, TRD Off-Road, TRD Pro, TRD Sport","2.7L L4 - Gas, 3.5L V6 - Gas",42515
PT92535170,2018,Toyota,Tacoma,"Limited, SR, SR5, TRD Off-Road, TRD Pro, TRD Sport","2.7L L4 - Gas, 3.5L V6 - Gas",42516
PT92535170,2017,Toyota,Tacoma,"Limited, SR, SR5, TRD Off-Road, TRD Pro, TRD Sport","2.7L L4 - Gas, 3.5L V6 - Gas",42517
PT92535170,2016,Toyota,Tacoma,"Limited, SR, SR5, TRD Off-Road, TRD Sport","2.7L L4 - Gas, 3.5L V6 - Gas",42518
PT92535170,2022,Toyota,Tacoma,"Limited, SR, SR5, TRD Off-Road, TRD Pro, TRD Sport","2.7L L4 - Gas, 3.5L V6 - Gas",42512
PT9360214010,2019,Toyota,Corolla,"L, LE, LE Eco, SE, XLE, XSE","1.8L L4 - Gas, 2.0L L4 - Gas",42611
PT9360214010,2018,Toyota,Corolla,"L, LE, LE Eco, SE, XLE, XSE",1.8L L4 - Gas,42612
PT9360214010,2017,Toyota,Corolla,"50th Anniversary Special Edition, L, LE, LE Eco, SE, XLE, XSE",1.8L L4 - Gas,42613
PT9360214010,2016,Toyota,Corolla,"L, LE, LE Eco, S, Special Edition",1.8L L4 - Gas,42614
PT9360214010,2015,Toyota,Corolla,"L, LE, LE Eco, S",1.8L L4 - Gas,42615
PT9360214010,2014,Toyota,Corolla,"L, LE, LE Eco, Le Eco Plus, S",1.8L L4 - Gas,42616
PT9360217001,2017,Toyota,Corolla,"50th Anniversary Special Edition, L, LE, LE Eco, SE, XLE, XSE",1.8L L4 - Gas,27665
PT9360217001,2019,Toyota,Corolla,"L, LE, LE Eco, SE, XLE, XSE","1.8L L4 - Gas, 2.0L L4 - Gas",42626
PT9360217001,2018,Toyota,Corolla,"L, LE, LE Eco, SE, XLE, XSE",1.8L L4 - Gas,42627
PT9360220000,2021,Toyota,Corolla,"Hybrid LE, L, LE, SE, SE Apex, SE Nightshade, XLE, XSE, XSE Apex","1.8L L4 - Electric/Gas, 1.8L L4 - FULL HYBRID EV-GAS (FHEV), 1.8L L4 - Gas, 2.0L L4 - Gas",42635
PT9360220000,2020,Toyota,Corolla,"Hybrid LE, L, LE, SE, SE Nightshade, XLE, XSE","1.8L L4 - Electric/Gas, 1.8L L4 - FULL HYBRID EV-GAS (FHEV), 1.8L L4 - Gas, 2.0L L4 - Gas",42636
PT9360220000,2025,Toyota,Corolla,"Nightshade, SE, XSE",2.0L L4 - Gas,42631
PT9360220000,2024,Toyota,Corolla,"Hybrid LE, Hybrid Nightshade, Hybrid SE, Hybrid XLE, LE, Nightshade, SE, XSE","1.8L L4 - Electric/Gas, 2.0L L4 - Gas",42632
PT9360220000,2023,Toyota,Corolla,"Hybrid LE, Hybrid SE, Hybrid XLE, LE, SE, XSE","1.8L L4 - Electric/Gas, 1.8L L4 - FULL HYBRID EV-GAS (FHEV), 2.0L L4 - Gas",42633
PT9360220000,2022,Toyota,Corolla,"Hybrid LE, L, LE, SE, SE Apex, SE Nightshade, XLE, XSE, XSE Apex","1.8L L4 - Electric/Gas, 1.8L L4 - FULL HYBRID EV-GAS (FHEV), 1.8L L4 - Gas, 2.0L L4 - Gas",42634
PT9360220017,2025,Toyota,Corolla,"Nightshade, SE, XSE",2.0L L4 - Gas,42651
PT9360220017,2024,Toyota,Corolla,"Hybrid LE, Hybrid Nightshade, Hybrid SE, Hybrid XLE, LE, Nightshade, SE, XSE","1.8L L4 - Electric/Gas, 2.0L L4 - Gas",42652
PT9360220017,2023,Toyota,Corolla,"Hybrid LE, Hybrid SE, Hybrid XLE, LE, SE, XSE","1.8L L4 - Electric/Gas, 1.8L L4 - FULL HYBRID EV-GAS (FHEV), 2.0L L4 - Gas",42653
PT9360220017,2022,Toyota,Corolla,"Hybrid LE, L, LE, SE, SE Apex, SE Nightshade, XLE, XSE, XSE Apex","1.8L L4 - Electric/Gas, 1.8L L4 - FULL HYBRID EV-GAS (FHEV), 1.8L L4 - Gas, 2.0L L4 - Gas",42654
PT9360220017,2021,Toyota,Corolla,"Hybrid LE, L, LE, SE, SE Apex, SE Nightshade, XLE, XSE, XSE Apex","1.8L L4 - Electric/Gas, 1.8L L4 - FULL HYBRID EV-GAS (FHEV), 1.8L L4 - Gas, 2.0L L4 - Gas",42655
PT9360220017,2020,Toyota,Corolla,"Hybrid LE, L, LE, SE, SE Nightshade, XLE, XSE","1.8L L4 - Electric/Gas, 1.8L L4 - FULL HYBRID EV-GAS (FHEV), 1.8L L4 - Gas, 2.0L L4 - Gas",42656
PT9360318102,2024,Toyota,Camry,"Hybrid LE, Hybrid SE, Hybrid SE Nightshade, Hybrid XLE, Hybrid XSE, LE, SE, SE Nightshade, TRD, XLE, XSE","2.5L L4 - Electric/Gas, 2.5L L4 - Gas, 3.5L V6 - Gas",42666
PT9360318102,2023,Toyota,Camry,"Hybrid LE, Hybrid SE, Hybrid SE Nightshade, Hybrid XLE, Hybrid XSE, LE, SE, SE Nightshade, TRD, XLE, XSE","2.5L L4 - Electric/Gas, 2.5L L4 - FULL HYBRID EV-GAS (FHEV), 2.5L L4 - Gas, 3.5L V6 - Gas",29975
PT9360318102,2022,Toyota,Camry,"Hybrid LE, Hybrid SE, Hybrid SE Nightshade, Hybrid XLE, Hybrid XSE, LE, SE, SE Nightshade, TRD, XLE, XSE","2.5L L4 - Electric/Gas, 2.5L L4 - FULL HYBRID EV-GAS (FHEV), 2.5L L4 - Gas, 3.5L V6 - Gas",42671
PT9360318102,2021,Toyota,Camry,"Hybrid LE, Hybrid SE, Hybrid XLE, Hybrid XSE, LE, SE, SE Nightshade, TRD, XLE, XSE","2.5L L4 - Electric/Gas, 2.5L L4 - FULL HYBRID EV-GAS (FHEV), 2.5L L4 - Gas, 3.5L V6 - Gas",42672
PT9360318102,2020,Toyota,Camry,"Hybrid LE, Hybrid SE, Hybrid XLE, L, LE, SE, SE Nightshade, TRD, XLE, XSE","2.5L L4 - Electric/Gas, 2.5L L4 - FULL HYBRID EV-GAS (FHEV), 2.5L L4 - Gas, 3.5L V6 - Gas",42673
PT9360318102,2019,Toyota,Camry,"Hybrid LE, Hybrid SE, Hybrid XLE, L, LE, SE, XLE, XSE","2.5L L4 - Electric/Gas, 2.5L L4 - FULL HYBRID EV-GAS (FHEV), 2.5L L4 - Gas, 3.5L V6 - Gas",42674
PT9360318102,2018,Toyota,Camry,"Hybrid LE, Hybrid SE, Hybrid XLE, L, LE, SE, XLE, XSE","2.5L L4 - Electric/Gas, 2.5L L4 - FULL HYBRID EV-GAS (FHEV), 2.5L L4 - Gas, 3.5L V6 - Gas",42675
PT9360811007,2018,Toyota,Sienna,"L, LE, Limited, Limited Premium, SE, SE Premium, XLE, XLE Premium",3.5L V6 - Gas,42710
PT45A03210,2021,Toyota,Avalon,"Hybrid Limited, Hybrid XLE, Hybrid XSE, Limited, Nightshade, TRD, Touring, XLE, XSE, XSE Nightshade","2.5L L4 - Electric/Gas, 2.5L L4 - FULL HYBRID EV-GAS (FHEV), 2.5L L4 - Gas, 3.5L V6 - Gas",39409
PT45A03210,2021,Toyota,Camry,"Hybrid LE, Hybrid SE, Hybrid XLE, Hybrid XSE, LE, SE, SE Nightshade, TRD, XLE, XSE","2.5L L4 - Electric/Gas, 2.5L L4 - FULL HYBRID EV-GAS (FHEV), 2.5L L4 - Gas, 3.5L V6 - Gas",39410
PT45A03210,2022,Toyota,Camry,"Hybrid LE, Hybrid SE, Hybrid SE Nightshade, Hybrid XLE, Hybrid XSE, LE, SE, SE Nightshade, TRD, XLE, XSE","2.5L L4 - Electric/Gas, 2.5L L4 - FULL HYBRID EV-GAS (FHEV), 2.5L L4 - Gas, 3.5L V6 - Gas",39411
PT45A03210,2023,Toyota,Camry,"Hybrid LE, Hybrid SE, Hybrid SE Nightshade, Hybrid XLE, Hybrid XSE, LE, SE, SE Nightshade, TRD, XLE, XSE","2.5L L4 - Electric/Gas, 2.5L L4 - FULL HYBRID EV-GAS (FHEV), 2.5L L4 - Gas, 3.5L V6 - Gas",39412
PT9290318123,2023,Toyota,Camry,"Hybrid LE, Hybrid SE, Hybrid SE Nightshade, Hybrid XLE, Hybrid XSE, LE, SE, SE Nightshade, TRD, XLE, XSE","2.5L L4 - Electric/Gas, 2.5L L4 - FULL HYBRID EV-GAS (FHEV), 2.5L L4 - Gas, 3.5L V6 - Gas",42552
PT9290318123,2022,Toyota,Camry,"Hybrid LE, Hybrid SE, Hybrid SE Nightshade, Hybrid XLE, Hybrid XSE, LE, SE, SE Nightshade, TRD, XLE, XSE","2.5L L4 - Electric/Gas, 2.5L L4 - FULL HYBRID EV-GAS (FHEV), 2.5L L4 - Gas, 3.5L V6 - Gas",42553
PT9290318123,2021,Toyota,Camry,"Hybrid LE, Hybrid SE, Hybrid XLE, Hybrid XSE, LE, SE, SE Nightshade, TRD, XLE, XSE","2.5L L4 - Electric/Gas, 2.5L L4 - FULL HYBRID EV-GAS (FHEV), 2.5L L4 - Gas, 3.5L V6 - Gas",42554
PT9290318123,2024,Toyota,Camry,"Hybrid LE, Hybrid SE, Hybrid SE Nightshade, Hybrid XLE, Hybrid XSE, LE, SE, SE Nightshade, TRD, XLE, XSE","2.5L L4 - Electric/Gas, 2.5L L4 - Gas, 3.5L V6 - Gas",42551
PT92942180,2018,Toyota,RAV4,"Adventure, Hybrid Limited, Hybrid SE, Hybrid XLE, LE, Limited, Platinum, SE, XLE","2.5L L4 - Electric/Gas, 2.5L L4 - FULL HYBRID EV-GAS (FHEV), 2.5L L4 - Gas",42573
PT92942180,2017,Toyota,RAV4,"Hybrid Limited, Hybrid SE, Hybrid XLE, LE, Limited, Platinum, SE, XLE","2.5L L4 - Electric/Gas, 2.5L L4 - FULL HYBRID EV-GAS (FHEV), 2.5L L4 - Gas",42571
PT9323422000,2024,Toyota,Tacoma,"Limited, SR, SR5, TRD Off-Road, TRD PreRunner, TRD Pro, TRD Sport, Trailhunter","2.4L L4 - Electric/Gas, 2.4L L4 - Gas",42572
PT9323422000,2024,Toyota,Tundra,"1794 Edition, Capstone, Limited, Platinum, SR, SR5, TRD Pro","3.4L V6 - Electric/Gas, 3.4L V6 - Gas",42574
PT9323422000,2023,Toyota,Tundra,"1794 Edition, Capstone, Limited, Platinum, SR, SR5, TRD Pro","3.4L V6 - Electric/Gas, 3.4L V6 - Gas, 3.5L V6 - Gas, 3.5L V6 - MILD HYBRID EV-GAS (MHEV)",42575
PTR2035110GR,2024,Toyota,4Runner,TRD Sport,4.0L V6 - Gas,44843
PTR2035110GR,2021,Toyota,4Runner,"Limited, Nightshade, SR5, SR5 Premium, TRD Off-Road, TRD Off-Road Premium, TRD Pro, Venture",4.0L V6 - Gas,44844
PTR2035110GR,2020,Toyota,4Runner,"Limited, Nightshade, SR5, SR5 Premium, TRD Off-Road, TRD Off-Road Premium, TRD Pro, Venture",4.0L V6 - Gas,44845
PTR2035110GR,2019,Toyota,4Runner,"Limited, SR5, SR5 Premium, TRD Off-Road, TRD Off-Road Premium, TRD Pro",4.0L V6 - Gas,44846
PTR2035110GR,2018,Toyota,4Runner,"Limited, SR5, SR5 Premium, TRD Off-Road, TRD Off-Road Premium, TRD Pro",4.0L V6 - Gas,44847
PTR2035110GR,2017,Toyota,4Runner,"Limited, SR5, TRD Off-Road, TRD Pro",4.0L V6 - Gas,44848
PTR2035110GR,2016,Toyota,4Runner,"Limited, SR5, TRD Pro, Trail",4.0L V6 - Gas,44849
PTR2035110GR,2015,Toyota,4Runner,"Limited, SR5, TRD Pro, Trail",4.0L V6 - Gas,44850
PTR5735170,2020,Toyota,Tacoma,"Limited, SR, SR5, TRD Off-Road, TRD Pro, TRD Sport","2.7L L4 - Gas, 3.5L V6 - Gas",39519
PTR5735170,2021,Toyota,Tacoma,"Limited, Nightshade, SR, SR5, TRD Off-Road, TRD Pro, TRD Sport, Trail","2.7L L4 - Gas, 3.5L V6 - Gas",39520
PTR5735170,2022,Toyota,Tacoma,"Limited, SR, SR5, TRD Off-Road, TRD Pro, TRD Sport","2.7L L4 - Gas, 3.5L V6 - Gas",39521
PTR5735170,2023,Toyota,Tacoma,"Limited, SR, SR5, TRD Off-Road, TRD Pro, TRD Sport, Trail Special Edition","2.7L L4 - Gas, 3.5L V6 - Gas",39522
PTR5735170,2017,Toyota,Tacoma,"Limited, SR, SR5, TRD Off-Road, TRD Pro, TRD Sport","2.7L L4 - Gas, 3.5L V6 - Gas",39516
PTR5735170,2018,Toyota,Tacoma,"Limited, SR, SR5, TRD Off-Road, TRD Pro, TRD Sport","2.7L L4 - Gas, 3.5L V6 - Gas",39517
PTR5735170,2019,Toyota,Tacoma,"Limited, SR, SR5, TRD Off-Road, TRD Pro, TRD Sport","2.7L L4 - Gas, 3.5L V6 - Gas",39518
PT9480321012,2021,Toyota,Camry,SE,2.5L L4 - Gas,39506
PT9480321012,2022,Toyota,Camry,SE,2.5L L4 - Gas,39507
PT9480321012,2023,Toyota,Camry,SE,2.5L L4 - Gas,39508
PT9480321012,2024,Toyota,Camry,SE,2.5L L4 - Gas,39509
PTR5735171,2017,Toyota,Tacoma,"Limited, SR, SR5, TRD Off-Road, TRD Pro, TRD Sport","2.7L L4 - Gas, 3.5L V6 - Gas",39523
PTR5735171,2018,Toyota,Tacoma,"Limited, SR, SR5, TRD Off-Road, TRD Pro, TRD Sport","2.7L L4 - Gas, 3.5L V6 - Gas",39524
PTR5735171,2019,Toyota,Tacoma,"Limited, SR, SR5, TRD Off-Road, TRD Pro, TRD Sport","2.7L L4 - Gas, 3.5L V6 - Gas",39525
PTR5735171,2020,Toyota,Tacoma,"Limited, SR, SR5, TRD Off-Road, TRD Pro, TRD Sport","2.7L L4 - Gas, 3.5L V6 - Gas",39526
PT9360214001,2019,Toyota,Corolla,"L, LE, LE Eco, SE, XLE, XSE","1.8L L4 - Gas, 2.0L L4 - Gas",42593
PT9360214001,2018,Toyota,Corolla,"L, LE, LE Eco, SE, XLE, XSE",1.8L L4 - Gas,42594
PT9360214001,2017,Toyota,Corolla,"50th Anniversary Special Edition, L, LE, LE Eco, SE, XLE, XSE",1.8L L4 - Gas,42595
PT9360214001,2016,Toyota,Corolla,"L, LE, LE Eco, S, Special Edition",1.8L L4 - Gas,42596
PT9360214001,2015,Toyota,Corolla,"L, LE, LE Eco, S",1.8L L4 - Gas,42597
PT9360214001,2014,Toyota,Corolla,"L, LE, LE Eco, Le Eco Plus, S",1.8L L4 - Gas,42598
1BP01334AA,2012,Toyota,FJ Cruiser,Base,4.0L V6 - Gas,40311
1BP01334AA,2010,Toyota,FJ Cruiser,Base,4.0L V6 - Gas,36982
1BP01334AA,2010,Toyota,Tacoma,"Base, Pre Runner, X-Runner","2.7L L4 - Gas, 4.0L V6 - Gas",36983
1BP01334AA,2003,Toyota,4Runner,"Limited, SR5, Sport","4.0L V6 - Gas, 4.7L V8 - Gas",23820
1BP01334AA,2004,Toyota,4Runner,"Limited, SR5, Sport","4.0L V6 - Gas, 4.7L V8 - Gas",23861
1BP01334AA,2005,Toyota,4Runner,"Limited, SR5, Sport","4.0L V6 - Gas, 4.7L V8 - Gas",25396
1BP01334AA,2005,Toyota,Tacoma,"Base, Pre Runner, X-Runner","2.7L L4 - Gas, 4.0L V6 - Gas",25398
1BP01334AA,2006,Toyota,4Runner,"Limited, SR5, Sport","4.0L V6 - Gas, 4.7L V8 - Gas",25972
1BP01334AA,2006,Toyota,Tacoma,"Base, Pre Runner, X-Runner","2.7L L4 - Gas, 4.0L V6 - Gas",25973
1BP01334AA,2007,Toyota,4Runner,"Limited, SR5, Sport","4.0L V6 - Gas, 4.7L V8 - Gas",28321
1BP01334AA,2007,Toyota,FJ Cruiser,"Base, TRD Special Edition",4.0L V6 - Gas,28322
1BP01334AA,2007,Toyota,Tacoma,"Base, Pre Runner, X-Runner","2.7L L4 - Gas, 4.0L V6 - Gas",28325
1BP01334AA,2008,Toyota,4Runner,"Limited, SR5, Sport","4.0L V6 - Gas, 4.7L V8 - Gas",30402
1BP01334AA,2008,Toyota,FJ Cruiser,"Base, Trail Teams Special Edition",4.0L V6 - Gas,30404
1BP01334AA,2008,Toyota,Tacoma,"Base, Pre Runner, X-Runner","2.7L L4 - Gas, 4.0L V6 - Gas",30406
1BP01334AA,2009,Toyota,4Runner,"Limited, SR5, Sport","4.0L V6 - Gas, 4.7L V8 - Gas",33900
1BP01334AA,2009,Toyota,FJ Cruiser,Base,4.0L V6 - Gas,33901
1BP01334AA,2009,Toyota,Tacoma,"Base, Pre Runner, X-Runner","2.7L L4 - Gas, 4.0L V6 - Gas",33903
1BP01334AA,2011,Toyota,FJ Cruiser,Base,4.0L V6 - Gas,39736
1BP01334AA,2011,Toyota,Tacoma,"Base, Pre Runner, X-Runner","2.7L L4 - Gas, 4.0L V6 - Gas",39737
1BP01334AA,2012,Toyota,Tacoma,"Base, Pre Runner, X-Runner","2.7L L4 - Gas, 4.0L V6 - Gas",40349
1BP01334AA,2013,Toyota,FJ Cruiser,Base,4.0L V6 - Gas,41250
1BP01334AA,2013,Toyota,Tacoma,"Base, Pre Runner, X-Runner","2.7L L4 - Gas, 4.0L V6 - Gas",41251
1BP01334AA,2014,Toyota,FJ Cruiser,Base,4.0L V6 - Gas,41408
1BP01334AA,2014,Toyota,Tacoma,"Base, Pre Runner","2.7L L4 - Gas, 4.0L V6 - Gas",41409
1BP01334AA,2015,Toyota,Tacoma,"Base, Pre Runner, TRD Pro","2.7L L4 - Gas, 4.0L V6 - Gas",41728
1BP01334AA,2016,Toyota,Tacoma,"Limited, SR, SR5, TRD Off-Road, TRD Sport","2.7L L4 - Gas, 3.5L V6 - Gas",41963
1BP01334AA,2017,Toyota,Tacoma,"Limited, SR, SR5, TRD Off-Road, TRD Pro, TRD Sport","2.7L L4 - Gas, 3.5L V6 - Gas",43572
1BP01334AA,2018,Toyota,Tacoma,"Limited, SR, SR5, TRD Off-Road, TRD Pro, TRD Sport","2.7L L4 - Gas, 3.5L V6 - Gas",72694
1BP01334AA,2019,Toyota,Tacoma,"Limited, SR, SR5, TRD Off-Road, TRD Pro, TRD Sport","2.7L L4 - Gas, 3.5L V6 - Gas",72950
1BP01334AA,2020,Toyota,Tacoma,"Limited, SR, SR5, TRD Off-Road, TRD Pro, TRD Sport","2.7L L4 - Gas, 3.5L V6 - Gas",73175
1BP01334AA,2021,Toyota,Tacoma,"Limited, SR, SR5, TRD Off-Road, TRD Pro, TRD Sport, Trail","2.7L L4 - Gas, 3.5L V6 - Gas",73405
1BP01334AA,2022,Toyota,Tacoma,"Limited, SR, SR5, TRD Off-Road, TRD Pro, TRD Sport","2.7L L4 - Gas, 3.5L V6 - Gas",73655
1BP01334AA,2023,Toyota,Tacoma,"Limited, SR, SR5, TRD Off-Road, TRD Pro, TRD Sport, Trail Special Edition","2.7L L4 - Gas, 3.5L V6 - Gas",73929
PT9360214002,2019,Toyota,Corolla,"L, LE, LE Eco, SE, XLE, XSE","1.8L L4 - Gas, 2.0L L4 - Gas",42599
PT9360214002,2018,Toyota,Corolla,"L, LE, LE Eco, SE, XLE, XSE",1.8L L4 - Gas,42600
PT9360214002,2017,Toyota,Corolla,"50th Anniversary Special Edition, L, LE, LE Eco, SE, XLE, XSE",1.8L L4 - Gas,42601
PT9360214002,2016,Toyota,Corolla,"L, LE, LE Eco, S, Special Edition",1.8L L4 - Gas,42602
PT9360214002,2015,Toyota,Corolla,"L, LE, LE Eco, S",1.8L L4 - Gas,42603
PT9360214002,2014,Toyota,Corolla,"L, LE, LE Eco, Le Eco Plus, S",1.8L L4 - Gas,42604
PT9360220008,2025,Toyota,Corolla,"Nightshade, SE, XSE",2.0L L4 - Gas,42637
PT9360220008,2024,Toyota,Corolla,"Hybrid LE, Hybrid Nightshade, Hybrid SE, Hybrid XLE, LE, Nightshade, SE, XSE","1.8L L4 - Electric/Gas, 2.0L L4 - Gas",42638
PT9360220008,2023,Toyota,Corolla,"Hybrid LE, Hybrid SE, Hybrid XLE, LE, SE, XSE","1.8L L4 - Electric/Gas, 1.8L L4 - FULL HYBRID EV-GAS (FHEV), 2.0L L4 - Gas",42639
PT9360220008,2021,Toyota,Corolla,"Hybrid LE, L, LE, SE, SE Apex, SE Nightshade, XLE, XSE, XSE Apex","1.8L L4 - Electric/Gas, 1.8L L4 - FULL HYBRID EV-GAS (FHEV), 1.8L L4 - Gas, 2.0L L4 - Gas",29198
PT9360220008,2020,Toyota,Corolla,"Hybrid LE, L, LE, SE, SE Nightshade, XLE, XSE","1.8L L4 - Electric/Gas, 1.8L L4 - FULL HYBRID EV-GAS (FHEV), 1.8L L4 - Gas, 2.0L L4 - Gas",42640
PT9360220010,2025,Toyota,Corolla,"Nightshade, SE, XSE",2.0L L4 - Gas,42641
PT9360220010,2024,Toyota,Corolla,"Hybrid LE, Hybrid Nightshade, Hybrid SE, Hybrid XLE, LE, Nightshade, SE, XSE","1.8L L4 - Electric/Gas, 2.0L L4 - Gas",42642
PT9360220010,2023,Toyota,Corolla,"Hybrid LE, Hybrid SE, Hybrid XLE, LE, SE, XSE","1.8L L4 - Electric/Gas, 1.8L L4 - FULL HYBRID EV-GAS (FHEV), 2.0L L4 - Gas",42643
PT9360220013,2025,Toyota,Corolla,"Nightshade, SE, XSE",2.0L L4 - Gas,42645
PT9360220013,2024,Toyota,Corolla,"Hybrid LE, Hybrid Nightshade, Hybrid SE, Hybrid XLE, LE, Nightshade, SE, XSE","1.8L L4 - Electric/Gas, 2.0L L4 - Gas",42646
PT9360220013,2023,Toyota,Corolla,"Hybrid LE, Hybrid SE, Hybrid XLE, LE, SE, XSE","1.8L L4 - Electric/Gas, 1.8L L4 - FULL HYBRID EV-GAS (FHEV), 2.0L L4 - Gas",42647
PT9360220013,2022,Toyota,Corolla,"Hybrid LE, L, LE, SE, SE Apex, SE Nightshade, XLE, XSE, XSE Apex","1.8L L4 - Electric/Gas, 1.8L L4 - FULL HYBRID EV-GAS (FHEV), 1.8L L4 - Gas, 2.0L L4 - Gas",42648
PT9360220013,2021,Toyota,Corolla,"Hybrid LE, L, LE, SE, SE Apex, SE Nightshade, XLE, XSE, XSE Apex","1.8L L4 - Electric/Gas, 1.8L L4 - FULL HYBRID EV-GAS (FHEV), 1.8L L4 - Gas, 2.0L L4 - Gas",42649
PT9360220013,2020,Toyota,Corolla,"Hybrid LE, L, LE, SE, SE Nightshade, XLE, XSE","1.8L L4 - Electric/Gas, 1.8L L4 - FULL HYBRID EV-GAS (FHEV), 1.8L L4 - Gas, 2.0L L4 - Gas",42650
PT9360220023,2023,Toyota,Corolla,"Hybrid LE, Hybrid SE, Hybrid XLE, LE, SE, XSE","1.8L L4 - Electric/Gas, 1.8L L4 - FULL HYBRID EV-GAS (FHEV), 2.0L L4 - Gas",42659
PT9360220023,2025,Toyota,Corolla,"Nightshade, SE, XSE",2.0L L4 - Gas,42657
PT9360220023,2024,Toyota,Corolla,"Hybrid LE, Hybrid Nightshade, Hybrid SE, Hybrid XLE, LE, Nightshade, SE, XSE","1.8L L4 - Electric/Gas, 2.0L L4 - Gas",42658
PT9360318101,2021,Toyota,Camry,"Hybrid LE, Hybrid SE, Hybrid XLE, Hybrid XSE, LE, SE, SE Nightshade, TRD, XLE, XSE","2.5L L4 - Electric/Gas, 2.5L L4 - FULL HYBRID EV-GAS (FHEV), 2.5L L4 - Gas, 3.5L V6 - Gas",42662
PT9360318101,2020,Toyota,Camry,"Hybrid LE, Hybrid SE, Hybrid XLE, L, LE, SE, SE Nightshade, TRD, XLE, XSE","2.5L L4 - Electric/Gas, 2.5L L4 - FULL HYBRID EV-GAS (FHEV), 2.5L L4 - Gas, 3.5L V6 - Gas",42663
PT9360318101,2019,Toyota,Camry,"Hybrid LE, Hybrid SE, Hybrid XLE, L, LE, SE, XLE, XSE","2.5L L4 - Electric/Gas, 2.5L L4 - FULL HYBRID EV-GAS (FHEV), 2.5L L4 - Gas, 3.5L V6 - Gas",42664
PT9360318101,2018,Toyota,Camry,"Hybrid LE, Hybrid SE, Hybrid XLE, L, LE, SE, XLE, XSE","2.5L L4 - Electric/Gas, 2.5L L4 - FULL HYBRID EV-GAS (FHEV), 2.5L L4 - Gas, 3.5L V6 - Gas",42665
PT9360318110,2018,Toyota,Camry,"Hybrid LE, Hybrid SE, Hybrid XLE, L, LE, SE, XLE, XSE","2.5L L4 - Electric/Gas, 2.5L L4 - FULL HYBRID EV-GAS (FHEV), 2.5L L4 - Gas, 3.5L V6 - Gas",42682
PT9360318110,2024,Toyota,Camry,"Hybrid LE, Hybrid SE, Hybrid SE Nightshade, Hybrid XLE, Hybrid XSE, LE, SE, SE Nightshade, TRD, XLE, XSE","2.5L L4 - Electric/Gas, 2.5L L4 - Gas, 3.5L V6 - Gas",42676
PT9360318110,2023,Toyota,Camry,"Hybrid LE, Hybrid SE, Hybrid SE Nightshade, Hybrid XLE, Hybrid XSE, LE, SE, SE Nightshade, TRD, XLE, XSE","2.5L L4 - Electric/Gas, 2.5L L4 - FULL HYBRID EV-GAS (FHEV), 2.5L L4 - Gas, 3.5L V6 - Gas",42677
PT9360318110,2022,Toyota,Camry,"Hybrid LE, Hybrid SE, Hybrid SE Nightshade, Hybrid XLE, Hybrid XSE, LE, SE, SE Nightshade, TRD, XLE, XSE","2.5L L4 - Electric/Gas, 2.5L L4 - FULL HYBRID EV-GAS (FHEV), 2.5L L4 - Gas, 3.5L V6 - Gas",42678
PT9360811007,2021,Toyota,Sienna,"LE, Limited, Platinum, XLE, XSE","2.5L L4 - Electric/Gas, 2.5L L4 - FULL HYBRID EV-GAS (FHEV)",42707
PT9360811007,2020,Toyota,Sienna,"L, LE, Limited, Limited Premium, SE, SE Premium, XLE, XLE Premium",3.5L V6 - Gas,42708
PT9360811007,2019,Toyota,Sienna,"L, LE, Limited, Limited Premium, SE, SE Premium, XLE, XLE Premium",3.5L V6 - Gas,42709
PT9360813002,2021,Toyota,Sienna,"LE, Limited, Platinum, XLE, XSE","2.5L L4 - Electric/Gas, 2.5L L4 - FULL HYBRID EV-GAS (FHEV)",42753
PT9360813002,2020,Toyota,Sienna,"L, LE, Limited, Limited Premium, SE, SE Premium, XLE, XLE Premium",3.5L V6 - Gas,42754
PT9360813002,2019,Toyota,Sienna,"L, LE, Limited, Limited Premium, SE, SE Premium, XLE, XLE Premium",3.5L V6 - Gas,42755
PT9360813002,2018,Toyota,Sienna,"L, LE, Limited, Limited Premium, SE, SE Premium, XLE, XLE Premium",3.5L V6 - Gas,42756
PT9360813002,2017,Toyota,Sienna,"L, LE, Limited, SE, XLE",3.5L V6 - Gas,42757
PT9360813002,2016,Toyota,Sienna,"L, LE, Limited, SE, XLE",3.5L V6 - Gas,42758
PT9360813002,2015,Toyota,Sienna,"L, LE, Limited, SE, XLE",3.5L V6 - Gas,42759
PT29A3524008,2024,Toyota,Tacoma,"Limited, SR, SR5, TRD Off-Road, TRD PreRunner, TRD Pro, TRD Sport, Trailhunter","2.4L L4 - Electric/Gas, 2.4L L4 - Gas",40581
PT2060821820,2024,Toyota,Sienna,"Limited, Platinum, XLE, XSE",2.5L L4 - Electric/Gas,46053
PT2060821820,2023,Toyota,Sienna,"25th Anniversary Edition, LE, Limited, Platinum, Woodland Edition, XLE, XSE","2.5L L4 - Electric/Gas, 2.5L L4 - FULL HYBRID EV-GAS (FHEV)",40292
PT2060821820,2022,Toyota,Sienna,"LE, Limited, Platinum, Woodland Edition, XLE, XSE","2.5L L4 - Electric/Gas, 2.5L L4 - FULL HYBRID EV-GAS (FHEV)",40262
PT2060821820,2021,Toyota,Sienna,"LE, Limited, Platinum, XLE, XSE","2.5L L4 - Electric/Gas, 2.5L L4 - FULL HYBRID EV-GAS (FHEV)",40263
PT9484716102,2019,Toyota,Prius Prime,"Advanced, Plus, Premium","1.8L L4 - Electric/Gas, 1.8L L4 - PLUG-IN HYBRID EV-GAS (PH",43332
PT9484716102,2018,Toyota,Prius,"Four, Four Touring, One, Three, Three Touring, Two, Two Eco","1.8L L4 - Electric/Gas, 1.8L L4 - FULL HYBRID EV-GAS (FHEV)",43333
PT9484716102,2018,Toyota,Prius Prime,"Advanced, Plus, Premium","1.8L L4 - Electric/Gas, 1.8L L4 - PLUG-IN HYBRID EV-GAS (PH",43334
PT9484716102,2017,Toyota,Prius,"Four, Four Touring, One, Three, Three Touring, Two, Two Eco","1.8L L4 - Electric/Gas, 1.8L L4 - FULL HYBRID EV-GAS (FHEV)",43336
PT9484716102,2017,Toyota,Prius Prime,"Advanced, Plus, Premium","1.8L L4 - Electric/Gas, 1.8L L4 - PLUG-IN HYBRID EV-GAS (PH",43337
PT9484716102,2016,Toyota,Prius,"Four, Four Touring, Three, Three Touring, Two, Two Eco","1.8L L4 - Electric/Gas, 1.8L L4 - FULL HYBRID EV-GAS (FHEV)",43338
PT9364723000,2024,Toyota,Prius Prime,"SE, XSE, XSE Premium",2.0L L4 - Electric/Gas,43010
PT9364723000,2024,Toyota,Prius,"LE, Limited, XLE",2.0L L4 - Electric/Gas,43009
PK38935S00TP,null,null,null,null,null,45713
PT94948210,2022,Toyota,RAV4 Prime,"SE, XSE","2.5L L4 - Electric/Gas, 2.5L L4 - PLUG-IN HYBRID EV-GAS (PH",46192
PT94948210,2022,Toyota,Venza,"Limited, XLE","2.5L L4 - Electric/Gas, 2.5L L4 - FULL HYBRID EV-GAS (FHEV)",46193
PT94948210,2021,Toyota,Venza,"Limited, XLE","2.5L L4 - Electric/Gas, 2.5L L4 - FULL HYBRID EV-GAS (FHEV)",46194
PT94948210,2024,Toyota,Camry,"Hybrid LE, Hybrid SE, Hybrid SE Nightshade, Hybrid XLE, Hybrid XSE, LE, SE, SE Nightshade, TRD, XLE, XSE","2.5L L4 - Electric/Gas, 2.5L L4 - Gas, 3.5L V6 - Gas",46179
PT94948210,2024,Toyota,RAV4 Prime,"SE, XSE",2.5L L4 - Electric/Gas,46180
PT94948210,2024,Toyota,Venza,"Limited, XLE",2.5L L4 - Electric/Gas,46181
PT94948210,2023,Toyota,Camry,"Hybrid LE, Hybrid SE, Hybrid SE Nightshade, Hybrid XLE, Hybrid XSE, LE, SE, SE Nightshade, TRD, XLE, XSE","2.5L L4 - Electric/Gas, 2.5L L4 - FULL HYBRID EV-GAS (FHEV), 2.5L L4 - Gas, 3.5L V6 - Gas",46182
PT94948210,2023,Toyota,Highlander,"Hybrid Bronze Edition, Hybrid LE, Hybrid Limited, Hybrid Platinum, Hybrid XLE, L, LE, Limited, Platinum, XLE, XSE","2.4L L4 - Gas, 2.5L L4 - Electric/Gas, 2.5L L4 - FULL HYBRID EV-GAS (FHEV)",46183
PT94948210,2023,Toyota,Prius,"LE, Limited, XLE",2.0L L4 - Electric/Gas,46184
PT94948210,2023,Toyota,Prius Prime,"XSE, XSE Premium",2.0L L4 - Electric/Gas,46185
PT94948210,2023,Toyota,RAV4,"Adventure, Hybrid XSE, LE, Limited, TRD Off-Road, XLE","2.5L L4 - Electric/Gas, 2.5L L4 - FULL HYBRID EV-GAS (FHEV), 2.5L L4 - Gas",46186
PT94948210,2023,Toyota,RAV4 Prime,"SE, XSE","2.5L L4 - Electric/Gas, 2.5L L4 - PLUG-IN HYBRID EV-GAS (PH",46187
PT94948210,2023,Toyota,Venza,"Limited, XLE","2.5L L4 - Electric/Gas, 2.5L L4 - FULL HYBRID EV-GAS (FHEV)",46188
PT94948210,2022,Toyota,Camry,"Hybrid LE, Hybrid SE, Hybrid SE Nightshade, Hybrid XLE, Hybrid XSE, LE, SE, SE Nightshade, TRD, XLE, XSE","2.5L L4 - Electric/Gas, 2.5L L4 - FULL HYBRID EV-GAS (FHEV), 2.5L L4 - Gas, 3.5L V6 - Gas",46189
PT94948210,2022,Toyota,Highlander,"Limited, Platinum, XLE, XSE",3.5L V6 - Gas,46190
PT94948210,2022,Toyota,RAV4,"Adventure, Hybrid XSE, LE, Limited, TRD Off-Road, XLE","2.5L L4 - Electric/Gas, 2.5L L4 - FULL HYBRID EV-GAS (FHEV), 2.5L L4 - Gas",46191
PT94948210,2024,Toyota,Crown,"Limited, XLE",2.5L L4 - Electric/Gas,46224
PT94948210,2024,Toyota,Highlander,"LE, Limited, Platinum, XLE, XSE",2.4L L4 - Gas,46225
PT94948210,2024,Toyota,Prius,"LE, Limited, XLE",2.0L L4 - Electric/Gas,46226
PT94948210,2024,Toyota,Prius Prime,"XSE, XSE Premium",2.0L L4 - Electric/Gas,46227
PT94948210,2024,Toyota,RAV4,"Adventure, Hybrid XSE, LE, Limited, TRD Off-Road, XLE","2.5L L4 - Electric/Gas, 2.5L L4 - Gas",46228
PT90702200,2021,Toyota,Corolla,"Hybrid LE, L, LE, SE, SE Apex, SE Nightshade, XLE, XSE, XSE Apex","1.8L L4 - Electric/Gas, 1.8L L4 - FULL HYBRID EV-GAS (FHEV), 1.8L L4 - Gas, 2.0L L4 - Gas",42310
PT90702200,2020,Toyota,Corolla,"Hybrid LE, L, LE, SE, SE Nightshade, XLE, XSE","1.8L L4 - Electric/Gas, 1.8L L4 - FULL HYBRID EV-GAS (FHEV), 1.8L L4 - Gas, 2.0L L4 - Gas",42311
PT90702200,2025,Toyota,Corolla,"Nightshade, SE, XSE",2.0L L4 - Gas,42307
PT90702200,2024,Toyota,Corolla,"Hybrid LE, Hybrid Nightshade, Hybrid SE, Hybrid XLE, LE, Nightshade, SE, XSE","1.8L L4 - Electric/Gas, 2.0L L4 - Gas",42308
PT90702200,2023,Toyota,Corolla,"Hybrid LE, Hybrid SE, Hybrid XLE, LE, SE, XSE","1.8L L4 - Electric/Gas, 1.8L L4 - FULL HYBRID EV-GAS (FHEV), 2.0L L4 - Gas",42309
PT90702200,2022,Toyota,Corolla,"Hybrid LE, L, LE, SE, SE Apex, SE Nightshade, XLE, XSE, XSE Apex","1.8L L4 - Electric/Gas, 1.8L L4 - FULL HYBRID EV-GAS (FHEV), 1.8L L4 - Gas, 2.0L L4 - Gas",49414
PT90702203,2024,Toyota,Corolla,"Hybrid LE, Hybrid Nightshade, Hybrid SE, Hybrid XLE, LE, Nightshade, SE, XSE","1.8L L4 - Electric/Gas, 2.0L L4 - Gas",42317
PT90702203,2023,Toyota,Corolla,"Hybrid LE, Hybrid SE, Hybrid XLE, LE, SE, XSE","1.8L L4 - Electric/Gas, 1.8L L4 - FULL HYBRID EV-GAS (FHEV), 2.0L L4 - Gas",42318
PT90702203,2021,Toyota,Corolla,"Hybrid LE, L, LE, SE, SE Apex, SE Nightshade, XLE, XSE, XSE Apex","1.8L L4 - Electric/Gas, 1.8L L4 - FULL HYBRID EV-GAS (FHEV), 1.8L L4 - Gas, 2.0L L4 - Gas",42319
PT90702203,2020,Toyota,Corolla,"Hybrid LE, L, LE, SE, SE Nightshade, XLE, XSE","1.8L L4 - Electric/Gas, 1.8L L4 - FULL HYBRID EV-GAS (FHEV), 1.8L L4 - Gas, 2.0L L4 - Gas",42320
PT90708210FF,null,null,null,null,null,42294
PT90708210FF,null,null,null,null,null,49428
PU06012115R1,2018,Toyota,Corolla,"L, LE, LE Eco, SE, XLE, XSE",1.8L L4 - Gas,43852
PU06012115R1,2017,Toyota,Corolla,"50th Anniversary Special Edition, L, LE, LE Eco, SE, XLE, XSE",1.8L L4 - Gas,43853
PU06012115R1,2016,Toyota,Corolla,"L, LE, LE Eco, S, Special Edition",1.8L L4 - Gas,43854
PU06012115R1,2015,Toyota,Corolla,"L, LE, LE Eco, S",1.8L L4 - Gas,43855
PT9384213029,2018,Toyota,RAV4,"Adventure, Hybrid Limited, Hybrid SE, Hybrid XLE, LE, Limited, Platinum, SE, XLE","2.5L L4 - Electric/Gas, 2.5L L4 - FULL HYBRID EV-GAS (FHEV), 2.5L L4 - Gas",43114
PT9384213029,2017,Toyota,RAV4,"Hybrid Limited, Hybrid SE, Hybrid XLE, LE, Limited, Platinum, SE, XLE","2.5L L4 - Electric/Gas, 2.5L L4 - FULL HYBRID EV-GAS (FHEV), 2.5L L4 - Gas",43115
PT9384219002,2023,Toyota,RAV4,"Adventure, Hybrid LE, Hybrid Limited, Hybrid SE, Hybrid Woodland Edition, Hybrid XLE, Hybrid XLE Premium, Hybrid XSE, LE, Limited, TRD Off-Road, XLE, XLE Premium","2.5L L4 - Electric/Gas, 2.5L L4 - FULL HYBRID EV-GAS (FHEV), 2.5L L4 - Gas",41247
PT9360318110,2021,Toyota,Camry,"Hybrid LE, Hybrid SE, Hybrid XLE, Hybrid XSE, LE, SE, SE Nightshade, TRD, XLE, XSE","2.5L L4 - Electric/Gas, 2.5L L4 - FULL HYBRID EV-GAS (FHEV), 2.5L L4 - Gas, 3.5L V6 - Gas",42679
PT9360318110,2020,Toyota,Camry,"Hybrid LE, Hybrid SE, Hybrid XLE, L, LE, SE, SE Nightshade, TRD, XLE, XSE","2.5L L4 - Electric/Gas, 2.5L L4 - FULL HYBRID EV-GAS (FHEV), 2.5L L4 - Gas, 3.5L V6 - Gas",42680
PT9360318110,2019,Toyota,Camry,"Hybrid LE, Hybrid SE, Hybrid XLE, L, LE, SE, XLE, XSE","2.5L L4 - Electric/Gas, 2.5L L4 - FULL HYBRID EV-GAS (FHEV), 2.5L L4 - Gas, 3.5L V6 - Gas",42681
PT9361622008,null,null,null,null,null,33820
PT9361622008,null,null,null,null,null,42716
PT9363422101,2023,Toyota,Tundra,"1794 Edition, Capstone, Limited, Platinum, SR, SR5, TRD Pro","3.4L V6 - Electric/Gas, 3.4L V6 - Gas, 3.5L V6 - Gas, 3.5L V6 - MILD HYBRID EV-GAS (MHEV)",33927
PT9363422101,2022,Toyota,Tundra,"1794 Edition, Capstone, Limited, Platinum, SR, SR5, TRD Pro","3.4L V6 - Electric/Gas, 3.4L V6 - Gas, 3.5L V6 - Gas, 3.5L V6 - MILD HYBRID EV-GAS (MHEV)",42779
PT9363422106,2022,Toyota,Tundra,"1794 Edition, Capstone, Limited, Platinum, SR, SR5, TRD Pro","3.4L V6 - Electric/Gas, 3.4L V6 - Gas, 3.5L V6 - Gas, 3.5L V6 - MILD HYBRID EV-GAS (MHEV)",42784
PT9363517115,2023,Toyota,Tacoma,"Limited, SR, SR5, TRD Off-Road, TRD Pro, TRD Sport, Trail Special Edition","2.7L L4 - Gas, 3.5L V6 - Gas",42821
PT9088925002,null,null,null,null,null,46218
PT9363524108,2024,Toyota,Tacoma,"Limited, SR, SR5, TRD Off-Road, TRD PreRunner, TRD Pro, TRD Sport, Trailhunter","2.4L L4 - Electric/Gas, 2.4L L4 - Gas",42833
PT9088925402,null,null,null,null,null,46219
PT9483422101,null,null,null,null,null,46221
PT90735241,null,null,null,null,null,42341
PT90735241,null,null,null,null,null,49437
PT9364213022,2018,Toyota,RAV4,"Adventure, Hybrid Limited, Hybrid SE, Hybrid XLE, LE, Limited, Platinum, SE, XLE","2.5L L4 - Electric/Gas, 2.5L L4 - FULL HYBRID EV-GAS (FHEV), 2.5L L4 - Gas",42855
PT9364213022,2017,Toyota,RAV4,"Hybrid Limited, Hybrid SE, Hybrid XLE, LE, Limited, Platinum, SE, XLE","2.5L L4 - Electric/Gas, 2.5L L4 - FULL HYBRID EV-GAS (FHEV), 2.5L L4 - Gas",42856
PK38912L00TP,2025,Toyota,Corolla,"Nightshade, SE, XSE",2.0L L4 - Gas,47105
PK38912L00TP,2024,Toyota,Corolla,"Hybrid LE, Hybrid Nightshade, Hybrid SE, Hybrid XLE, LE, Nightshade, SE, XSE","1.8L L4 - Electric/Gas, 2.0L L4 - Gas",47106
PK38912L00TP,2023,Toyota,Corolla,"Hybrid LE, Hybrid SE, Hybrid XLE, LE, SE, XSE","1.8L L4 - Electric/Gas, 1.8L L4 - FULL HYBRID EV-GAS (FHEV), 2.0L L4 - Gas",46005
PK38912L00TP,2022,Toyota,Corolla,"Hybrid LE, L, LE, SE, SE Apex, SE Nightshade, XLE, XSE, XSE Apex","1.8L L4 - Electric/Gas, 1.8L L4 - FULL HYBRID EV-GAS (FHEV), 1.8L L4 - Gas, 2.0L L4 - Gas",47120
PK38912L00TP,2021,Toyota,Corolla,"Hybrid LE, L, LE, SE, SE Apex, SE Nightshade, XLE, XSE, XSE Apex","1.8L L4 - Electric/Gas, 1.8L L4 - FULL HYBRID EV-GAS (FHEV), 1.8L L4 - Gas, 2.0L L4 - Gas",47121
PK38912L00TP,2020,Toyota,Corolla,"Hybrid LE, L, LE, SE, SE Nightshade, XLE, XSE","1.8L L4 - Electric/Gas, 1.8L L4 - FULL HYBRID EV-GAS (FHEV), 1.8L L4 - Gas, 2.0L L4 - Gas",47122
PT9364213020,2018,Toyota,RAV4,"Adventure, Hybrid Limited, Hybrid SE, Hybrid XLE, LE, Limited, Platinum, SE, XLE","2.5L L4 - Electric/Gas, 2.5L L4 - FULL HYBRID EV-GAS (FHEV), 2.5L L4 - Gas",42850
PT9364213020,2017,Toyota,RAV4,"Hybrid Limited, Hybrid SE, Hybrid XLE, LE, Limited, Platinum, SE, XLE","2.5L L4 - Electric/Gas, 2.5L L4 - FULL HYBRID EV-GAS (FHEV), 2.5L L4 - Gas",42851
PT9364213020,2016,Toyota,RAV4,"Hybrid Limited, Hybrid XLE, LE, Limited, SE, XLE","2.5L L4 - Electric/Gas, 2.5L L4 - FULL HYBRID EV-GAS (FHEV), 2.5L L4 - Gas",42852
PT9364213020,2015,Toyota,RAV4,"LE, Limited, XLE",2.5L L4 - Gas,42853
PT9364213020,2014,Toyota,RAV4,"EV, LE, Limited, XLE","2.5L L4 - Gas, Electric",42854
PT9364219012,2024,Toyota,RAV4,"Adventure, Hybrid LE, Hybrid Limited, Hybrid SE, Hybrid Woodland Edition, Hybrid XLE, Hybrid XLE Premium, Hybrid XSE, LE, Limited, TRD Off-Road, XLE, XLE Premium","2.5L L4 - Electric/Gas, 2.5L L4 - Gas",42899
PT9364219012,2024,Toyota,RAV4 Prime,"SE, XSE",2.5L L4 - Electric/Gas,42900
PT9364219012,2023,Toyota,RAV4,"Adventure, Hybrid LE, Hybrid Limited, Hybrid SE, Hybrid Woodland Edition, Hybrid XLE, Hybrid XLE Premium, Hybrid XSE, LE, Limited, TRD Off-Road, XLE, XLE Premium","2.5L L4 - Electric/Gas, 2.5L L4 - FULL HYBRID EV-GAS (FHEV), 2.5L L4 - Gas",42901
PT9364219012,2023,Toyota,RAV4 Prime,"SE, XSE","2.5L L4 - Electric/Gas, 2.5L L4 - PLUG-IN HYBRID EV-GAS (PH",42902
PT9364219012,2022,Toyota,RAV4,"Adventure, Hybrid LE, Hybrid Limited, Hybrid SE, Hybrid XLE, Hybrid XLE Premium, Hybrid XSE, LE, Limited, TRD Off-Road, XLE, XLE Premium","2.5L L4 - Electric/Gas, 2.5L L4 - FULL HYBRID EV-GAS (FHEV), 2.5L L4 - Gas",42903
PT9364219012,2022,Toyota,RAV4 Prime,"SE, XSE","2.5L L4 - Electric/Gas, 2.5L L4 - PLUG-IN HYBRID EV-GAS (PH",42904
PT9364219012,2021,Toyota,RAV4,"Adventure, Hybrid LE, Hybrid Limited, Hybrid XLE, Hybrid XLE Premium, Hybrid XSE, LE, Limited, TRD Off-Road, XLE, XLE Premium","2.5L L4 - Electric/Gas, 2.5L L4 - FULL HYBRID EV-GAS (FHEV), 2.5L L4 - Gas",42905
PT9364219012,2020,Toyota,RAV4,"Adventure, Hybrid LE, Hybrid Limited, Hybrid XLE, Hybrid XSE, LE, Limited, TRD Off-Road, XLE, XLE Premium","2.5L L4 - Electric/Gas, 2.5L L4 - FULL HYBRID EV-GAS (FHEV), 2.5L L4 - Gas",42906
PT9364219012,2019,Toyota,RAV4,"Adventure, Hybrid LE, Hybrid Limited, Hybrid XLE, Hybrid XSE, LE, Limited, XLE, XLE Premium","2.5L L4 - Electric/Gas, 2.5L L4 - FULL HYBRID EV-GAS (FHEV), 2.5L L4 - Gas",42907
PT9364219011,2021,Toyota,RAV4,"Adventure, Hybrid LE, Hybrid Limited, Hybrid XLE, Hybrid XLE Premium, Hybrid XSE, LE, Limited, TRD Off-Road, XLE, XLE Premium","2.5L L4 - Electric/Gas, 2.5L L4 - FULL HYBRID EV-GAS (FHEV), 2.5L L4 - Gas",42896
PT9364219011,2020,Toyota,RAV4,"Adventure, Hybrid LE, Hybrid Limited, Hybrid XLE, Hybrid XSE, LE, Limited, TRD Off-Road, XLE, XLE Premium","2.5L L4 - Electric/Gas, 2.5L L4 - FULL HYBRID EV-GAS (FHEV), 2.5L L4 - Gas",42897
PT9364219011,2024,Toyota,RAV4,"Adventure, Hybrid LE, Hybrid Limited, Hybrid SE, Hybrid Woodland Edition, Hybrid XLE, Hybrid XLE Premium, Hybrid XSE, LE, Limited, TRD Off-Road, XLE, XLE Premium","2.5L L4 - Electric/Gas, 2.5L L4 - Gas",42890
PT9364219011,2024,Toyota,RAV4 Prime,"SE, XSE",2.5L L4 - Electric/Gas,42891
PT9364219011,2023,Toyota,RAV4,"Adventure, Hybrid LE, Hybrid Limited, Hybrid SE, Hybrid Woodland Edition, Hybrid XLE, Hybrid XLE Premium, Hybrid XSE, LE, Limited, TRD Off-Road, XLE, XLE Premium","2.5L L4 - Electric/Gas, 2.5L L4 - FULL HYBRID EV-GAS (FHEV), 2.5L L4 - Gas",42892
PT9364219011,2023,Toyota,RAV4 Prime,"SE, XSE","2.5L L4 - Electric/Gas, 2.5L L4 - PLUG-IN HYBRID EV-GAS (PH",42893
PT9364219011,2022,Toyota,RAV4,"Adventure, Hybrid LE, Hybrid Limited, Hybrid SE, Hybrid XLE, Hybrid XLE Premium, Hybrid XSE, LE, Limited, TRD Off-Road, XLE, XLE Premium","2.5L L4 - Electric/Gas, 2.5L L4 - FULL HYBRID EV-GAS (FHEV), 2.5L L4 - Gas",42894
PT9364219011,2022,Toyota,RAV4 Prime,"SE, XSE","2.5L L4 - Electric/Gas, 2.5L L4 - PLUG-IN HYBRID EV-GAS (PH",42895
PT9364219011,2019,Toyota,RAV4,"Adventure, Hybrid LE, Hybrid Limited, Hybrid XLE, Hybrid XSE, LE, Limited, XLE, XLE Premium","2.5L L4 - Electric/Gas, 2.5L L4 - FULL HYBRID EV-GAS (FHEV), 2.5L L4 - Gas",42898
PT9364723001,2024,Toyota,Prius,"LE, Limited, XLE",2.0L L4 - Electric/Gas,43011
PT9364723001,2024,Toyota,Prius Prime,"SE, XSE, XSE Premium",2.0L L4 - Electric/Gas,43012
PT9380214001,2018,Toyota,Corolla,"L, LE, LE Eco, SE, XLE, XSE",1.8L L4 - Gas,43056
PT9380214001,2017,Toyota,Corolla,"50th Anniversary Special Edition, L, LE, LE Eco, SE, XLE, XSE",1.8L L4 - Gas,43057
PT9380214001,2016,Toyota,Corolla,"L, LE, LE Eco, S, Special Edition",1.8L L4 - Gas,43058
PT9380214001,2015,Toyota,Corolla,"L, LE, LE Eco, S",1.8L L4 - Gas,43059
PT9380214001,2014,Toyota,Corolla,"L, LE, LE Eco, Le Eco Plus, S",1.8L L4 - Gas,43060
PT9380214001,2019,Toyota,Corolla,"L, LE, LE Eco, SE, XLE, XSE","1.8L L4 - Gas, 2.0L L4 - Gas",43055
PT9080318502,2020,Toyota,Camry,"Hybrid LE, Hybrid SE, Hybrid XLE, L, LE, SE, SE Nightshade, TRD, XLE, XSE","2.5L L4 - Electric/Gas, 2.5L L4 - FULL HYBRID EV-GAS (FHEV), 2.5L L4 - Gas, 3.5L V6 - Gas",39469
PT9080318502,2019,Toyota,Camry,"Hybrid LE, Hybrid SE, Hybrid XLE, L, LE, SE, XLE, XSE","2.5L L4 - Electric/Gas, 2.5L L4 - FULL HYBRID EV-GAS (FHEV), 2.5L L4 - Gas, 3.5L V6 - Gas",39470
PT9080318502,2018,Toyota,Camry,"Hybrid LE, Hybrid SE, Hybrid XLE, L, LE, SE, XLE, XSE","2.5L L4 - Electric/Gas, 2.5L L4 - FULL HYBRID EV-GAS (FHEV), 2.5L L4 - Gas, 3.5L V6 - Gas",39471
PT9080318502,2025,Toyota,Camry,"LE, SE, XLE, XSE",2.5L L4 - Electric/Gas,46167
PT9080318502,2023,Toyota,Camry,"Hybrid LE, Hybrid SE, Hybrid SE Nightshade, Hybrid XLE, Hybrid XSE, LE, SE, SE Nightshade, TRD, XLE, XSE","2.5L L4 - Electric/Gas, 2.5L L4 - FULL HYBRID EV-GAS (FHEV), 2.5L L4 - Gas, 3.5L V6 - Gas",39467
PT9080318502,2021,Toyota,Camry,"Hybrid LE, Hybrid SE, Hybrid XLE, Hybrid XSE, LE, SE, SE Nightshade, TRD, XLE, XSE","2.5L L4 - Electric/Gas, 2.5L L4 - FULL HYBRID EV-GAS (FHEV), 2.5L L4 - Gas, 3.5L V6 - Gas",39468
PT9080318502,2024,Toyota,Camry,"Hybrid LE, Hybrid SE, Hybrid SE Nightshade, Hybrid XLE, Hybrid XSE, LE, SE, SE Nightshade, TRD, XLE, XSE","2.5L L4 - Electric/Gas, 2.5L L4 - Gas, 3.5L V6 - Gas",46074
PT9080318502,2022,Toyota,Camry,"Hybrid LE, Hybrid SE, Hybrid SE Nightshade, Hybrid XLE, Hybrid XSE, LE, SE, SE Nightshade, TRD, XLE, XSE","2.5L L4 - Electric/Gas, 2.5L L4 - FULL HYBRID EV-GAS (FHEV), 2.5L L4 - Gas, 3.5L V6 - Gas",46075
PT9084220302,2021,Toyota,RAV4,"Adventure, Hybrid LE, Hybrid Limited, Hybrid XLE, Hybrid XLE Premium, Hybrid XSE, LE, Limited, TRD Off-Road, XLE, XLE Premium","2.5L L4 - Electric/Gas, 2.5L L4 - FULL HYBRID EV-GAS (FHEV), 2.5L L4 - Gas",39474
PT9084220302,2020,Toyota,RAV4,"Adventure, Hybrid LE, Hybrid Limited, Hybrid XLE, Hybrid XSE, LE, Limited, TRD Off-Road, XLE, XLE Premium","2.5L L4 - Electric/Gas, 2.5L L4 - FULL HYBRID EV-GAS (FHEV), 2.5L L4 - Gas",39475
PT9084220302,2024,Toyota,RAV4,"Adventure, TRD Off-Road",2.5L L4 - Gas,46076
PT9084220302,2023,Toyota,RAV4,TRD Off-Road,2.5L L4 - Gas,46077
PT9084220302,2022,Toyota,RAV4,TRD Off-Road,2.5L L4 - Gas,46078
PT90C3422002,2025,Toyota,Tundra,"1794 Edition, Capstone, Limited, Platinum, SR, SR5, TRD Pro","3.4L V6 - Electric/Gas, 3.4L V6 - Gas",46220
PT9483524102,2025,Toyota,Tacoma,"Limited, SR, SR5, TRD Off-Road, TRD PreRunner, TRD Pro, TRD Sport, Trailhunter","2.4L L4 - Electric/Gas, 2.4L L4 - Gas",46222
PT9483524102,2024,Toyota,Tacoma,"Limited, SR, SR5, TRD Off-Road, TRD PreRunner, TRD Pro, TRD Sport, Trailhunter","2.4L L4 - Electric/Gas, 2.4L L4 - Gas",46223
PT9483524502,2025,Toyota,4Runner,"Limited, Platinum, SR5, TRD Off-Road, TRD Off-Road Premium, TRD Pro, TRD Sport, TRD Sport Premium, Trailhunter","2.4L L4 - Electric/Gas, 2.4L L4 - Gas",46177
PT9483524502,2025,Toyota,Tacoma,"Limited, SR, SR5, TRD Off-Road, TRD PreRunner, TRD Pro, TRD Sport, Trailhunter","2.4L L4 - Electric/Gas, 2.4L L4 - Gas",46178
PT22848205,2023,Toyota,Highlander,"Hybrid Bronze Edition, Hybrid LE, Hybrid Limited, Hybrid Platinum, Hybrid XLE, L, LE, Limited, Platinum, XLE, XSE","2.4L L4 - Gas, 2.5L L4 - Electric/Gas, 2.5L L4 - FULL HYBRID EV-GAS (FHEV)",40362
PT22848205,2022,Toyota,Highlander,"Hybrid Bronze Edition, Hybrid LE, Hybrid Limited, Hybrid Platinum, Hybrid XLE, L, LE, Limited, Platinum, XLE, XSE","2.5L L4 - Electric/Gas, 2.5L L4 - FULL HYBRID EV-GAS (FHEV), 3.5L V6 - Gas",40363
PT22848205,2021,Toyota,Highlander,"Hybrid LE, Hybrid Limited, Hybrid Platinum, Hybrid XLE, L, LE, Limited, Platinum, XLE, XSE","2.5L L4 - Electric/Gas, 2.5L L4 - FULL HYBRID EV-GAS (FHEV), 3.5L V6 - Gas",40364
PT22848205,2020,Toyota,Highlander,"Hybrid LE, Hybrid Limited, Hybrid Platinum, Hybrid XLE, L, LE, Limited, Platinum, XLE","2.5L L4 - Electric/Gas, 2.5L L4 - FULL HYBRID EV-GAS (FHEV), 3.5L V6 - Gas",40365
PT9384219001,2024,Toyota,RAV4,"Adventure, Hybrid LE, Hybrid Limited, Hybrid SE, Hybrid Woodland Edition, Hybrid XLE, Hybrid XLE Premium, Hybrid XSE, LE, Limited, TRD Off-Road, XLE, XLE Premium","2.5L L4 - Electric/Gas, 2.5L L4 - Gas",43116
PT9384219001,2024,Toyota,RAV4 Prime,"SE, XSE",2.5L L4 - Electric/Gas,43117
PT9384219001,2023,Toyota,RAV4,"Adventure, Hybrid LE, Hybrid Limited, Hybrid SE, Hybrid Woodland Edition, Hybrid XLE, Hybrid XLE Premium, Hybrid XSE, LE, Limited, TRD Off-Road, XLE, XLE Premium","2.5L L4 - Electric/Gas, 2.5L L4 - FULL HYBRID EV-GAS (FHEV), 2.5L L4 - Gas",43118
PT9384219001,2023,Toyota,RAV4 Prime,"SE, XSE","2.5L L4 - Electric/Gas, 2.5L L4 - PLUG-IN HYBRID EV-GAS (PH",43119
PT9384219001,2022,Toyota,RAV4,"Adventure, Hybrid LE, Hybrid Limited, Hybrid SE, Hybrid XLE, Hybrid XLE Premium, Hybrid XSE, LE, Limited, TRD Off-Road, XLE, XLE Premium","2.5L L4 - Electric/Gas, 2.5L L4 - FULL HYBRID EV-GAS (FHEV), 2.5L L4 - Gas",43120
PT9384219001,2022,Toyota,RAV4 Prime,"SE, XSE","2.5L L4 - Electric/Gas, 2.5L L4 - PLUG-IN HYBRID EV-GAS (PH",43121
PT9384219001,2021,Toyota,RAV4,"Adventure, Hybrid LE, Hybrid Limited, Hybrid XLE, Hybrid XLE Premium, Hybrid XSE, LE, Limited, TRD Off-Road, XLE, XLE Premium","2.5L L4 - Electric/Gas, 2.5L L4 - FULL HYBRID EV-GAS (FHEV), 2.5L L4 - Gas",43122
PT9384219001,2020,Toyota,RAV4,"Adventure, Hybrid LE, Hybrid Limited, Hybrid XLE, Hybrid XSE, LE, Limited, TRD Off-Road, XLE, XLE Premium","2.5L L4 - Electric/Gas, 2.5L L4 - FULL HYBRID EV-GAS (FHEV), 2.5L L4 - Gas",43123
PT9384219001,2019,Toyota,RAV4,"Adventure, Hybrid LE, Hybrid Limited, Hybrid XLE, Hybrid XSE, LE, Limited, XLE, XLE Premium","2.5L L4 - Electric/Gas, 2.5L L4 - FULL HYBRID EV-GAS (FHEV), 2.5L L4 - Gas",43124
PT90716220,2023,Toyota,Corolla Cross,"Hybrid S, Hybrid SE, Hybrid XSE, L, LE, XLE","2.0L L4 - Electric/Gas, 2.0L L4 - Gas",42333
PT90716220,2022,Toyota,Corolla Cross,"L, LE, XLE",2.0L L4 - Gas,42334
PT90703190,2024,Toyota,Camry,"Hybrid LE, Hybrid SE, Hybrid SE Nightshade, Hybrid XLE, Hybrid XSE, LE, SE, SE Nightshade, TRD, XLE, XSE","2.5L L4 - Electric/Gas, 2.5L L4 - Gas, 3.5L V6 - Gas",42321
PT90703190,2023,Toyota,Camry,"Hybrid LE, Hybrid SE, Hybrid SE Nightshade, Hybrid XLE, Hybrid XSE, LE, SE, SE Nightshade, TRD, XLE, XSE","2.5L L4 - Electric/Gas, 2.5L L4 - FULL HYBRID EV-GAS (FHEV), 2.5L L4 - Gas, 3.5L V6 - Gas",42322
PT90703190,2022,Toyota,Camry,"Hybrid LE, Hybrid SE, Hybrid SE Nightshade, Hybrid XLE, Hybrid XSE, LE, SE, SE Nightshade, TRD, XLE, XSE","2.5L L4 - Electric/Gas, 2.5L L4 - FULL HYBRID EV-GAS (FHEV), 2.5L L4 - Gas, 3.5L V6 - Gas",42323
PT90703190,2021,Toyota,Camry,"Hybrid LE, Hybrid SE, Hybrid XLE, Hybrid XSE, LE, SE, SE Nightshade, TRD, XLE, XSE","2.5L L4 - Electric/Gas, 2.5L L4 - FULL HYBRID EV-GAS (FHEV), 2.5L L4 - Gas, 3.5L V6 - Gas",42324
PT90703190,2020,Toyota,Camry,"Hybrid LE, Hybrid SE, Hybrid XLE, L, LE, SE, SE Nightshade, TRD, XLE, XSE","2.5L L4 - Electric/Gas, 2.5L L4 - FULL HYBRID EV-GAS (FHEV), 2.5L L4 - Gas, 3.5L V6 - Gas",42325
PT90703190,2019,Toyota,Camry,"Hybrid LE, Hybrid SE, Hybrid XLE, L, LE, SE, XLE, XSE","2.5L L4 - Electric/Gas, 2.5L L4 - FULL HYBRID EV-GAS (FHEV), 2.5L L4 - Gas, 3.5L V6 - Gas",42326
PT9384219008,2024,Toyota,RAV4,"Adventure, Hybrid LE, Hybrid Limited, Hybrid SE, Hybrid Woodland Edition, Hybrid XLE, Hybrid XLE Premium, Hybrid XSE, LE, Limited, TRD Off-Road, XLE, XLE Premium","2.5L L4 - Electric/Gas, 2.5L L4 - Gas",43146
PT9384219008,2023,Toyota,RAV4,"Adventure, Hybrid LE, Hybrid Limited, Hybrid SE, Hybrid Woodland Edition, Hybrid XLE, Hybrid XLE Premium, Hybrid XSE, LE, Limited, TRD Off-Road, XLE, XLE Premium","2.5L L4 - Electric/Gas, 2.5L L4 - FULL HYBRID EV-GAS (FHEV), 2.5L L4 - Gas",43148
PT9384219008,2023,Toyota,RAV4 Prime,"SE, XSE","2.5L L4 - Electric/Gas, 2.5L L4 - PLUG-IN HYBRID EV-GAS (PH",43149
PT9384219008,2022,Toyota,RAV4,"Adventure, Hybrid LE, Hybrid Limited, Hybrid SE, Hybrid XLE, Hybrid XLE Premium, Hybrid XSE, LE, Limited, TRD Off-Road, XLE, XLE Premium","2.5L L4 - Electric/Gas, 2.5L L4 - FULL HYBRID EV-GAS (FHEV), 2.5L L4 - Gas",43150
PT9384219008,2022,Toyota,RAV4 Prime,"SE, XSE","2.5L L4 - Electric/Gas, 2.5L L4 - PLUG-IN HYBRID EV-GAS (PH",43151
PT9384219008,2024,Toyota,RAV4 Prime,"SE, XSE",2.5L L4 - Electric/Gas,43147
PT9384219008,2021,Toyota,RAV4,"Adventure, Hybrid LE, Hybrid Limited, Hybrid XLE, Hybrid XLE Premium, Hybrid XSE, LE, Limited, TRD Off-Road, XLE, XLE Premium","2.5L L4 - Electric/Gas, 2.5L L4 - FULL HYBRID EV-GAS (FHEV), 2.5L L4 - Gas",43152
PT9384219008,2020,Toyota,RAV4,"Adventure, Hybrid LE, Hybrid Limited, Hybrid XLE, Hybrid XSE, LE, Limited, TRD Off-Road, XLE, XLE Premium","2.5L L4 - Electric/Gas, 2.5L L4 - FULL HYBRID EV-GAS (FHEV), 2.5L L4 - Gas",43153
PT9384219008,2019,Toyota,RAV4,"Adventure, Hybrid LE, Hybrid Limited, Hybrid XLE, Hybrid XSE, LE, Limited, XLE, XLE Premium","2.5L L4 - Electric/Gas, 2.5L L4 - FULL HYBRID EV-GAS (FHEV), 2.5L L4 - Gas",43154
PT90735240,2024,Toyota,Tacoma,"Limited, SR, SR5, TRD Off-Road, TRD PreRunner, TRD Pro, TRD Sport, Trailhunter","2.4L L4 - Electric/Gas, 2.4L L4 - Gas",42346
PT90735247,2024,Toyota,Tacoma,TRD Off-Road,"2.4L L4 - Electric/Gas, 2.4L L4 - Gas",42348
PK38947R00TF,null,null,null,null,null,40174
PK38947R00TF,null,null,null,null,null,47135
PK38916N00TF,null,null,null,null,null,40171
PK38916N00TF,null,null,null,null,null,47124
PK38908M00TF,null,null,null,null,null,40109
PK38908M00TF,null,null,null,null,null,47114
PT9483422000,2024,Toyota,Tundra,"1794 Edition, Capstone, Limited, Platinum, SR, SR5, TRD Pro","3.4L V6 - Electric/Gas, 3.4L V6 - Gas",43320
PT9483422000,2023,Toyota,Tundra,"1794 Edition, Capstone, Limited, Platinum, SR, SR5, TRD Pro","3.4L V6 - Electric/Gas, 3.4L V6 - Gas, 3.5L V6 - Gas, 3.5L V6 - MILD HYBRID EV-GAS (MHEV)",43321
PT9483422000,2022,Toyota,Tundra,"1794 Edition, Capstone, Limited, Platinum, SR, SR5, TRD Pro","3.4L V6 - Electric/Gas, 3.4L V6 - Gas, 3.5L V6 - Gas, 3.5L V6 - MILD HYBRID EV-GAS (MHEV)",41479
PT93847161,2022,Toyota,Prius,"L Eco, LE, Limited, XLE","1.8L L4 - Electric/Gas, 1.8L L4 - FULL HYBRID EV-GAS (FHEV)",43291
PT93847161,2022,Toyota,Prius Prime,"LE, Limited, XLE","1.8L L4 - Electric/Gas, 1.8L L4 - PLUG-IN HYBRID EV-GAS (PH",43292
PT93847161,2021,Toyota,Prius,"2020 Edition, L Eco, LE, Limited, XLE","1.8L L4 - Electric/Gas, 1.8L L4 - FULL HYBRID EV-GAS (FHEV)",43293
PT93847161,2021,Toyota,Prius Prime,"LE, Limited, XLE","1.8L L4 - Electric/Gas, 1.8L L4 - PLUG-IN HYBRID EV-GAS (PH",43294
PT93847161,2020,Toyota,Prius,"Base, L Eco, LE, Limited, XLE","1.8L L4 - Electric/Gas, 1.8L L4 - FULL HYBRID EV-GAS (FHEV)",43295
PT93847161,2020,Toyota,Prius Prime,"LE, Limited, XLE","1.8L L4 - Electric/Gas, 1.8L L4 - PLUG-IN HYBRID EV-GAS (PH",43296
PT93847161,2019,Toyota,Prius,"L Eco, LE, Limited, XLE","1.8L L4 - Electric/Gas, 1.8L L4 - FULL HYBRID EV-GAS (FHEV)",43297
PT93847161,2019,Toyota,Prius Prime,"Advanced, Plus, Premium","1.8L L4 - Electric/Gas, 1.8L L4 - PLUG-IN HYBRID EV-GAS (PH",43298
PT93847161,2018,Toyota,Prius,"Four, Four Touring, One, Three, Three Touring, Two, Two Eco","1.8L L4 - Electric/Gas, 1.8L L4 - FULL HYBRID EV-GAS (FHEV)",43299
PT93847161,2018,Toyota,Prius Prime,"Advanced, Plus, Premium","1.8L L4 - Electric/Gas, 1.8L L4 - PLUG-IN HYBRID EV-GAS (PH",43300
PT93847161,2017,Toyota,Prius,"Four, Four Touring, One, Three, Three Touring, Two, Two Eco","1.8L L4 - Electric/Gas, 1.8L L4 - FULL HYBRID EV-GAS (FHEV)",43301
PT93847161,2017,Toyota,Prius Prime,"Advanced, Plus, Premium","1.8L L4 - Electric/Gas, 1.8L L4 - PLUG-IN HYBRID EV-GAS (PH",43302
PT93847161,2016,Toyota,Prius,"Four, Four Touring, Three, Three Touring, Two, Two Eco","1.8L L4 - Electric/Gas, 1.8L L4 - FULL HYBRID EV-GAS (FHEV)",43303
PU06012115P1,2019,Toyota,Corolla,"L, LE, LE Eco, SE, XLE, XSE","1.8L L4 - Gas, 2.0L L4 - Gas",43846
PU06012115P1,2018,Toyota,Corolla,"L, LE, LE Eco, SE, XLE, XSE",1.8L L4 - Gas,43847
PU06012115P1,2017,Toyota,Corolla,"50th Anniversary Special Edition, L, LE, LE Eco, SE, XLE, XSE",1.8L L4 - Gas,43848
PU06012115P1,2016,Toyota,Corolla,"L, LE, LE Eco, S, Special Edition",1.8L L4 - Gas,43849
PU06012115P1,2015,Toyota,Corolla,"L, LE, LE Eco, S",1.8L L4 - Gas,43850
PU06012115P1,2014,Toyota,Corolla,"L, LE, LE Eco, Le Eco Plus, S",1.8L L4 - Gas,43851
PT94208210,2025,Toyota,Sienna,"LE, Limited, Platinum, Woodland Edition, XLE, XSE",2.5L L4 - Electric/Gas,43308
PT94208210,2024,Toyota,Sienna,"LE, Limited, Platinum, Woodland Edition, XLE, XSE",2.5L L4 - Electric/Gas,43309
PT94208210,2023,Toyota,Sienna,"25th Anniversary Edition, LE, Limited, Platinum, Woodland Edition, XLE, XSE","2.5L L4 - Electric/Gas, 2.5L L4 - FULL HYBRID EV-GAS (FHEV)",43310
PT94208210,2022,Toyota,Sienna,"LE, Limited, Platinum, Woodland Edition, XLE, XSE","2.5L L4 - Electric/Gas, 2.5L L4 - FULL HYBRID EV-GAS (FHEV)",43311
PT94208210,2021,Toyota,Sienna,"LE, Limited, Platinum, XLE, XSE","2.5L L4 - Electric/Gas, 2.5L L4 - FULL HYBRID EV-GAS (FHEV)",43312
PK24108M01TP,2025,Toyota,Sienna,"LE, Limited, Platinum, Woodland Edition, XLE, XSE",2.5L L4 - Electric/Gas,40149
PK24108M01TP,2024,Toyota,Sienna,"LE, Limited, Platinum, Woodland Edition, XLE, XSE",2.5L L4 - Electric/Gas,40150
PK24108M01TP,2023,Toyota,Sienna,"25th Anniversary Edition, LE, Limited, Platinum, Woodland Edition, XLE, XSE","2.5L L4 - Electric/Gas, 2.5L L4 - FULL HYBRID EV-GAS (FHEV)",40151
PK24108M01TP,2022,Toyota,Sienna,"LE, Limited, Platinum, Woodland Edition, XLE, XSE","2.5L L4 - Electric/Gas, 2.5L L4 - FULL HYBRID EV-GAS (FHEV)",40152
PT9484716002,2019,Toyota,Prius Prime,"Advanced, Plus, Premium","1.8L L4 - Electric/Gas, 1.8L L4 - PLUG-IN HYBRID EV-GAS (PH",43326
PT9484716002,2018,Toyota,Prius,"Four, Four Touring, One, Three, Three Touring, Two, Two Eco","1.8L L4 - Electric/Gas, 1.8L L4 - FULL HYBRID EV-GAS (FHEV)",43327
PT9484716002,2018,Toyota,Prius Prime,"Advanced, Plus, Premium","1.8L L4 - Electric/Gas, 1.8L L4 - PLUG-IN HYBRID EV-GAS (PH",43328
PT9484716002,2017,Toyota,Prius,"Four, Four Touring, One, Three, Three Touring, Two, Two Eco","1.8L L4 - Electric/Gas, 1.8L L4 - FULL HYBRID EV-GAS (FHEV)",43329
PT9484716002,2017,Toyota,Prius Prime,"Advanced, Plus, Premium","1.8L L4 - Electric/Gas, 1.8L L4 - PLUG-IN HYBRID EV-GAS (PH",43330
PT9484716002,2016,Toyota,Prius,"Four, Four Touring, Three, Three Touring, Two, Two Eco","1.8L L4 - Electric/Gas, 1.8L L4 - FULL HYBRID EV-GAS (FHEV)",43331
PT9483524402,2024,Toyota,Tacoma,SR5,2.4L L4 - Gas,43325
PT9484820B02,2023,Toyota,Highlander,"Hybrid Bronze Edition, Hybrid LE, Hybrid Limited, Hybrid Platinum, Hybrid XLE, L, LE, Limited, Platinum, XLE, XSE","2.4L L4 - Gas, 2.5L L4 - Electric/Gas, 2.5L L4 - FULL HYBRID EV-GAS (FHEV)",41702
PT9484820B02,2022,Toyota,Highlander,"Hybrid Bronze Edition, Hybrid LE, Hybrid Limited, Hybrid Platinum, Hybrid XLE, L, LE, Limited, Platinum, XLE, XSE","2.5L L4 - Electric/Gas, 2.5L L4 - FULL HYBRID EV-GAS (FHEV), 3.5L V6 - Gas",43343
PT9494716002,2017,Toyota,Sequoia,"Limited, Platinum, SR5","5.7L V8 - Flex, 5.7L V8 - Gas",42825
PT9494716002,2024,Toyota,RAV4,"Adventure, Hybrid LE, Hybrid Limited, Hybrid SE, Hybrid Woodland Edition, Hybrid XLE, Hybrid XLE Premium, Hybrid XSE, LE, Limited, TRD Off-Road, XLE, XLE Premium","2.5L L4 - Electric/Gas, 2.5L L4 - Gas",43357
PT9494716002,2024,Toyota,RAV4 Prime,"SE, XSE",2.5L L4 - Electric/Gas,43358
PT9494716002,2024,Toyota,Sequoia,"Capstone, Limited, Platinum, SR5, TRD Pro",3.4L V6 - Electric/Gas,43359
PT9494716002,2024,Toyota,Tacoma,"Limited, SR, SR5, TRD Off-Road, TRD PreRunner, TRD Pro, TRD Sport, Trailhunter","2.4L L4 - Electric/Gas, 2.4L L4 - Gas",43360
PT9494716002,2024,Toyota,Tundra,"1794 Edition, Capstone, Limited, Platinum, SR, SR5, TRD Pro","3.4L V6 - Electric/Gas, 3.4L V6 - Gas",43361
PT9494716002,2020,Toyota,Sienna,"L, LE, Limited, Limited Premium, SE, SE Premium, XLE, XLE Premium",3.5L V6 - Gas,43424
PT9494716002,2020,Toyota,Tacoma,"Limited, SR, SR5, TRD Off-Road, TRD Pro, TRD Sport","2.7L L4 - Gas, 3.5L V6 - Gas",43425
PT9494716002,2020,Toyota,Tundra,"1794 Edition, Limited, Platinum, SR, SR5, TRD Pro",5.7L V8 - Gas,43426
PT9494716002,2019,Toyota,4Runner,"Limited, SR5, SR5 Premium, TRD Off-Road, TRD Off-Road Premium, TRD Pro",4.0L V6 - Gas,43427
PT9494716002,2019,Toyota,86,"Base, GT, TRD Special Edition",2.0L H4 - Gas,43428
PT9494716002,2019,Toyota,Avalon,"Hybrid Limited, Hybrid XLE, Hybrid XSE, Limited, Touring, XLE, XSE","2.5L L4 - Electric/Gas, 2.5L L4 - FULL HYBRID EV-GAS (FHEV), 3.5L V6 - Gas",43429
PT9494716002,2019,Toyota,C-HR,"LE, Limited, XLE",2.0L L4 - Gas,43430
PT9494716002,2019,Toyota,Tacoma,"Limited, SR, SR5, TRD Off-Road, TRD Pro, TRD Sport","2.7L L4 - Gas, 3.5L V6 - Gas",43441
PT9494716002,2019,Toyota,Tundra,"1794 Edition, Limited, Platinum, SR, SR5, TRD Pro","4.6L V8 - Gas, 5.7L V8 - Flex, 5.7L V8 - Gas",43442
PT9494716002,2018,Toyota,4Runner,"Limited, SR5, SR5 Premium, TRD Off-Road, TRD Off-Road Premium, TRD Pro",4.0L V6 - Gas,43444
PT9494716002,2018,Toyota,86,"Base, GT",2.0L H4 - Gas,43445
PT9494716002,2018,Toyota,C-HR,"XLE, XLE Premium",2.0L L4 - Gas,43446
PT9494716002,2017,Toyota,Corolla,"50th Anniversary Special Edition, L, LE, LE Eco, SE, XLE, XSE",1.8L L4 - Gas,43466
PT9494716002,2017,Toyota,Corolla iM,Base,1.8L L4 - Gas,43467
PT9494716002,2017,Toyota,Highlander,"Hybrid LE, Hybrid Limited, Hybrid XLE, LE, LE Plus, Limited, SE, XLE","2.7L L4 - Gas, 3.5L V6 - Electric/Gas, 3.5L V6 - FULL HYBRID EV-GAS (FHEV), 3.5L V6 - Gas",43468
PT9494716002,2017,Toyota,Prius,"Four, Four Touring, One, Three, Three Touring, Two, Two Eco","1.8L L4 - Electric/Gas, 1.8L L4 - FULL HYBRID EV-GAS (FHEV)",43469
PT9494716002,2017,Toyota,Prius C,"Four, One, Three, Two","1.5L L4 - Electric/Gas, 1.5L L4 - FULL HYBRID EV-GAS (FHEV)",43470
PT9494716002,2017,Toyota,Prius Prime,"Advanced, Plus, Premium","1.8L L4 - Electric/Gas, 1.8L L4 - PLUG-IN HYBRID EV-GAS (PH",43471
PT9494716002,2017,Toyota,Prius V,"Five, Four, Three, Two","1.8L L4 - Electric/Gas, 1.8L L4 - FULL HYBRID EV-GAS (FHEV)",43472
PT9494716002,2017,Toyota,RAV4,"Hybrid Limited, Hybrid SE, Hybrid XLE, LE, Limited, Platinum, SE, XLE","2.5L L4 - Electric/Gas, 2.5L L4 - FULL HYBRID EV-GAS (FHEV), 2.5L L4 - Gas",43473
PT9494716002,2017,Toyota,Tacoma,"Limited, SR, SR5, TRD Off-Road, TRD Pro, TRD Sport","2.7L L4 - Gas, 3.5L V6 - Gas",41784
PT9494716002,2017,Toyota,Tundra,"1794 Edition, Limited, Platinum, SR, SR5, TRD Pro","4.6L V8 - Gas, 5.7L V8 - Flex, 5.7L V8 - Gas",43476
PT9494716002,2017,Toyota,Yaris,"L, LE, SE",1.5L L4 - Gas,43477
PT9494716002,2021,Toyota,Tundra,"1794 Edition, Limited, Nightshade, Platinum, SR, SR5, Trail",5.7L V8 - Gas,44613
PT9494716002,2020,Toyota,Tundra,"1794 Edition, Limited, Platinum, SR, SR5",5.7L V8 - Gas,44629
PT9494716002,2018,Toyota,Tundra,"1794 Edition, Limited, Platinum, SR, SR5, TRD Pro","4.6L V8 - Gas, 5.7L V8 - Flex, 5.7L V8 - Gas",44690
PT9494716002,2025,Toyota,Crown,"Limited, Nightshade, Platinum, XLE","2.4L L4 - Electric/Gas, 2.5L L4 - Electric/Gas",43348
PT9494716002,2024,Toyota,4Runner,"Limited, SR5, SR5 Premium, TRD Off-Road, TRD Off-Road Premium, TRD Pro, TRD Sport",4.0L V6 - Gas,43349
PT9494716002,2024,Toyota,Camry,"Hybrid LE, Hybrid SE, Hybrid SE Nightshade, Hybrid XLE, Hybrid XSE, LE, SE, SE Nightshade, TRD, XLE, XSE","2.5L L4 - Electric/Gas, 2.5L L4 - Gas, 3.5L V6 - Gas",43350
PT9494716002,2024,Toyota,Corolla,"Hybrid LE, Hybrid Nightshade, Hybrid SE, Hybrid XLE, LE, Nightshade, SE, XSE","1.8L L4 - Electric/Gas, 2.0L L4 - Gas",43351
PT9494716002,2024,Toyota,Corolla Cross,"Hybrid LE, Hybrid S, Hybrid SE, Hybrid XLE, Hybrid XSE, L, LE, XLE","2.0L L4 - Electric/Gas, 2.0L L4 - Gas",43352
PT9494716002,2024,Toyota,Crown,"Limited, Platinum, XLE","2.4L L4 - Electric/Gas, 2.5L L4 - Electric/Gas",43353
PT9494716002,2024,Toyota,Highlander,"Hybrid Bronze Edition, Hybrid LE, Hybrid LE Nightshade, Hybrid Limited, Hybrid Platinum, Hybrid XLE, Hybrid XLE Nightshade, LE, Limited, Platinum, XLE, XSE","2.4L L4 - Gas, 2.5L L4 - Electric/Gas",43354
PT9494716002,2024,Toyota,Prius,"LE, Limited, XLE",2.0L L4 - Electric/Gas,43355
PT9494716002,2024,Toyota,Prius Prime,"SE, XSE, XSE Premium",2.0L L4 - Electric/Gas,43356
PT9494716002,2017,Toyota,Yaris iA,Base,1.5L L4 - Gas,43478
PT9494716002,2018,Toyota,Avalon,"Hybrid Limited, Hybrid XLE Plus, Hybrid XLE Premium, Limited, Touring, XLE, XLE Plus, XLE Premium","2.5L L4 - Electric/Gas, 2.5L L4 - FULL HYBRID EV-GAS (FHEV), 3.5L V6 - Gas",41830
PT9494716002,2018,Toyota,Prius Prime,"Advanced, Plus, Premium","1.8L L4 - Electric/Gas, 1.8L L4 - PLUG-IN HYBRID EV-GAS (PH",43454
PT9494716002,2018,Toyota,RAV4,"Adventure, Hybrid Limited, Hybrid SE, Hybrid XLE, LE, Limited, Platinum, SE, XLE","2.5L L4 - Electric/Gas, 2.5L L4 - FULL HYBRID EV-GAS (FHEV), 2.5L L4 - Gas",43455
PT9494716002,2018,Toyota,Sequoia,"Limited, Platinum, SR5, TRD Sport","5.7L V8 - Flex, 5.7L V8 - Gas",43456
PT9494716002,2018,Toyota,Sienna,"L, LE, Limited, Limited Premium, SE, SE Premium, XLE, XLE Premium",3.5L V6 - Gas,43457
PT9494716002,2018,Toyota,Tacoma,"Limited, SR, SR5, TRD Off-Road, TRD Pro, TRD Sport","2.7L L4 - Gas, 3.5L V6 - Gas",43458
PT9494716002,2018,Toyota,Tundra,"1794 Edition, Limited, Platinum, SR, SR5","4.6L V8 - Gas, 5.7L V8 - Flex, 5.7L V8 - Gas",43459
PT9494716002,2018,Toyota,Yaris,"L, LE, SE",1.5L L4 - Gas,43460
PT9494716002,2018,Toyota,Yaris iA,Base,1.5L L4 - Gas,43461
PT9494716002,2017,Toyota,4Runner,"Limited, SR5, TRD Off-Road, TRD Pro",4.0L V6 - Gas,43462
PT9494716002,2017,Toyota,86,"Base, Special Edition",2.0L H4 - Gas,43463
PT9494716002,2017,Toyota,Avalon,"Hybrid Limited, Hybrid XLE Plus, Hybrid XLE Premium, Limited, Touring, XLE, XLE Plus, XLE Premium","2.5L L4 - Electric/Gas, 2.5L L4 - FULL HYBRID EV-GAS (FHEV), 3.5L V6 - Gas",43464
PT9494716002,2017,Toyota,Camry,"Hybrid LE, Hybrid SE, Hybrid XLE, LE, SE, XLE, XSE","2.5L L4 - Electric/Gas, 2.5L L4 - FULL HYBRID EV-GAS (FHEV), 2.5L L4 - Gas, 3.5L V6 - Gas",43465
PT9494716002,2019,Toyota,Camry,"Hybrid LE, Hybrid SE, Hybrid XLE, L, LE, SE, XLE, XSE","2.5L L4 - Electric/Gas, 2.5L L4 - FULL HYBRID EV-GAS (FHEV), 2.5L L4 - Gas, 3.5L V6 - Gas",43431
PT9494716002,2019,Toyota,Corolla,"L, LE, LE Eco, SE, XLE, XSE","1.8L L4 - Gas, 2.0L L4 - Gas",43432
PT9494716002,2019,Toyota,Highlander,"Hybrid LE, Hybrid Limited, Hybrid Limited Platinum, Hybrid XLE, LE, LE Plus, Limited, Limited Platinum, SE, XLE","2.7L L4 - Gas, 3.5L V6 - Electric/Gas, 3.5L V6 - FULL HYBRID EV-GAS (FHEV), 3.5L V6 - Gas",43433
PT9494716002,2019,Toyota,Land Cruiser,Base,5.7L V8 - Gas,43434
PT9494716002,2019,Toyota,Prius,"L Eco, LE, Limited, XLE","1.8L L4 - Electric/Gas, 1.8L L4 - FULL HYBRID EV-GAS (FHEV)",43435
PT9494716002,2019,Toyota,Prius C,"L, LE","1.5L L4 - Electric/Gas, 1.5L L4 - FULL HYBRID EV-GAS (FHEV)",43436
PT9494716002,2019,Toyota,Prius Prime,"Advanced, Plus, Premium","1.8L L4 - Electric/Gas, 1.8L L4 - PLUG-IN HYBRID EV-GAS (PH",43437
PT9494716002,2019,Toyota,RAV4,"Adventure, Hybrid LE, Hybrid Limited, Hybrid XLE, Hybrid XSE, LE, Limited, XLE, XLE Premium","2.5L L4 - Electric/Gas, 2.5L L4 - FULL HYBRID EV-GAS (FHEV), 2.5L L4 - Gas",43438
PT9494716002,2019,Toyota,Sequoia,"Limited, Platinum, SR5, TRD Sport",5.7L V8 - Gas,43439
PT9494716002,2019,Toyota,Sienna,"L, LE, Limited, Limited Premium, SE, SE Premium, XLE, XLE Premium",3.5L V6 - Gas,43440
PT9494716002,2019,Toyota,Yaris,"L, LE, XLE",1.5L L4 - Gas,43443
PT9494716002,2024,Toyota,Venza,"LE, Limited, Nightshade, XLE",2.5L L4 - Electric/Gas,43362
PT9494716002,2024,Toyota,bZ4X,"Limited, XLE",Electric,43363
PT9494716002,2023,Toyota,4Runner,"40th Anniversary Edition, Limited, SR5, SR5 Premium, TRD Off-Road, TRD Off-Road Premium, TRD Pro, TRD Sport",4.0L V6 - Gas,43364
PT9494716002,2023,Toyota,Camry,"Hybrid LE, Hybrid SE, Hybrid SE Nightshade, Hybrid XLE, Hybrid XSE, LE, SE, SE Nightshade, TRD, XLE, XSE","2.5L L4 - Electric/Gas, 2.5L L4 - FULL HYBRID EV-GAS (FHEV), 2.5L L4 - Gas, 3.5L V6 - Gas",43365
PT9494716002,2023,Toyota,Corolla,"Hybrid LE, Hybrid SE, Hybrid XLE, LE, SE, XSE","1.8L L4 - Electric/Gas, 1.8L L4 - FULL HYBRID EV-GAS (FHEV), 2.0L L4 - Gas",43366
PT9494716002,2023,Toyota,Corolla Cross,"Hybrid S, Hybrid SE, Hybrid XSE, L, LE, XLE","2.0L L4 - Electric/Gas, 2.0L L4 - Gas",43367
PT9494716002,2023,Toyota,Highlander,"Hybrid Bronze Edition, Hybrid LE, Hybrid Limited, Hybrid Platinum, Hybrid XLE, L, LE, Limited, Platinum, XLE, XSE","2.4L L4 - Gas, 2.5L L4 - Electric/Gas, 2.5L L4 - FULL HYBRID EV-GAS (FHEV)",43368
PT9494716002,2023,Toyota,Prius,"LE, Limited, XLE",2.0L L4 - Electric/Gas,43369
PT9494716002,2023,Toyota,RAV4,"Adventure, Hybrid LE, Hybrid Limited, Hybrid SE, Hybrid Woodland Edition, Hybrid XLE, Hybrid XLE Premium, Hybrid XSE, LE, Limited, TRD Off-Road, XLE, XLE Premium","2.5L L4 - Electric/Gas, 2.5L L4 - FULL HYBRID EV-GAS (FHEV), 2.5L L4 - Gas",41717
PT9494716002,2023,Toyota,RAV4 Prime,"SE, XSE","2.5L L4 - Electric/Gas, 2.5L L4 - PLUG-IN HYBRID EV-GAS (PH",43377
PT9494716002,2023,Toyota,Sequoia,"Capstone, Limited, Platinum, SR5, TRD Pro",3.4L V6 - Electric/Gas,43378
PT9494716002,2023,Toyota,Tacoma,"Limited, SR, SR5, TRD Off-Road, TRD Pro, TRD Sport, Trail Special Edition","2.7L L4 - Gas, 3.5L V6 - Gas",43379
PT9494716002,2023,Toyota,Tundra,"1794 Edition, Capstone, Limited, Platinum, SR, SR5, TRD Pro","3.4L V6 - Electric/Gas, 3.4L V6 - Gas, 3.5L V6 - Gas, 3.5L V6 - MILD HYBRID EV-GAS (MHEV)",43380
PT9494716002,2023,Toyota,Venza,"LE, Limited, Nightshade, XLE","2.5L L4 - Electric/Gas, 2.5L L4 - FULL HYBRID EV-GAS (FHEV)",43381
PT9494716002,2023,Toyota,bZ4X,"Limited, XLE","BATTERY EV (EV/BEV), Electric",43382
PT9494716002,2022,Toyota,4Runner,"Limited, Nightshade, SR5, SR5 Premium, TRD Off-Road, TRD Off-Road Premium, TRD Pro, TRD Sport, Trail, Venture",4.0L V6 - Gas,43383
PT9494716002,2022,Toyota,Avalon,"Hybrid Limited, Hybrid XLE, Hybrid XSE Nightshade, Limited, Touring, XLE","2.5L L4 - Electric/Gas, 2.5L L4 - FULL HYBRID EV-GAS (FHEV), 3.5L V6 - Gas",43384
PT9494716002,2022,Toyota,C-HR,"LE, Limited, Nightshade, XLE",2.0L L4 - Gas,43385
PT9494716002,2022,Toyota,Camry,"Hybrid LE, Hybrid SE, Hybrid SE Nightshade, Hybrid XLE, Hybrid XSE, LE, SE, SE Nightshade, TRD, XLE, XSE","2.5L L4 - Electric/Gas, 2.5L L4 - FULL HYBRID EV-GAS (FHEV), 2.5L L4 - Gas, 3.5L V6 - Gas",43386
PT9494716002,2022,Toyota,Corolla,"Hybrid LE, L, LE, SE, SE Apex, SE Nightshade, XLE, XSE, XSE Apex","1.8L L4 - Electric/Gas, 1.8L L4 - FULL HYBRID EV-GAS (FHEV), 1.8L L4 - Gas, 2.0L L4 - Gas",43387
PT9494716002,2022,Toyota,Corolla Cross,"L, LE, XLE",2.0L L4 - Gas,43388
PT9494716002,2022,Toyota,Highlander,"Hybrid Bronze Edition, Hybrid LE, Hybrid Limited, Hybrid Platinum, Hybrid XLE, L, LE, Limited, Platinum, XLE, XSE","2.5L L4 - Electric/Gas, 2.5L L4 - FULL HYBRID EV-GAS (FHEV), 3.5L V6 - Gas",43389
PT9494716002,2022,Toyota,Prius,"L Eco, LE, Limited, XLE","1.8L L4 - Electric/Gas, 1.8L L4 - FULL HYBRID EV-GAS (FHEV)",43390
PT9494716002,2022,Toyota,Prius Prime,"LE, Limited, XLE","1.8L L4 - Electric/Gas, 1.8L L4 - PLUG-IN HYBRID EV-GAS (PH",43391
PT9494716002,2022,Toyota,RAV4,"Adventure, Hybrid LE, Hybrid Limited, Hybrid SE, Hybrid XLE, Hybrid XLE Premium, Hybrid XSE, LE, Limited, TRD Off-Road, XLE, XLE Premium","2.5L L4 - Electric/Gas, 2.5L L4 - FULL HYBRID EV-GAS (FHEV), 2.5L L4 - Gas",43392
PT9494716002,2022,Toyota,RAV4 Prime,"SE, XSE","2.5L L4 - Electric/Gas, 2.5L L4 - PLUG-IN HYBRID EV-GAS (PH",43393
PT9494716002,2022,Toyota,Sequoia,"Limited, Nightshade, Platinum, SR5, TRD Pro, TRD Sport",5.7L V8 - Gas,43394
PT9494716002,2022,Toyota,Tacoma,"Limited, SR, SR5, TRD Off-Road, TRD Pro, TRD Sport","2.7L L4 - Gas, 3.5L V6 - Gas",43395
PT9494716002,2022,Toyota,Tundra,"1794 Edition, Capstone, Limited, Platinum, SR, SR5, TRD Pro","3.4L V6 - Electric/Gas, 3.4L V6 - Gas, 3.5L V6 - Gas, 3.5L V6 - MILD HYBRID EV-GAS (MHEV)",43396
PT9494716002,2022,Toyota,Venza,"LE, Limited, XLE","2.5L L4 - Electric/Gas, 2.5L L4 - FULL HYBRID EV-GAS (FHEV)",43397
PT9494716002,2021,Toyota,4Runner,"Limited, Nightshade, SR5, SR5 Premium, TRD Off-Road, TRD Off-Road Premium, TRD Pro, Trail, Venture",4.0L V6 - Gas,43398
PT9494716002,2021,Toyota,Avalon,"Hybrid Limited, Hybrid XLE, Hybrid XSE, Limited, Nightshade, TRD, Touring, XLE, XSE, XSE Nightshade","2.5L L4 - Electric/Gas, 2.5L L4 - FULL HYBRID EV-GAS (FHEV), 2.5L L4 - Gas, 3.5L V6 - Gas",43399
PT9494716002,2021,Toyota,C-HR,"LE, Limited, Nightshade, XLE",2.0L L4 - Gas,43400
PT9494716002,2021,Toyota,Camry,"Hybrid LE, Hybrid SE, Hybrid XLE, Hybrid XSE, LE, SE, SE Nightshade, TRD, XLE, XSE","2.5L L4 - Electric/Gas, 2.5L L4 - FULL HYBRID EV-GAS (FHEV), 2.5L L4 - Gas, 3.5L V6 - Gas",43401
PT9494716002,2021,Toyota,Corolla,"Hybrid LE, L, LE, SE, SE Apex, SE Nightshade, XLE, XSE, XSE Apex","1.8L L4 - Electric/Gas, 1.8L L4 - FULL HYBRID EV-GAS (FHEV), 1.8L L4 - Gas, 2.0L L4 - Gas",43402
PT9494716002,2021,Toyota,Highlander,"Hybrid LE, Hybrid Limited, Hybrid Platinum, Hybrid XLE, L, LE, Limited, Platinum, XLE, XSE","2.5L L4 - Electric/Gas, 2.5L L4 - FULL HYBRID EV-GAS (FHEV), 3.5L V6 - Gas",43403
PT9494716002,2021,Toyota,Land Cruiser,"Base, Heritage Edition",5.7L V8 - Gas,43404
PT9494716002,2021,Toyota,Prius,"2020 Edition, L Eco, LE, Limited, XLE","1.8L L4 - Electric/Gas, 1.8L L4 - FULL HYBRID EV-GAS (FHEV)",43405
PT9494716002,2021,Toyota,Prius Prime,"LE, Limited, XLE","1.8L L4 - Electric/Gas, 1.8L L4 - PLUG-IN HYBRID EV-GAS (PH",43406
PT9494716002,2021,Toyota,RAV4,"Adventure, Hybrid LE, Hybrid Limited, Hybrid XLE, Hybrid XLE Premium, Hybrid XSE, LE, Limited, TRD Off-Road, XLE, XLE Premium","2.5L L4 - Electric/Gas, 2.5L L4 - FULL HYBRID EV-GAS (FHEV), 2.5L L4 - Gas",43407
PT9494716002,2021,Toyota,Sequoia,"Limited, Nightshade, Platinum, SR5, TRD Pro, TRD Sport",5.7L V8 - Gas,43408
PT9494716002,2021,Toyota,Sienna,"LE, Limited, Platinum, XLE, XSE","2.5L L4 - Electric/Gas, 2.5L L4 - FULL HYBRID EV-GAS (FHEV)",43409
PT9494716002,2021,Toyota,Tacoma,"Limited, Nightshade, SR, SR5, TRD Off-Road, TRD Pro, TRD Sport, Trail","2.7L L4 - Gas, 3.5L V6 - Gas",43410
PT9494716002,2021,Toyota,Tundra,"1794 Edition, Limited, Nightshade, Platinum, SR, SR5, TRD Pro, Trail",5.7L V8 - Gas,43411
PT9494716002,2021,Toyota,Venza,"LE, Limited, XLE","2.5L L4 - Electric/Gas, 2.5L L4 - FULL HYBRID EV-GAS (FHEV)",43412
PT9494716002,2020,Toyota,4Runner,"Limited, Nightshade, SR5, SR5 Premium, TRD Off-Road, TRD Off-Road Premium, TRD Pro, Venture",4.0L V6 - Gas,43413
PT9494716002,2020,Toyota,86,"Base, GT, Hakone Edition",2.0L H4 - Gas,43414
PT9494716002,2020,Toyota,Avalon,"Hybrid Limited, Hybrid XLE, Hybrid XSE, Limited, TRD, Touring, XLE, XSE","2.5L L4 - Electric/Gas, 2.5L L4 - FULL HYBRID EV-GAS (FHEV), 3.5L V6 - Gas",43415
PT9494716002,2020,Toyota,C-HR,"LE, Limited, XLE",2.0L L4 - Gas,43416
PT9494716002,2020,Toyota,Camry,"Hybrid LE, Hybrid SE, Hybrid XLE, L, LE, SE, SE Nightshade, TRD, XLE, XSE","2.5L L4 - Electric/Gas, 2.5L L4 - FULL HYBRID EV-GAS (FHEV), 2.5L L4 - Gas, 3.5L V6 - Gas",43417
PT9494716002,2020,Toyota,Corolla,"Hybrid LE, L, LE, SE, SE Nightshade, XLE, XSE","1.8L L4 - Electric/Gas, 1.8L L4 - FULL HYBRID EV-GAS (FHEV), 1.8L L4 - Gas, 2.0L L4 - Gas",43418
PT9494716002,2020,Toyota,Highlander,"Hybrid LE, Hybrid Limited, Hybrid Platinum, Hybrid XLE, L, LE, Limited, Platinum, XLE","2.5L L4 - Electric/Gas, 2.5L L4 - FULL HYBRID EV-GAS (FHEV), 3.5L V6 - Gas",41681
PT9494716002,2020,Toyota,Land Cruiser,"Base, Heritage Edition",5.7L V8 - Gas,43419
PT9494716002,2020,Toyota,Prius,"Base, L Eco, LE, Limited, XLE","1.8L L4 - Electric/Gas, 1.8L L4 - FULL HYBRID EV-GAS (FHEV)",43420
PT9494716002,2020,Toyota,Prius Prime,"LE, Limited, XLE","1.8L L4 - Electric/Gas, 1.8L L4 - PLUG-IN HYBRID EV-GAS (PH",43370
PT9494716002,2020,Toyota,RAV4,"Adventure, Hybrid LE, Hybrid Limited, Hybrid XLE, Hybrid XSE, LE, Limited, TRD Off-Road, XLE, XLE Premium","2.5L L4 - Electric/Gas, 2.5L L4 - FULL HYBRID EV-GAS (FHEV), 2.5L L4 - Gas",41684
PT9494716002,2020,Toyota,Sequoia,"Limited, Platinum, SR5, TRD Pro, TRD Sport",5.7L V8 - Gas,43423
PT9494716002,2018,Toyota,Camry,"Hybrid LE, Hybrid SE, Hybrid XLE, L, LE, SE, XLE, XSE","2.5L L4 - Electric/Gas, 2.5L L4 - FULL HYBRID EV-GAS (FHEV), 2.5L L4 - Gas, 3.5L V6 - Gas",43447
PT9494716002,2018,Toyota,Corolla,"L, LE, LE Eco, SE, XLE, XSE",1.8L L4 - Gas,43448
PT9494716002,2018,Toyota,Corolla iM,Base,1.8L L4 - Gas,43449
PT9494716002,2018,Toyota,Highlander,"Hybrid LE, Hybrid Limited, Hybrid XLE, LE, LE Plus, Limited, SE, XLE","2.7L L4 - Gas, 3.5L V6 - Electric/Gas, 3.5L V6 - FULL HYBRID EV-GAS (FHEV), 3.5L V6 - Gas",43450
PT9494716002,2018,Toyota,Land Cruiser,Base,5.7L V8 - Gas,43451
PT9494716002,2018,Toyota,Prius,"Four, Four Touring, One, Three, Three Touring, Two, Two Eco","1.8L L4 - Electric/Gas, 1.8L L4 - FULL HYBRID EV-GAS (FHEV)",43452
PT9494716002,2018,Toyota,Prius C,"Four, One, Three, Two","1.5L L4 - Electric/Gas, 1.5L L4 - FULL HYBRID EV-GAS (FHEV)",43453
PT9494716002,2017,Toyota,Sienna,"L, LE, Limited, SE, XLE",3.5L V6 - Gas,42871
PT9494716002,2016,Toyota,Avalon,"Hybrid Limited, Hybrid XLE Plus, Hybrid XLE Premium, Limited, Touring, XLE, XLE Plus, XLE Premium","2.5L L4 - Electric/Gas, 2.5L L4 - FULL HYBRID EV-GAS (FHEV), 3.5L V6 - Gas",41787
PT9494716002,2016,Toyota,Highlander,"Hybrid Limited, LE, LE Plus, Limited, XLE","2.7L L4 - Gas, 3.5L V6 - Electric/Gas, 3.5L V6 - FULL HYBRID EV-GAS (FHEV), 3.5L V6 - Gas",43479
PT9494716002,2016,Toyota,Prius,"Four, Four Touring, Three, Three Touring, Two, Two Eco","1.8L L4 - Electric/Gas, 1.8L L4 - FULL HYBRID EV-GAS (FHEV)",43480
PT9494716002,2016,Toyota,Sienna,"L, LE, Limited, SE, XLE",3.5L V6 - Gas,43481
PT9494716002,2016,Toyota,Yaris,"L, LE, SE",1.5L L4 - Gas,43482
PT9494716002,2024,Toyota,RAV4,"Adventure, Hybrid LE, Hybrid Limited, Hybrid Woodland Edition, Hybrid XLE, Hybrid XLE Premium, Hybrid XSE, LE, Limited, TRD Off-Road, XLE, XLE Premium","2.5L L4 - Electric/Gas, 2.5L L4 - Gas",44550
PT9494716002,2023,Toyota,RAV4,"Adventure, Hybrid LE, Hybrid Limited, Hybrid Woodland Edition, Hybrid XLE, Hybrid XLE Premium, Hybrid XSE, LE, Limited, TRD Off-Road, XLE, XLE Premium","2.5L L4 - Electric/Gas, 2.5L L4 - FULL HYBRID EV-GAS (FHEV), 2.5L L4 - Gas",44563
PT9494716002,2022,Toyota,RAV4,"Adventure, Hybrid LE, Hybrid Limited, Hybrid XLE, Hybrid XLE Premium, Hybrid XSE, LE, Limited, TRD Off-Road, XLE, XLE Premium","2.5L L4 - Electric/Gas, 2.5L L4 - FULL HYBRID EV-GAS (FHEV), 2.5L L4 - Gas",44578
PK38942K01TF,2021,Toyota,RAV4,"Adventure, Hybrid LE, Hybrid Limited, Hybrid XLE, Hybrid XLE Premium, Hybrid XSE, LE, Limited, TRD Off-Road, XLE, XLE Premium","2.5L L4 - Electric/Gas, 2.5L L4 - FULL HYBRID EV-GAS (FHEV), 2.5L L4 - Gas",40187
PK38942K01TF,2020,Toyota,RAV4,"Adventure, Hybrid LE, Hybrid Limited, Hybrid XLE, Hybrid XSE, LE, Limited, TRD Off-Road, XLE, XLE Premium","2.5L L4 - Electric/Gas, 2.5L L4 - FULL HYBRID EV-GAS (FHEV), 2.5L L4 - Gas",40188
PT97416220,2024,Toyota,Corolla Cross,"Hybrid LE, Hybrid S, Hybrid SE, Hybrid XLE, Hybrid XSE, L, LE, XLE","2.0L L4 - Electric/Gas, 2.0L L4 - Gas",43705
PT97416220,2023,Toyota,Corolla Cross,"Hybrid S, Hybrid SE, Hybrid XSE, L, LE, XLE","2.0L L4 - Electric/Gas, 2.0L L4 - Gas",43706
PT97416220,2022,Toyota,Corolla Cross,"L, LE, XLE",2.0L L4 - Gas,43707
PT9550318020,2020,Toyota,Camry,"Hybrid LE, Hybrid SE, Hybrid XLE, L, LE, SE, SE Nightshade, TRD, XLE, XSE","2.5L L4 - Electric/Gas, 2.5L L4 - FULL HYBRID EV-GAS (FHEV), 2.5L L4 - Gas, 3.5L V6 - Gas",43642
PT9550318020,2019,Toyota,Camry,"Hybrid LE, Hybrid SE, Hybrid XLE, L, LE, SE, XLE, XSE","2.5L L4 - Electric/Gas, 2.5L L4 - FULL HYBRID EV-GAS (FHEV), 2.5L L4 - Gas, 3.5L V6 - Gas",43643
PU06042S16P1,2018,Toyota,RAV4,"Adventure, Hybrid Limited, Hybrid SE, Hybrid XLE, LE, Limited, Platinum, SE, XLE","2.5L L4 - Electric/Gas, 2.5L L4 - FULL HYBRID EV-GAS (FHEV), 2.5L L4 - Gas",43875
PU06042S16P1,2017,Toyota,RAV4,"Hybrid Limited, Hybrid SE, Hybrid XLE, LE, Limited, Platinum, SE, XLE","2.5L L4 - Electric/Gas, 2.5L L4 - FULL HYBRID EV-GAS (FHEV), 2.5L L4 - Gas",43876
PK38947R00TR,null,null,null,null,null,40175
PK38947R00TR,null,null,null,null,null,47137
PTQ7600230,2025,Toyota,Corolla,"Nightshade, SE, XSE",2.0L L4 - Gas,43745
PTQ7600230,2025,Toyota,Crown,"Limited, Nightshade, Platinum, XLE","2.4L L4 - Electric/Gas, 2.5L L4 - Electric/Gas",43746
PTQ7600230,2025,Toyota,Land Cruiser,"1958, Base",2.4L L4 - Electric/Gas,43747
PTQ7600230,2025,Toyota,Sequoia,"1794 Edition, Capstone, Limited, Platinum, SR5, TRD Pro",3.4L V6 - Electric/Gas,43748
PTQ7600230,2025,Toyota,Sienna,"LE, Limited, Platinum, Woodland Edition, XLE, XSE",2.5L L4 - Electric/Gas,43708
PTQ7600230,2023,Toyota,Highlander,"Hybrid Bronze Edition, Hybrid LE, Hybrid Limited, Hybrid Platinum, Hybrid XLE, L, LE, Limited, Platinum, XLE, XSE","2.4L L4 - Gas, 2.5L L4 - Electric/Gas, 2.5L L4 - FULL HYBRID EV-GAS (FHEV)",43730
PTQ7600230,2023,Toyota,Mirai,"Limited, XLE","FUEL CELL EV (FCEV), Fuel Cell EV",43731
PTQ7600230,2023,Toyota,Prius,"LE, Limited, XLE",2.0L L4 - Electric/Gas,43732
PTQ7600230,2023,Toyota,RAV4,"Adventure, Hybrid LE, Hybrid Limited, Hybrid SE, Hybrid Woodland Edition, Hybrid XLE, Hybrid XLE Premium, Hybrid XSE, LE, Limited, TRD Off-Road, XLE, XLE Premium","2.5L L4 - Electric/Gas, 2.5L L4 - FULL HYBRID EV-GAS (FHEV), 2.5L L4 - Gas",43733
PTQ7600230,2023,Toyota,RAV4 Prime,"SE, XSE","2.5L L4 - Electric/Gas, 2.5L L4 - PLUG-IN HYBRID EV-GAS (PH",43734
PTQ7600230,2025,Toyota,4Runner,"Limited, Platinum, SR5, TRD Off-Road, TRD Off-Road Premium, TRD Pro, TRD Sport, TRD Sport Premium, Trailhunter","2.4L L4 - Electric/Gas, 2.4L L4 - Gas",46195
PTQ7600230,2025,Toyota,Corolla,"FX, Hybrid LE, Hybrid Nightshade, Hybrid SE, Hybrid XLE, LE, Nightshade, SE, XSE","1.8L L4 - Electric/Gas, 2.0L L4 - Gas",46196
PTQ7600230,2025,Toyota,Prius,"LE, Limited, Nightshade, Plug-In Hybrid SE, Plug-In Hybrid XSE, Plug-In Hybrid XSE Premium, XLE",2.0L L4 - Electric/Gas,46198
PTQ7600230,2025,Toyota,RAV4,"Hybrid LE, Hybrid Limited, Hybrid SE, Hybrid Woodland Edition, Hybrid XLE, Hybrid XLE Premium, Hybrid XSE, LE, Limited, Plug-In Hybrid SE, Plug-In Hybrid XSE, XLE, XLE Premium","2.5L L4 - Electric/Gas, 2.5L L4 - Gas",46199
PTQ7600230,2025,Toyota,Tacoma,"Limited, SR, SR5, TRD Off-Road, TRD PreRunner, TRD Pro, TRD Sport, Trailhunter","2.4L L4 - Electric/Gas, 2.4L L4 - Gas",46201
PTQ7600230,2024,Toyota,Corolla Cross,"Hybrid LE, Hybrid Nightshade, Hybrid S, Hybrid SE, Hybrid XLE, Hybrid XSE, L, LE, XLE","2.0L L4 - Electric/Gas, 2.0L L4 - Gas",46204
PTQ7600230,2022,Toyota,C-HR,"LE, Limited, Nightshade, XLE",2.0L L4 - Gas,46267
PTQ7600230,2022,Toyota,RAV4,"Adventure, Hybrid LE, Hybrid Limited, Hybrid SE, Hybrid XLE, Hybrid XLE Premium, Hybrid XSE, LE, Limited, TRD Off-Road, XLE, XLE Premium","2.5L L4 - Electric/Gas, 2.5L L4 - FULL HYBRID EV-GAS (FHEV), 2.5L L4 - Gas",43774
PTQ7600230,2022,Toyota,Sequoia,"Limited, Nightshade, Platinum, SR5, TRD Pro, TRD Sport",5.7L V8 - Gas,43776
PTQ7600230,2022,Toyota,Sienna,"LE, Limited, Platinum, Woodland Edition, XLE, XSE","2.5L L4 - Electric/Gas, 2.5L L4 - FULL HYBRID EV-GAS (FHEV)",43777
PTQ7600230,2022,Toyota,Tacoma,"Limited, SR, SR5, TRD Off-Road, TRD Pro, TRD Sport","2.7L L4 - Gas, 3.5L V6 - Gas",43778
PTQ7600230,2022,Toyota,Venza,"LE, Limited, XLE","2.5L L4 - Electric/Gas, 2.5L L4 - FULL HYBRID EV-GAS (FHEV)",43779
PTQ7600230,2023,Toyota,Sienna,"25th Anniversary Edition, LE, Limited, Platinum, Woodland Edition, XLE, XSE","2.5L L4 - Electric/Gas, 2.5L L4 - FULL HYBRID EV-GAS (FHEV)",43736
PTQ7600230,2023,Toyota,Tacoma,"Limited, SR, SR5, TRD Off-Road, TRD Pro, TRD Sport, Trail Special Edition","2.7L L4 - Gas, 3.5L V6 - Gas",43737
PTQ7600230,2023,Toyota,Tundra,"1794 Edition, Capstone, Limited, Platinum, SR, SR5, TRD Pro","3.4L V6 - Electric/Gas, 3.4L V6 - Gas, 3.5L V6 - Gas, 3.5L V6 - MILD HYBRID EV-GAS (MHEV)",43738
PTQ7600230,2025,Toyota,Tundra,"1794 Edition, Capstone, Limited, Platinum, SR, SR5, TRD Pro","3.4L V6 - Electric/Gas, 3.4L V6 - Gas",43709
PTQ7600230,2024,Toyota,4Runner,"Limited, SR5, SR5 Premium, TRD Off-Road, TRD Off-Road Premium, TRD Pro, TRD Sport",4.0L V6 - Gas,43710
PTQ7600230,2024,Toyota,Camry,"Hybrid LE, Hybrid SE, Hybrid SE Nightshade, Hybrid XLE, Hybrid XSE, LE, SE, SE Nightshade, TRD, XLE, XSE","2.5L L4 - Electric/Gas, 2.5L L4 - Gas, 3.5L V6 - Gas",43713
PTQ7600230,2024,Toyota,Corolla,"Hybrid LE, Hybrid Nightshade, Hybrid SE, Hybrid XLE, LE, Nightshade, SE, XSE","1.8L L4 - Electric/Gas, 2.0L L4 - Gas",43714
PTQ7600230,2024,Toyota,Corolla Cross,"Hybrid LE, Hybrid S, Hybrid SE, Hybrid XLE, Hybrid XSE, L, LE, XLE","2.0L L4 - Electric/Gas, 2.0L L4 - Gas",43749
PTQ7600230,2024,Toyota,Crown,"Limited, Platinum, XLE","2.4L L4 - Electric/Gas, 2.5L L4 - Electric/Gas",43715
PTQ7600230,2024,Toyota,Highlander,"Hybrid Bronze Edition, Hybrid LE, Hybrid LE Nightshade, Hybrid Limited, Hybrid Platinum, Hybrid XLE, Hybrid XLE Nightshade, LE, Limited, Platinum, XLE, XSE","2.4L L4 - Gas, 2.5L L4 - Electric/Gas",43716
PTQ7600230,2024,Toyota,Land Cruiser,"1958, Base, First Edition",2.4L L4 - Electric/Gas,43717
PTQ7600230,2024,Toyota,Prius,"LE, Limited, XLE",2.0L L4 - Electric/Gas,43718
PTQ7600230,2024,Toyota,Prius Prime,"SE, XSE, XSE Premium",2.0L L4 - Electric/Gas,43719
PTQ7600230,2024,Toyota,RAV4,"Adventure, Hybrid LE, Hybrid Limited, Hybrid SE, Hybrid Woodland Edition, Hybrid XLE, Hybrid XLE Premium, Hybrid XSE, LE, Limited, TRD Off-Road, XLE, XLE Premium","2.5L L4 - Electric/Gas, 2.5L L4 - Gas",43720
PTQ7600230,2024,Toyota,RAV4 Prime,"SE, XSE",2.5L L4 - Electric/Gas,43721
PTQ7600230,2024,Toyota,Sequoia,"Capstone, Limited, Platinum, SR5, TRD Pro",3.4L V6 - Electric/Gas,43722
PTQ7600230,2024,Toyota,Sienna,"LE, Limited, Platinum, Woodland Edition, XLE, XSE",2.5L L4 - Electric/Gas,43750
PTQ7600230,2024,Toyota,Tacoma,"Limited, SR, SR5, TRD Off-Road, TRD PreRunner, TRD Pro, TRD Sport, Trailhunter","2.4L L4 - Electric/Gas, 2.4L L4 - Gas",43751
PTQ7600230,2024,Toyota,Tundra,"1794 Edition, Capstone, Limited, Platinum, SR, SR5, TRD Pro","3.4L V6 - Electric/Gas, 3.4L V6 - Gas",43723
PTQ7600230,2024,Toyota,Venza,"LE, Limited, Nightshade, XLE",2.5L L4 - Electric/Gas,43724
PTQ7600230,2024,Toyota,bZ4X,"Limited, XLE",Electric,43725
PTQ7600230,2023,Toyota,4Runner,"40th Anniversary Edition, Limited, SR5, SR5 Premium, TRD Off-Road, TRD Off-Road Premium, TRD Pro, TRD Sport",4.0L V6 - Gas,43726
PTQ7600230,2023,Toyota,Camry,"Hybrid LE, Hybrid SE, Hybrid SE Nightshade, Hybrid XLE, Hybrid XSE, LE, SE, SE Nightshade, TRD, XLE, XSE","2.5L L4 - Electric/Gas, 2.5L L4 - FULL HYBRID EV-GAS (FHEV), 2.5L L4 - Gas, 3.5L V6 - Gas",43728
PTQ7600230,2023,Toyota,Corolla,"Hybrid LE, Hybrid SE, Hybrid XLE, LE, SE, XSE","1.8L L4 - Electric/Gas, 1.8L L4 - FULL HYBRID EV-GAS (FHEV), 2.0L L4 - Gas",43729
PTQ7600230,2023,Toyota,Sequoia,"Capstone, Limited, Platinum, SR5, TRD Pro",3.4L V6 - Electric/Gas,43735
PTQ7600230,2023,Toyota,Venza,"LE, Limited, Nightshade, XLE","2.5L L4 - Electric/Gas, 2.5L L4 - FULL HYBRID EV-GAS (FHEV)",43739
PTQ7600230,2022,Toyota,Avalon,"Hybrid Limited, Hybrid XLE, Hybrid XSE Nightshade, Limited, Touring, XLE","2.5L L4 - Electric/Gas, 2.5L L4 - FULL HYBRID EV-GAS (FHEV), 3.5L V6 - Gas",43740
PTQ7600230,2022,Toyota,Camry,"Hybrid LE, Hybrid SE, Hybrid SE Nightshade, Hybrid XLE, Hybrid XSE, LE, SE, SE Nightshade, TRD, XLE, XSE","2.5L L4 - Electric/Gas, 2.5L L4 - FULL HYBRID EV-GAS (FHEV), 2.5L L4 - Gas, 3.5L V6 - Gas",43769
PTQ7600230,2022,Toyota,Corolla,"Hybrid LE, L, LE, SE, SE Apex, SE Nightshade, XLE, XSE, XSE Apex","1.8L L4 - Electric/Gas, 1.8L L4 - FULL HYBRID EV-GAS (FHEV), 1.8L L4 - Gas, 2.0L L4 - Gas",43770
PTQ7600230,2022,Toyota,Mirai,"Limited, Platinum, XLE","Electric/Hydrogen, FUEL CELL EV (FCEV), Fuel Cell EV",43771
PTQ7600230,2022,Toyota,Prius,"L Eco, LE, Limited, XLE","1.8L L4 - Electric/Gas, 1.8L L4 - FULL HYBRID EV-GAS (FHEV)",43772
PTQ7600230,2022,Toyota,Prius Prime,"LE, Limited, XLE","1.8L L4 - Electric/Gas, 1.8L L4 - PLUG-IN HYBRID EV-GAS (PH",43773
PTQ7600230,2022,Toyota,RAV4 Prime,"SE, XSE","2.5L L4 - Electric/Gas, 2.5L L4 - PLUG-IN HYBRID EV-GAS (PH",43775
PTQ7600230,2025,Toyota,Grand Highlander,"Hybrid LE, Hybrid Limited, Hybrid Nightshade, Hybrid Platinum, Hybrid XLE, LE, Limited, Platinum, XLE","2.4L L4 - Electric/Gas, 2.4L L4 - Gas, 2.5L L4 - Electric/Gas",46229
PTQ7600230,2025,Toyota,Highlander,"Hybrid Limited, Hybrid Limited 25th Edition, Hybrid Platinum, Hybrid XLE, Hybrid XLE Nightshade, LE, Limited, Platinum, XLE, XSE","2.4L L4 - Gas, 2.5L L4 - Electric/Gas",46230
PTQ7600230,2025,Toyota,bZ4X,"Limited, XLE",Electric,46233
PTQ7600230,2024,Toyota,GR86,"Base, Premium, TRUENO Edition",2.4L H4 - Gas,46236
PTQ7600230,2024,Toyota,Grand Highlander,"Hybrid Limited, Hybrid Platinum, Hybrid XLE, Limited, Platinum, XLE","2.4L L4 - Electric/Gas, 2.4L L4 - Gas, 2.5L L4 - Electric/Gas",46237
PTQ7600230,2024,Toyota,Mirai,"Limited, XLE",Fuel Cell EV,46239
PU06012015F1,2018,Toyota,Corolla,"L, LE, LE Eco, SE, XLE, XSE",1.8L L4 - Gas,43842
PU06012015F1,2017,Toyota,Corolla,"50th Anniversary Special Edition, L, LE, LE Eco, SE, XLE, XSE",1.8L L4 - Gas,43843
PU06012015F1,2016,Toyota,Corolla,"L, LE, LE Eco, S, Special Edition",1.8L L4 - Gas,43844
PU06012015F1,2015,Toyota,Corolla,"L, LE, LE Eco, S",1.8L L4 - Gas,43845
7410202140,2015,Scion,iQ,Base,1.3L L4 - Gas,39882
7410202140,2015,Scion,xB,Base,2.4L L4 - Gas,39883
7410202140,2014,Scion,iQ,Base,1.3L L4 - Gas,39887
7410202140,2014,Scion,xB,Base,2.4L L4 - Gas,39888
7410202140,2005,Scion,tC,Base,2.4L L4 - Gas,39951
7410202140,2005,Scion,xB,Base,1.5L L4 - Gas,39952
7410202140,2010,Toyota,Highlander,"Base, Hybrid, Hybrid Limited, Limited, SE, Sport","2.7L L4 - Gas, 3.3L V6 - Electric/Gas, 3.3L V6 - FULL HYBRID EV-GAS (FHEV), 3.5L V6 - Gas",46913
7410202140,2010,Toyota,Tacoma,"Base, Pre Runner, X-Runner","2.7L L4 - Gas, 4.0L V6 - Gas",39916
7410202140,2008,Toyota,Highlander,"Base, Hybrid, Hybrid Limited, Limited, Sport","3.3L V6 - Electric/Gas, 3.3L V6 - FULL HYBRID EV-GAS (FHEV), 3.5L V6 - Gas",39934
7410202140,2008,Toyota,Sequoia,"Limited, Platinum, SR5","4.7L V8 - Gas, 5.7L V8 - Gas",39936
7410202140,2008,Toyota,Tacoma,"Base, Pre Runner, X-Runner","2.7L L4 - Gas, 4.0L V6 - Gas",39937
7410202140,2008,Toyota,Tundra,Limited,"4.7L V8 - Gas, 5.7L V8 - Gas",39938
7410202140,2007,Toyota,Camry,"CE, Hybrid, LE, SE, XLE","2.4L L4 - Electric/Gas, 2.4L L4 - Gas, 3.5L V6 - Gas",39940
7410202140,2007,Toyota,Corolla,"CE, LE, S",1.8L L4 - Gas,39941
7410202140,2007,Toyota,FJ Cruiser,"Base, TRD Special Edition",4.0L V6 - Gas,39942
7410202140,2007,Toyota,Matrix,"Base, XR",1.8L L4 - Gas,39943
7410202140,2007,Toyota,Tacoma,"Base, Pre Runner, X-Runner","2.7L L4 - Gas, 4.0L V6 - Gas",39944
7410202140,2007,Toyota,Tundra,Limited,"4.7L V8 - Gas, 5.7L V8 - Gas",39945
7410202140,2006,Toyota,Corolla,"CE, LE, S, XRS",1.8L L4 - Gas,39948
7410202140,2006,Toyota,Matrix,"Base, XR, XRS",1.8L L4 - Gas,39949
7410202140,2006,Toyota,Tacoma,"Base, Pre Runner, X-Runner","2.7L L4 - Gas, 4.0L V6 - Gas",39950
7410202140,2005,Toyota,Corolla,"CE, LE, S, XRS",1.8L L4 - Gas,39953
7410202140,2005,Toyota,Matrix,"Base, XR, XRS",1.8L L4 - Gas,39954
7410202140,2015,Toyota,4Runner,"Limited, SR5, TRD Pro, Trail",4.0L V6 - Gas,39884
PT9384219002,2022,Toyota,RAV4,"Adventure, Hybrid LE, Hybrid Limited, Hybrid SE, Hybrid XLE, Hybrid XLE Premium, Hybrid XSE, LE, Limited, TRD Off-Road, XLE, XLE Premium","2.5L L4 - Electric/Gas, 2.5L L4 - FULL HYBRID EV-GAS (FHEV), 2.5L L4 - Gas",43128
PT9384219002,2022,Toyota,RAV4 Prime,"SE, XSE","2.5L L4 - Electric/Gas, 2.5L L4 - PLUG-IN HYBRID EV-GAS (PH",43129
PT9384219002,2021,Toyota,RAV4,"Adventure, Hybrid LE, Hybrid Limited, Hybrid XLE, Hybrid XLE Premium, Hybrid XSE, LE, Limited, TRD Off-Road, XLE, XLE Premium","2.5L L4 - Electric/Gas, 2.5L L4 - FULL HYBRID EV-GAS (FHEV), 2.5L L4 - Gas",43130
PT9384219002,2020,Toyota,RAV4,"Adventure, Hybrid LE, Hybrid Limited, Hybrid XLE, Hybrid XSE, LE, Limited, TRD Off-Road, XLE, XLE Premium","2.5L L4 - Electric/Gas, 2.5L L4 - FULL HYBRID EV-GAS (FHEV), 2.5L L4 - Gas",41218
PT9384219002,2019,Toyota,RAV4,"Adventure, Hybrid LE, Hybrid Limited, Hybrid XLE, Hybrid XSE, LE, Limited, XLE, XLE Premium","2.5L L4 - Electric/Gas, 2.5L L4 - FULL HYBRID EV-GAS (FHEV), 2.5L L4 - Gas",43134
PT9384219002,2024,Toyota,RAV4,"Adventure, Hybrid LE, Hybrid Limited, Hybrid SE, Hybrid Woodland Edition, Hybrid XLE, Hybrid XLE Premium, Hybrid XSE, LE, Limited, TRD Off-Road, XLE, XLE Premium","2.5L L4 - Electric/Gas, 2.5L L4 - Gas",43125
PT9384219002,2024,Toyota,RAV4 Prime,"SE, XSE",2.5L L4 - Electric/Gas,43126
PT9384219002,2023,Toyota,RAV4 Prime,"SE, XSE","2.5L L4 - Electric/Gas, 2.5L L4 - PLUG-IN HYBRID EV-GAS (PH",43127
AAAA0003,2022,Toyota,Tacoma,"SR, SR5",2.7L L4 - Gas,46282
PK96008B02,2024,Toyota,Sienna,"LE, Limited, Platinum, Woodland Edition, XLE, XSE",2.5L L4 - Electric/Gas,40219
PK96008B02,2023,Toyota,Sienna,"25th Anniversary Edition, LE, Limited, Platinum, Woodland Edition, XLE, XSE","2.5L L4 - Electric/Gas, 2.5L L4 - FULL HYBRID EV-GAS (FHEV)",40220
PK96008B02,2022,Toyota,Sienna,"LE, Limited, Platinum, Woodland Edition, XLE, XSE","2.5L L4 - Electric/Gas, 2.5L L4 - FULL HYBRID EV-GAS (FHEV)",40221
PK96008B08,2025,Toyota,Sienna,"LE, Limited, Platinum, Woodland Edition, XLE, XSE",2.5L L4 - Electric/Gas,40227
PK96008B08,2024,Toyota,Sienna,"LE, Limited, Platinum, Woodland Edition, XLE, XSE",2.5L L4 - Electric/Gas,40228
PK96008B08,2023,Toyota,Sienna,"25th Anniversary Edition, LE, Limited, Platinum, Woodland Edition, XLE, XSE","2.5L L4 - Electric/Gas, 2.5L L4 - FULL HYBRID EV-GAS (FHEV)",40229
PK96008B08,2022,Toyota,Sienna,"LE, Limited, Platinum, Woodland Edition, XLE, XSE","2.5L L4 - Electric/Gas, 2.5L L4 - FULL HYBRID EV-GAS (FHEV)",40230
PZQ4442121,2022,Toyota,RAV4,"Adventure, Hybrid LE, Hybrid Limited, Hybrid SE, Hybrid XLE, Hybrid XLE Premium, Hybrid XSE, LE, Limited, TRD Off-Road, XLE, XLE Premium","2.5L L4 - Electric/Gas, 2.5L L4 - FULL HYBRID EV-GAS (FHEV), 2.5L L4 - Gas",43893
PZQ4442121,2022,Toyota,RAV4 Prime,"SE, XSE","2.5L L4 - Electric/Gas, 2.5L L4 - PLUG-IN HYBRID EV-GAS (PH",43894
PZQ4442121,2021,Toyota,RAV4,"Adventure, Hybrid LE, Hybrid Limited, Hybrid XLE, Hybrid XLE Premium, Hybrid XSE, LE, Limited, TRD Off-Road, XLE, XLE Premium","2.5L L4 - Electric/Gas, 2.5L L4 - FULL HYBRID EV-GAS (FHEV), 2.5L L4 - Gas",43895
PZQ4442121,2020,Toyota,RAV4,"Adventure, Hybrid LE, Hybrid Limited, Hybrid XLE, Hybrid XSE, LE, Limited, TRD Off-Road, XLE, XLE Premium","2.5L L4 - Electric/Gas, 2.5L L4 - FULL HYBRID EV-GAS (FHEV), 2.5L L4 - Gas",43919
PZQ4442121,2024,Toyota,RAV4,"Adventure, Hybrid LE, Hybrid Limited, Hybrid SE, Hybrid Woodland Edition, Hybrid XLE, Hybrid XLE Premium, Hybrid XSE, LE, Limited, TRD Off-Road, XLE, XLE Premium","2.5L L4 - Electric/Gas, 2.5L L4 - Gas",43904
PZQ4442121,2024,Toyota,RAV4 Prime,"SE, XSE",2.5L L4 - Electric/Gas,43890
PZQ4442121,2023,Toyota,RAV4,"Adventure, Hybrid LE, Hybrid Limited, Hybrid SE, Hybrid Woodland Edition, Hybrid XLE, Hybrid XLE Premium, Hybrid XSE, LE, Limited, TRD Off-Road, XLE, XLE Premium","2.5L L4 - Electric/Gas, 2.5L L4 - FULL HYBRID EV-GAS (FHEV), 2.5L L4 - Gas",43891
PZQ4442121,2023,Toyota,RAV4 Prime,"SE, XSE","2.5L L4 - Electric/Gas, 2.5L L4 - PLUG-IN HYBRID EV-GAS (PH",43892
PZQ4442121,2019,Toyota,RAV4,"Adventure, Hybrid LE, Hybrid Limited, Hybrid XLE, Hybrid XSE, LE, Limited, XLE, XLE Premium","2.5L L4 - Electric/Gas, 2.5L L4 - FULL HYBRID EV-GAS (FHEV), 2.5L L4 - Gas",43920
PT2060220201,2022,Toyota,Corolla,"Hybrid LE, L, LE, SE, SE Apex, SE Nightshade, XLE, XSE, XSE Apex","1.8L L4 - Electric/Gas, 1.8L L4 - FULL HYBRID EV-GAS (FHEV), 1.8L L4 - Gas, 2.0L L4 - Gas",40246
PT2060220201,2021,Toyota,Corolla,"Hybrid LE, L, LE, SE, SE Apex, SE Nightshade, XLE, XSE, XSE Apex","1.8L L4 - Electric/Gas, 1.8L L4 - FULL HYBRID EV-GAS (FHEV), 1.8L L4 - Gas, 2.0L L4 - Gas",40247
PT2060220201,2020,Toyota,Corolla,"Hybrid LE, L, LE, SE, SE Nightshade, XLE, XSE","1.8L L4 - Electric/Gas, 1.8L L4 - FULL HYBRID EV-GAS (FHEV), 1.8L L4 - Gas, 2.0L L4 - Gas",40248
PT2060220201,2025,Toyota,Corolla,"Nightshade, SE, XSE",2.0L L4 - Gas,40243
PT2060220201,2024,Toyota,Corolla,"Hybrid LE, Hybrid Nightshade, Hybrid SE, Hybrid XLE, LE, Nightshade, SE, XSE","1.8L L4 - Electric/Gas, 2.0L L4 - Gas",40244
PT2060220201,2023,Toyota,Corolla,"Hybrid LE, Hybrid SE, Hybrid XLE, LE, SE, XSE","1.8L L4 - Electric/Gas, 1.8L L4 - FULL HYBRID EV-GAS (FHEV), 2.0L L4 - Gas",40245
PT2060220502,2025,Toyota,Corolla,"Nightshade, SE, XSE",2.0L L4 - Gas,40255
PT2060220502,2024,Toyota,Corolla,"Hybrid LE, Hybrid Nightshade, Hybrid SE, Hybrid XLE, LE, Nightshade, SE, XSE","1.8L L4 - Electric/Gas, 2.0L L4 - Gas",40256
PT2060220502,2023,Toyota,Corolla,"Hybrid LE, Hybrid SE, Hybrid XLE, LE, SE, XSE","1.8L L4 - Electric/Gas, 1.8L L4 - FULL HYBRID EV-GAS (FHEV), 2.0L L4 - Gas",40257
PT2060220502,2022,Toyota,Corolla,"Hybrid LE, L, LE, SE, SE Apex, SE Nightshade, XLE, XSE, XSE Apex","1.8L L4 - Electric/Gas, 1.8L L4 - FULL HYBRID EV-GAS (FHEV), 1.8L L4 - Gas, 2.0L L4 - Gas",40265
PT2060220502,2021,Toyota,Corolla,"Hybrid LE, L, LE, SE, SE Apex, SE Nightshade, XLE, XSE, XSE Apex","1.8L L4 - Electric/Gas, 1.8L L4 - FULL HYBRID EV-GAS (FHEV), 1.8L L4 - Gas, 2.0L L4 - Gas",40266
PT2060220502,2020,Toyota,Corolla,"Hybrid LE, L, LE, SE, SE Nightshade, XLE, XSE","1.8L L4 - Electric/Gas, 1.8L L4 - FULL HYBRID EV-GAS (FHEV), 1.8L L4 - Gas, 2.0L L4 - Gas",40267
PT2064213120,2018,Toyota,RAV4,"Adventure, Hybrid Limited, Hybrid SE, Hybrid XLE, LE, Limited, Platinum, SE, XLE","2.5L L4 - Electric/Gas, 2.5L L4 - FULL HYBRID EV-GAS (FHEV), 2.5L L4 - Gas",40325
PT2064213120,2017,Toyota,RAV4,"Hybrid Limited, Hybrid SE, Hybrid XLE, LE, Limited, Platinum, SE, XLE","2.5L L4 - Electric/Gas, 2.5L L4 - FULL HYBRID EV-GAS (FHEV), 2.5L L4 - Gas",40326
PT2064213120,2016,Toyota,RAV4,"Hybrid Limited, Hybrid XLE, LE, Limited, SE, XLE","2.5L L4 - Electric/Gas, 2.5L L4 - FULL HYBRID EV-GAS (FHEV), 2.5L L4 - Gas",40327
PT2064213120,2015,Toyota,RAV4,"LE, Limited, XLE",2.5L L4 - Gas,40328
PT2064213120,2014,Toyota,RAV4,"EV, LE, Limited, XLE","2.5L L4 - Gas, Electric",40329
PT2064213120,2013,Toyota,RAV4,"EV, LE, Limited, XLE","2.5L L4 - Gas, Electric",40330
PT2060220101,2025,Toyota,Corolla,"Nightshade, SE, XSE",2.0L L4 - Gas,40237
PT2060220101,2024,Toyota,Corolla,"Hybrid LE, Hybrid Nightshade, Hybrid SE, Hybrid XLE, LE, Nightshade, SE, XSE","1.8L L4 - Electric/Gas, 2.0L L4 - Gas",40238
PT2060220101,2023,Toyota,Corolla,"Hybrid LE, Hybrid SE, Hybrid XLE, LE, SE, XSE","1.8L L4 - Electric/Gas, 1.8L L4 - FULL HYBRID EV-GAS (FHEV), 2.0L L4 - Gas",40239
7410202140,2015,Toyota,Sequoia,"Limited, Platinum, SR5","5.7L V8 - Flex, 5.7L V8 - Gas",39885
7410202140,2015,Toyota,Tacoma,"Base, Pre Runner, TRD Pro","2.7L L4 - Gas, 4.0L V6 - Gas",39886
7410202140,2014,Toyota,4Runner,"Limited, SR5, Trail",4.0L V6 - Gas,39889
7410202140,2014,Toyota,Sequoia,"Limited, Platinum, SR5","5.7L V8 - Flex, 5.7L V8 - Gas",39890
7410202140,2014,Toyota,Tacoma,"Base, Pre Runner","2.7L L4 - Gas, 4.0L V6 - Gas",39891
7410202140,2013,Toyota,4Runner,"Limited, SR5, Trail",4.0L V6 - Gas,39894
7410202140,2013,Toyota,Sequoia,"Limited, Platinum, SR5","5.7L V8 - Flex, 5.7L V8 - Gas",39895
7410202140,2013,Toyota,Tacoma,"Base, Pre Runner, X-Runner","2.7L L4 - Gas, 4.0L V6 - Gas",39896
7410202140,2012,Toyota,4Runner,"Limited, SR5, Trail",4.0L V6 - Gas,39899
7410202140,2016,Toyota,Sequoia,"Limited, Platinum, SR5","5.7L V8 - Flex, 5.7L V8 - Gas",39881
7410202140,2012,Toyota,Highlander,"Base, Hybrid, Hybrid Limited, Limited, SE","2.7L L4 - Gas, 3.5L V6 - Electric/Gas, 3.5L V6 - FULL HYBRID EV-GAS (FHEV), 3.5L V6 - Gas",39900
7410202140,2012,Toyota,Sequoia,"Limited, Platinum, SR5","4.6L V8 - Gas, 5.7L V8 - Flex, 5.7L V8 - Gas",39901
7410202140,2012,Toyota,Tacoma,"Base, Pre Runner, X-Runner","2.7L L4 - Gas, 4.0L V6 - Gas",39902
7410202140,2011,Toyota,4Runner,"Limited, SR5, Trail",4.0L V6 - Gas,39904
7410202140,2011,Toyota,Camry,"Base, Hybrid, LE, SE, XLE","2.4L L4 - Electric/Gas, 2.5L L4 - Gas, 3.5L V6 - Gas",39905
7410202140,2011,Toyota,FJ Cruiser,Base,4.0L V6 - Gas,39906
7410202140,2011,Toyota,Highlander,"Base, Hybrid, Hybrid Limited, Limited, SE","2.7L L4 - Gas, 3.5L V6 - Electric/Gas, 3.5L V6 - FULL HYBRID EV-GAS (FHEV), 3.5L V6 - Gas",39907
7410202140,2011,Toyota,Sequoia,"Limited, Platinum, SR5","4.6L V8 - Gas, 5.7L V8 - Flex, 5.7L V8 - Gas",39908
7410202140,2011,Toyota,Tacoma,"Base, Pre Runner, X-Runner","2.7L L4 - Gas, 4.0L V6 - Gas",39909
7410202140,2010,Toyota,4Runner,"Limited, SR5, Trail","2.7L L4 - Gas, 4.0L V6 - Gas",39912
7410202140,2010,Toyota,Camry,"Base, Hybrid, LE, SE, XLE","2.4L L4 - Electric/Gas, 2.5L L4 - Gas, 3.5L V6 - Gas",39913
7410202140,2010,Toyota,FJ Cruiser,Base,4.0L V6 - Gas,39914
7410202140,2010,Toyota,Sequoia,"Limited, Platinum, SR5","4.6L V8 - Gas, 5.7L V8 - Flex, 5.7L V8 - Gas",39915
7410202140,2022,Toyota,4Runner,"Limited, Nightshade, SR5, SR5 Premium, TRD Off-Road, TRD Off-Road Premium, TRD Pro, TRD Sport, Trail, Venture",4.0L V6 - Gas,39855
7410202140,2022,Toyota,Camry,"Hybrid LE, Hybrid SE, Hybrid SE Nightshade, Hybrid XLE, Hybrid XSE, LE, SE, SE Nightshade, TRD, XLE, XSE","2.5L L4 - Electric/Gas, 2.5L L4 - FULL HYBRID EV-GAS (FHEV), 2.5L L4 - Gas, 3.5L V6 - Gas",39856
7410202140,2022,Toyota,Prius,"L Eco, LE, Limited, XLE","1.8L L4 - Electric/Gas, 1.8L L4 - FULL HYBRID EV-GAS (FHEV)",39857
7410202140,2022,Toyota,Sequoia,"Limited, Nightshade, Platinum, SR5, TRD Pro, TRD Sport",5.7L V8 - Gas,46497
7410202140,2021,Toyota,4Runner,"Limited, Nightshade, SR5, SR5 Premium, TRD Off-Road, TRD Off-Road Premium, TRD Pro, Trail, Venture",4.0L V6 - Gas,39860
7410202140,2021,Toyota,Camry,"Hybrid LE, Hybrid SE, Hybrid XLE, Hybrid XSE, LE, SE, SE Nightshade, TRD, XLE, XSE","2.5L L4 - Electric/Gas, 2.5L L4 - FULL HYBRID EV-GAS (FHEV), 2.5L L4 - Gas, 3.5L V6 - Gas",46499
7410202140,2021,Toyota,Prius,"2020 Edition, L Eco, LE, Limited, XLE","1.8L L4 - Electric/Gas, 1.8L L4 - FULL HYBRID EV-GAS (FHEV)",39861
7410202140,2021,Toyota,Sequoia,"Limited, Nightshade, Platinum, SR5, TRD Pro, TRD Sport",5.7L V8 - Gas,39862
7410202140,2020,Toyota,4Runner,"Limited, Nightshade, SR5, SR5 Premium, TRD Off-Road, TRD Off-Road Premium, TRD Pro, Venture",4.0L V6 - Gas,39863
7410202140,2020,Toyota,Camry,"Hybrid LE, Hybrid SE, Hybrid XLE, L, LE, SE, SE Nightshade, TRD, XLE, XSE","2.5L L4 - Electric/Gas, 2.5L L4 - FULL HYBRID EV-GAS (FHEV), 2.5L L4 - Gas, 3.5L V6 - Gas",39864
7410202140,2020,Toyota,Prius,"Base, L Eco, LE, Limited, XLE","1.8L L4 - Electric/Gas, 1.8L L4 - FULL HYBRID EV-GAS (FHEV)",39865
7410202140,2020,Toyota,Sequoia,"Limited, Platinum, SR5, TRD Pro, TRD Sport",5.7L V8 - Gas,39866
7410202140,2019,Toyota,4Runner,"Limited, SR5, SR5 Premium, TRD Off-Road, TRD Off-Road Premium, TRD Pro",4.0L V6 - Gas,39867
7410202140,2019,Toyota,Camry,"Hybrid LE, Hybrid SE, Hybrid XLE, L, LE, SE, XLE, XSE","2.5L L4 - Electric/Gas, 2.5L L4 - FULL HYBRID EV-GAS (FHEV), 2.5L L4 - Gas, 3.5L V6 - Gas",39868
7410202140,2019,Toyota,Prius,"L Eco, LE, Limited, XLE","1.8L L4 - Electric/Gas, 1.8L L4 - FULL HYBRID EV-GAS (FHEV)",39869
7410202140,2019,Toyota,Sequoia,"Limited, Platinum, SR5, TRD Sport",5.7L V8 - Gas,39870
7410202140,2018,Toyota,4Runner,"Limited, SR5, SR5 Premium, TRD Off-Road, TRD Off-Road Premium, TRD Pro",4.0L V6 - Gas,39871
7410202140,2018,Toyota,Camry,"Hybrid LE, Hybrid SE, Hybrid XLE, L, LE, SE, XLE, XSE","2.5L L4 - Electric/Gas, 2.5L L4 - FULL HYBRID EV-GAS (FHEV), 2.5L L4 - Gas, 3.5L V6 - Gas",39872
7410202140,2018,Toyota,Prius,"Four, Four Touring, One, Three, Three Touring, Two, Two Eco","1.8L L4 - Electric/Gas, 1.8L L4 - FULL HYBRID EV-GAS (FHEV)",39873
7410202140,2018,Toyota,Sequoia,"Limited, Platinum, SR5, TRD Sport","5.7L V8 - Flex, 5.7L V8 - Gas",39874
7410202140,2017,Toyota,4Runner,"Limited, SR5, TRD Off-Road, TRD Pro",4.0L V6 - Gas,39875
7410202140,2017,Toyota,Prius,"Four, Four Touring, One, Three, Three Touring, Two, Two Eco","1.8L L4 - Electric/Gas, 1.8L L4 - FULL HYBRID EV-GAS (FHEV)",39876
7410202140,2017,Toyota,Prius Prime,"Advanced, Plus, Premium","1.8L L4 - Electric/Gas, 1.8L L4 - PLUG-IN HYBRID EV-GAS (PH",39877
7410202140,2017,Toyota,Sequoia,"Limited, Platinum, SR5","5.7L V8 - Flex, 5.7L V8 - Gas",39878
7410202140,2016,Toyota,4Runner,"Limited, SR5, TRD Pro, Trail",4.0L V6 - Gas,39879
7410202140,2016,Toyota,Prius,"Four, Four Touring, Three, Three Touring, Two, Two Eco","1.8L L4 - Electric/Gas, 1.8L L4 - FULL HYBRID EV-GAS (FHEV)",39880
7410202140,2010,Toyota,Tundra,Limited,"4.6L V8 - Gas, 5.7L V8 - Flex, 5.7L V8 - Gas",39917
7410202140,2009,Toyota,4Runner,"Limited, SR5, Sport","4.0L V6 - Gas, 4.7L V8 - Gas",39920
7410202140,2009,Toyota,Camry,"Base, Hybrid, LE, SE, XLE","2.4L L4 - Electric/Gas, 2.4L L4 - Gas, 3.5L V6 - Gas",46503
7410202140,2009,Toyota,FJ Cruiser,Base,4.0L V6 - Gas,39925
7410202140,2009,Toyota,Highlander,"Base, Hybrid, Hybrid Limited, Limited, Sport","2.7L L4 - Gas, 3.3L V6 - Electric/Gas, 3.3L V6 - FULL HYBRID EV-GAS (FHEV), 3.5L V6 - Gas",46504
7410202140,2009,Toyota,Sequoia,"Limited, Platinum, SR5","4.7L V8 - Gas, 5.7L V8 - Flex, 5.7L V8 - Gas",39926
7410202140,2009,Toyota,Tacoma,"Base, Pre Runner, X-Runner","2.7L L4 - Gas, 4.0L V6 - Gas",39927
7410202140,2009,Toyota,Tundra,Limited,"4.7L V8 - Gas, 5.7L V8 - Flex, 5.7L V8 - Gas",39928
7410202140,2008,Toyota,Camry,"CE, Hybrid, LE, SE, XLE","2.4L L4 - Electric/Gas, 2.4L L4 - Gas, 3.5L V6 - Gas",39931
7410202140,2008,Toyota,Corolla,"CE, LE, S",1.8L L4 - Gas,39932
7410202140,2008,Toyota,FJ Cruiser,"Base, Trail Teams Special Edition",4.0L V6 - Gas,39933
7410202140,2008,Toyota,Matrix,"Base, XR",1.8L L4 - Gas,39935
7410202140,2005,Toyota,Tacoma,"Base, Pre Runner, X-Runner","2.7L L4 - Gas, 4.0L V6 - Gas",39955
7410202140,2004,Toyota,Corolla,"CE, LE, S",1.8L L4 - Gas,39957
7410202140,2004,Toyota,Matrix,"Base, XR, XRS",1.8L L4 - Gas,39958
7410202140,2003,Toyota,Corolla,"CE, LE, S",1.8L L4 - Gas,39959
7410202140,2003,Toyota,Matrix,"Base, XR, XRS",1.8L L4 - Gas,39960
7410202140,2013,Scion,iQ,"Base, EV","1.3L L4 - Gas, Electric",39892
7410202140,2013,Scion,xB,Base,2.4L L4 - Gas,39893
7410202140,2012,Scion,iQ,Base,1.3L L4 - Gas,39897
7410202140,2012,Scion,xB,Base,2.4L L4 - Gas,39898
7410202140,2011,Scion,xB,Base,2.4L L4 - Gas,39903
7410202140,2010,Scion,tC,Base,2.4L L4 - Gas,39910
7410202140,2010,Scion,xB,Base,2.4L L4 - Gas,39911
7410202140,2009,Scion,tC,Base,2.4L L4 - Gas,39918
7410202140,2009,Scion,xB,Base,2.4L L4 - Gas,39919
7410202140,2008,Scion,tC,"Base, Spec",2.4L L4 - Gas,39929
7410202140,2008,Scion,xB,Base,2.4L L4 - Gas,39930
7410202140,2007,Scion,tC,"Base, Spec",2.4L L4 - Gas,39939
7410202140,2006,Scion,tC,Base,2.4L L4 - Gas,39946
7410202140,2006,Scion,xB,Base,1.5L L4 - Gas,39947
7410202140,2004,Scion,xB,Base,1.5L L4 - Gas,39956
C032599990,2024,Toyota,Corolla Cross,"Hybrid LE, Hybrid S, Hybrid SE, Hybrid XLE, Hybrid XSE, L, LE, XLE","2.0L L4 - Electric/Gas, 2.0L L4 - Gas",40143
C032599990,2024,Toyota,Venza,"LE, Limited, Nightshade, XLE",2.5L L4 - Electric/Gas,40144
C032599990,2023,Toyota,Corolla Cross,"Hybrid S, Hybrid SE, Hybrid XSE, L, LE, XLE","2.0L L4 - Electric/Gas, 2.0L L4 - Gas",40145
C032599990,2023,Toyota,Venza,"LE, Limited, Nightshade, XLE","2.5L L4 - Electric/Gas, 2.5L L4 - FULL HYBRID EV-GAS (FHEV)",40146
C032599990,2022,Toyota,Corolla Cross,"L, LE, XLE",2.0L L4 - Gas,40147
C032599990,2022,Toyota,Venza,"LE, Limited, XLE","2.5L L4 - Electric/Gas, 2.5L L4 - FULL HYBRID EV-GAS (FHEV)",40148
PW30102005,2021,Toyota,Corolla,"Hybrid LE, L, LE, SE, SE Apex, SE Nightshade, XLE, XSE, XSE Apex","1.8L L4 - Electric/Gas, 1.8L L4 - FULL HYBRID EV-GAS (FHEV), 1.8L L4 - Gas, 2.0L L4 - Gas",43877
PW30102005,2020,Toyota,Corolla,"Hybrid LE, L, LE, SE, SE Nightshade, XLE, XSE","1.8L L4 - Electric/Gas, 1.8L L4 - FULL HYBRID EV-GAS (FHEV), 1.8L L4 - Gas, 2.0L L4 - Gas",43878
PK38908M00TP,2024,Toyota,Sienna,"LE, Limited, Platinum, Woodland Edition, XLE, XSE",2.5L L4 - Electric/Gas,40165
PK38908M00TP,2023,Toyota,Sienna,"25th Anniversary Edition, LE, Limited, Platinum, Woodland Edition, XLE, XSE","2.5L L4 - Electric/Gas, 2.5L L4 - FULL HYBRID EV-GAS (FHEV)",40162
PK38908M00TP,2022,Toyota,Sienna,"LE, Limited, Platinum, Woodland Edition, XLE, XSE","2.5L L4 - Electric/Gas, 2.5L L4 - FULL HYBRID EV-GAS (FHEV)",40163
PK38942K00TP,2021,Toyota,RAV4,"Adventure, Hybrid LE, Hybrid Limited, Hybrid XLE, Hybrid XLE Premium, Hybrid XSE, LE, Limited, TRD Off-Road, XLE, XLE Premium","2.5L L4 - Electric/Gas, 2.5L L4 - FULL HYBRID EV-GAS (FHEV), 2.5L L4 - Gas",40184
PK38942K00TP,2020,Toyota,RAV4,"Adventure, Hybrid LE, Hybrid Limited, Hybrid XLE, Hybrid XSE, LE, Limited, TRD Off-Road, XLE, XLE Premium","2.5L L4 - Electric/Gas, 2.5L L4 - FULL HYBRID EV-GAS (FHEV), 2.5L L4 - Gas",40185
PK38942K00TP,2019,Toyota,RAV4,"Adventure, Hybrid LE, Hybrid Limited, Hybrid XLE, Hybrid XSE, LE, Limited, XLE, XLE Premium","2.5L L4 - Electric/Gas, 2.5L L4 - FULL HYBRID EV-GAS (FHEV), 2.5L L4 - Gas",40186
PK38942K00TP,2024,Toyota,RAV4,"Adventure, Hybrid LE, Hybrid Limited, Hybrid SE, Hybrid Woodland Edition, Hybrid XLE, Hybrid XLE Premium, Hybrid XSE, LE, Limited, TRD Off-Road, XLE, XLE Premium","2.5L L4 - Electric/Gas, 2.5L L4 - Gas",40178
PK38942K00TP,2024,Toyota,RAV4 Prime,"SE, XSE",2.5L L4 - Electric/Gas,40179
PK38942K00TP,2023,Toyota,RAV4,"Adventure, Hybrid LE, Hybrid Limited, Hybrid SE, Hybrid Woodland Edition, Hybrid XLE, Hybrid XLE Premium, Hybrid XSE, LE, Limited, TRD Off-Road, XLE, XLE Premium","2.5L L4 - Electric/Gas, 2.5L L4 - FULL HYBRID EV-GAS (FHEV), 2.5L L4 - Gas",40180
PK38942K00TP,2023,Toyota,RAV4 Prime,"SE, XSE","2.5L L4 - Electric/Gas, 2.5L L4 - PLUG-IN HYBRID EV-GAS (PH",40181
PK38942K00TP,2022,Toyota,RAV4,"Adventure, Hybrid LE, Hybrid Limited, Hybrid SE, Hybrid XLE, Hybrid XLE Premium, Hybrid XSE, LE, Limited, TRD Off-Road, XLE, XLE Premium","2.5L L4 - Electric/Gas, 2.5L L4 - FULL HYBRID EV-GAS (FHEV), 2.5L L4 - Gas",40182
PK38942K00TP,2022,Toyota,RAV4 Prime,"SE, XSE","2.5L L4 - Electric/Gas, 2.5L L4 - PLUG-IN HYBRID EV-GAS (PH",40183
PW30102008,2024,Toyota,Corolla,"Hybrid LE, Hybrid Nightshade, Hybrid SE, Hybrid XLE, LE, Nightshade, SE, XSE","1.8L L4 - Electric/Gas, 2.0L L4 - Gas",43879
PW30102008,2023,Toyota,Corolla,"Hybrid LE, Hybrid SE, Hybrid XLE, LE, SE, XSE","1.8L L4 - Electric/Gas, 1.8L L4 - FULL HYBRID EV-GAS (FHEV), 2.0L L4 - Gas",43880
PW30102008,2022,Toyota,Corolla,"Hybrid LE, L, LE, SE, SE Apex, SE Nightshade, XLE, XSE, XSE Apex","1.8L L4 - Electric/Gas, 1.8L L4 - FULL HYBRID EV-GAS (FHEV), 1.8L L4 - Gas, 2.0L L4 - Gas",43881
PW30102008,2021,Toyota,Corolla,"Hybrid LE, L, LE, SE, SE Apex, SE Nightshade, XLE, XSE, XSE Apex","1.8L L4 - Electric/Gas, 1.8L L4 - FULL HYBRID EV-GAS (FHEV), 1.8L L4 - Gas, 2.0L L4 - Gas",43882
PW30102008,2020,Toyota,Corolla,"Hybrid LE, L, LE, SE, SE Nightshade, XLE, XSE","1.8L L4 - Electric/Gas, 1.8L L4 - FULL HYBRID EV-GAS (FHEV), 1.8L L4 - Gas, 2.0L L4 - Gas",43883
PK3B135G5S,2023,Toyota,Tacoma,"Limited, SR, SR5, TRD Off-Road, TRD Pro, TRD Sport, Trail Special Edition","2.7L L4 - Gas, 3.5L V6 - Gas",40194
PK3B135G5S,2022,Toyota,Tacoma,"Limited, SR, SR5, TRD Off-Road, TRD Pro, TRD Sport","2.7L L4 - Gas, 3.5L V6 - Gas",40195
PK3B135G5S,2021,Toyota,Tacoma,"Limited, Nightshade, SR, SR5, TRD Off-Road, TRD Pro, TRD Sport, Trail","2.7L L4 - Gas, 3.5L V6 - Gas",40196
PK3B135G5S,2020,Toyota,Tacoma,"Limited, SR, SR5, TRD Off-Road, TRD Pro, TRD Sport","2.7L L4 - Gas, 3.5L V6 - Gas",40197
PK5D042K11WH,2024,Toyota,RAV4,"Adventure, Hybrid LE, Hybrid Limited, Hybrid SE, Hybrid Woodland Edition, Hybrid XLE, Hybrid XLE Premium, Hybrid XSE, LE, Limited, TRD Off-Road, XLE, XLE Premium","2.5L L4 - Electric/Gas, 2.5L L4 - Gas",47147
PK5D042K11WH,2024,Toyota,RAV4 Prime,"SE, XSE",2.5L L4 - Electric/Gas,40212
PK5D042K11WH,2023,Toyota,RAV4,"Adventure, Hybrid LE, Hybrid Limited, Hybrid SE, Hybrid Woodland Edition, Hybrid XLE, Hybrid XLE Premium, Hybrid XSE, LE, Limited, TRD Off-Road, XLE, XLE Premium","2.5L L4 - Electric/Gas, 2.5L L4 - FULL HYBRID EV-GAS (FHEV), 2.5L L4 - Gas",40213
PT2060220101,2022,Toyota,Corolla,"Hybrid LE, L, LE, SE, SE Apex, SE Nightshade, XLE, XSE, XSE Apex","1.8L L4 - Electric/Gas, 1.8L L4 - FULL HYBRID EV-GAS (FHEV), 1.8L L4 - Gas, 2.0L L4 - Gas",40240
PT2060220101,2021,Toyota,Corolla,"Hybrid LE, L, LE, SE, SE Apex, SE Nightshade, XLE, XSE, XSE Apex","1.8L L4 - Electric/Gas, 1.8L L4 - FULL HYBRID EV-GAS (FHEV), 1.8L L4 - Gas, 2.0L L4 - Gas",40241
PT2060220101,2020,Toyota,Corolla,"Hybrid LE, L, LE, SE, SE Nightshade, XLE, XSE","1.8L L4 - Electric/Gas, 1.8L L4 - FULL HYBRID EV-GAS (FHEV), 1.8L L4 - Gas, 2.0L L4 - Gas",40242
PT94947160AA,2021,Toyota,Highlander,"L, LE, Limited, Platinum, XLE, XSE",3.5L V6 - Gas,43335
PT94947160AA,2022,Toyota,RAV4,"Adventure, Hybrid XSE, LE, Limited, TRD Off-Road, XLE","2.5L L4 - Electric/Gas, 2.5L L4 - FULL HYBRID EV-GAS (FHEV), 2.5L L4 - Gas",43488
PT94947160AA,2021,Toyota,RAV4,"Adventure, Hybrid XSE, LE, Limited, TRD Off-Road, XLE","2.5L L4 - Electric/Gas, 2.5L L4 - FULL HYBRID EV-GAS (FHEV), 2.5L L4 - Gas",43496
PT94947160AA,2021,Toyota,RAV4 Prime,"SE, XSE","2.5L L4 - Electric/Gas, 2.5L L4 - PLUG-IN HYBRID EV-GAS (PH",43497
PT94947160AA,2021,Toyota,Sequoia,"Limited, Nightshade, Platinum, SR5, TRD Pro, TRD Sport",5.7L V8 - Gas,43498
PT94947160AA,2021,Toyota,Sienna,"LE, Limited, Platinum, XLE, XSE","2.5L L4 - Electric/Gas, 2.5L L4 - FULL HYBRID EV-GAS (FHEV)",43499
PT94947160AA,2021,Toyota,Tacoma,"Limited, SR, SR5, TRD Off-Road, TRD Pro, TRD Sport","2.7L L4 - Gas, 3.5L V6 - Gas",43500
PT94947160AA,2021,Toyota,Tundra,"1794 Edition, Limited, Platinum, SR, SR5, TRD Pro",5.7L V8 - Gas,43501
PT94947160AA,2021,Toyota,Venza,"LE, Limited, XLE","2.5L L4 - Electric/Gas, 2.5L L4 - FULL HYBRID EV-GAS (FHEV)",43502
PT94947160AA,2020,Toyota,RAV4,"Adventure, Hybrid XSE, LE, Limited, TRD Off-Road, XLE","2.5L L4 - Electric/Gas, 2.5L L4 - FULL HYBRID EV-GAS (FHEV), 2.5L L4 - Gas",43512
PT94947160AA,2020,Toyota,Sequoia,"Limited, Platinum, SR5, TRD Pro, TRD Sport",5.7L V8 - Gas,43513
PT94947160AA,2020,Toyota,Sienna,"L, LE, Limited, Limited Premium, SE, SE Premium, XLE",3.5L V6 - Gas,43514
PT94947160AA,2020,Toyota,Tacoma,"Limited, SR, SR5, TRD Off-Road, TRD Pro, TRD Sport","2.7L L4 - Gas, 3.5L V6 - Gas",43515
PT94947160AA,2020,Toyota,Tundra,"1794 Edition, Limited, Platinum, SR, SR5, TRD Pro",5.7L V8 - Gas,43516
PT94947160AA,2019,Toyota,Avalon,"Hybrid Limited, Limited, Touring","2.5L L4 - Electric/Gas, 2.5L L4 - FULL HYBRID EV-GAS (FHEV), 3.5L V6 - Gas",43517
PT94947160AA,2019,Toyota,Camry,"Hybrid LE, Hybrid SE, Hybrid XLE, XSE","2.5L L4 - Electric/Gas, 2.5L L4 - FULL HYBRID EV-GAS (FHEV), 2.5L L4 - Gas, 3.5L V6 - Gas",43518
PT94947160AA,2019,Toyota,Prius,"L Eco, LE, Limited, XLE","1.8L L4 - Electric/Gas, 1.8L L4 - FULL HYBRID EV-GAS (FHEV)",43519
PT94947160AA,2019,Toyota,Prius C,"L, LE","1.5L L4 - Electric/Gas, 1.5L L4 - FULL HYBRID EV-GAS (FHEV)",43520
PT94947160AA,2019,Toyota,Prius Prime,"Advanced, Plus, Premium","1.8L L4 - Electric/Gas, 1.8L L4 - PLUG-IN HYBRID EV-GAS (PH",43521
PT94947160AA,2019,Toyota,RAV4,"Adventure, Hybrid XSE, LE, Limited, XLE","2.5L L4 - Electric/Gas, 2.5L L4 - FULL HYBRID EV-GAS (FHEV), 2.5L L4 - Gas",43522
PT94947160AA,2019,Toyota,Sienna,LE,3.5L V6 - Gas,43523
PT94947160AA,2019,Toyota,Yaris,"L, LE, XLE",1.5L L4 - Gas,43524
PT94947160AA,2018,Toyota,Avalon,"Hybrid Limited, Hybrid XLE Plus, Hybrid XLE Premium, Limited, Touring, XLE, XLE Plus","2.5L L4 - Electric/Gas, 2.5L L4 - FULL HYBRID EV-GAS (FHEV), 3.5L V6 - Gas",43529
PT94947160AA,2018,Toyota,Camry,"Hybrid LE, Hybrid SE, Hybrid XLE","2.5L L4 - Electric/Gas, 2.5L L4 - FULL HYBRID EV-GAS (FHEV)",43530
PT94947160AA,2018,Toyota,Prius C,"Four, One, Three, Two","1.5L L4 - Electric/Gas, 1.5L L4 - FULL HYBRID EV-GAS (FHEV)",43531
PT94947160AA,2024,Toyota,Prius Prime,"SE, XSE, XSE Premium",2.0L L4 - Electric/Gas,43525
PT94947160AA,2024,Toyota,RAV4,"Adventure, Hybrid XSE, LE, Limited, TRD Off-Road, XLE","2.5L L4 - Electric/Gas, 2.5L L4 - Gas",43483
PT94947160AA,2024,Toyota,Venza,LE,2.5L L4 - Electric/Gas,43484
PT94947160AA,2023,Toyota,Prius Prime,"SE, XSE, XSE Premium",2.0L L4 - Electric/Gas,43485
PT94947160AA,2023,Toyota,RAV4,"Adventure, Hybrid XSE, LE, Limited, TRD Off-Road, XLE","2.5L L4 - Electric/Gas, 2.5L L4 - FULL HYBRID EV-GAS (FHEV), 2.5L L4 - Gas",43486
PT94947160AA,2023,Toyota,Venza,LE,"2.5L L4 - Electric/Gas, 2.5L L4 - FULL HYBRID EV-GAS (FHEV)",43487
PT94947160AA,2022,Toyota,Venza,LE,"2.5L L4 - Electric/Gas, 2.5L L4 - FULL HYBRID EV-GAS (FHEV)",43489
PT94947160AA,2021,Toyota,4Runner,"Limited, Nightshade, SR5, TRD Off-Road, TRD Off-Road Premium, TRD Pro, Trail, Venture",4.0L V6 - Gas,43490
PT94947160AA,2021,Toyota,Avalon,"Limited, TRD, Touring, XLE, XSE","2.5L L4 - Gas, 3.5L V6 - Gas",43491
PT94947160AA,2021,Toyota,C-HR,"LE, Limited, Nightshade, XLE",2.0L L4 - Gas,43492
PT94947160AA,2021,Toyota,Camry,"LE, SE, TRD, XLE, XSE","2.5L L4 - Gas, 3.5L V6 - Gas",43043
PT94947160AA,2021,Toyota,Corolla,"L, LE, SE, XLE, XSE","1.8L L4 - Gas, 2.0L L4 - Gas",43139
PT94947160AA,2021,Toyota,Land Cruiser,"Base, Heritage Edition",5.7L V8 - Gas,43493
PT94947160AA,2021,Toyota,Prius,"2020 Edition, L Eco, LE, Limited, XLE","1.8L L4 - Electric/Gas, 1.8L L4 - FULL HYBRID EV-GAS (FHEV)",43494
PT94947160AA,2021,Toyota,Prius Prime,"LE, Limited, XLE","1.8L L4 - Electric/Gas, 1.8L L4 - PLUG-IN HYBRID EV-GAS (PH",43495
PT94947160AA,2020,Toyota,4Runner,"Limited, Nightshade, SR5, TRD Off-Road, TRD Off-Road Premium, TRD Pro, Venture",4.0L V6 - Gas,43503
PT94947160AA,2020,Toyota,86,"Base, GT, Hakone Edition",2.0L H4 - Gas,43504
PT94947160AA,2020,Toyota,Avalon,"Hybrid Limited, Hybrid XLE, Hybrid XSE, Limited, TRD, Touring, XLE, XSE","2.5L L4 - Electric/Gas, 2.5L L4 - FULL HYBRID EV-GAS (FHEV), 3.5L V6 - Gas",43505
PT94947160AA,2020,Toyota,C-HR,"LE, Limited, XLE",2.0L L4 - Gas,43506
PT94947160AA,2020,Toyota,Camry,"Hybrid LE, Hybrid SE, Hybrid XLE, L, LE, SE, TRD, XLE, XSE","2.5L L4 - Electric/Gas, 2.5L L4 - FULL HYBRID EV-GAS (FHEV), 2.5L L4 - Gas, 3.5L V6 - Gas",43507
PT94947160AA,2020,Toyota,Corolla,"Hybrid LE, L, LE, SE, XLE, XSE","1.8L L4 - Electric/Gas, 1.8L L4 - FULL HYBRID EV-GAS (FHEV), 1.8L L4 - Gas, 2.0L L4 - Gas",43508
PT94947160AA,2020,Toyota,Highlander,"Hybrid LE, Hybrid Limited, Hybrid Platinum, Hybrid XLE, L, LE, Limited, Platinum, XLE","2.5L L4 - Electric/Gas, 2.5L L4 - FULL HYBRID EV-GAS (FHEV), 3.5L V6 - Gas",41957
PT94947160AA,2020,Toyota,Land Cruiser,"Base, Heritage Edition",5.7L V8 - Gas,43509
PT94947160AA,2020,Toyota,Prius,"L Eco, LE, Limited, XLE","1.8L L4 - Electric/Gas, 1.8L L4 - FULL HYBRID EV-GAS (FHEV)",43510
PT94947160AA,2020,Toyota,Prius Prime,"LE, Limited, XLE","1.8L L4 - Electric/Gas, 1.8L L4 - PLUG-IN HYBRID EV-GAS (PH",43511
PT2060220402,2024,Toyota,Corolla,"Hybrid LE, Hybrid Nightshade, Hybrid SE, Hybrid XLE, LE, Nightshade, SE, XSE","1.8L L4 - Electric/Gas, 2.0L L4 - Gas",40250
PT2060220402,2023,Toyota,Corolla,"Hybrid LE, Hybrid SE, Hybrid XLE, LE, SE, XSE","1.8L L4 - Electric/Gas, 1.8L L4 - FULL HYBRID EV-GAS (FHEV), 2.0L L4 - Gas",40251
PT2060220402,2022,Toyota,Corolla,"Hybrid LE, L, LE, SE, SE Apex, SE Nightshade, XLE, XSE, XSE Apex","1.8L L4 - Electric/Gas, 1.8L L4 - FULL HYBRID EV-GAS (FHEV), 1.8L L4 - Gas, 2.0L L4 - Gas",40252
PT2060220402,2021,Toyota,Corolla,"Hybrid LE, L, LE, SE, SE Apex, SE Nightshade, XLE, XSE, XSE Apex","1.8L L4 - Electric/Gas, 1.8L L4 - FULL HYBRID EV-GAS (FHEV), 1.8L L4 - Gas, 2.0L L4 - Gas",40253
PT2060220402,2020,Toyota,Corolla,"Hybrid LE, L, LE, SE, SE Nightshade, XLE, XSE","1.8L L4 - Electric/Gas, 1.8L L4 - FULL HYBRID EV-GAS (FHEV), 1.8L L4 - Gas, 2.0L L4 - Gas",40254
PT2060220402,2025,Toyota,Corolla,"Nightshade, SE, XSE",2.0L L4 - Gas,40249
PT2060318002,2021,Toyota,Camry,"Hybrid LE, Hybrid SE, Hybrid XLE, Hybrid XSE, LE, SE, SE Nightshade, TRD, XLE, XSE","2.5L L4 - Electric/Gas, 2.5L L4 - FULL HYBRID EV-GAS (FHEV), 2.5L L4 - Gas, 3.5L V6 - Gas",40277
PT2060318002,2023,Toyota,Camry,"Hybrid LE, Hybrid SE, Hybrid SE Nightshade, Hybrid XLE, Hybrid XSE, LE, SE, SE Nightshade, TRD, XLE, XSE","2.5L L4 - Electric/Gas, 2.5L L4 - FULL HYBRID EV-GAS (FHEV), 2.5L L4 - Gas, 3.5L V6 - Gas",40275
PT2060318002,2022,Toyota,Camry,"Hybrid LE, Hybrid SE, Hybrid SE Nightshade, Hybrid XLE, Hybrid XSE, LE, SE, SE Nightshade, TRD, XLE, XSE","2.5L L4 - Electric/Gas, 2.5L L4 - FULL HYBRID EV-GAS (FHEV), 2.5L L4 - Gas, 3.5L V6 - Gas",40276
PT2060318002,2020,Toyota,Camry,"Hybrid LE, Hybrid SE, Hybrid XLE, L, LE, SE, SE Nightshade, TRD, XLE, XSE","2.5L L4 - Electric/Gas, 2.5L L4 - FULL HYBRID EV-GAS (FHEV), 2.5L L4 - Gas, 3.5L V6 - Gas",40278
PT2060318002,2019,Toyota,Camry,"Hybrid LE, Hybrid SE, Hybrid XLE, L, LE, SE, XLE, XSE","2.5L L4 - Electric/Gas, 2.5L L4 - FULL HYBRID EV-GAS (FHEV), 2.5L L4 - Gas, 3.5L V6 - Gas",40279
PT2060318002,2018,Toyota,Camry,"Hybrid LE, Hybrid SE, Hybrid XLE, L, LE, SE, XLE, XSE","2.5L L4 - Electric/Gas, 2.5L L4 - FULL HYBRID EV-GAS (FHEV), 2.5L L4 - Gas, 3.5L V6 - Gas",40280
PT27835160,2024,Toyota,Tacoma,"Limited, SR, SR5, TRD Off-Road, TRD PreRunner, TRD Pro, TRD Sport, Trailhunter","2.4L L4 - Electric/Gas, 2.4L L4 - Gas",40473
PT27835160,2023,Toyota,Tacoma,"Limited, SR, SR5, TRD Off-Road, TRD Pro, TRD Sport, Trail Special Edition","2.7L L4 - Gas, 3.5L V6 - Gas",40474
PT27835160,2023,Toyota,Tundra,"1794 Edition, Capstone, Limited, Platinum, SR, SR5, TRD Pro","3.4L V6 - Electric/Gas, 3.4L V6 - Gas, 3.5L V6 - Gas, 3.5L V6 - MILD HYBRID EV-GAS (MHEV)",40475
PT27835160,2022,Toyota,Tacoma,"Limited, SR, SR5, TRD Off-Road, TRD Pro, TRD Sport","2.7L L4 - Gas, 3.5L V6 - Gas",40476
PT27835160,2016,Toyota,Tacoma,"Limited, SR, SR5, TRD Off-Road, TRD Sport","2.7L L4 - Gas, 3.5L V6 - Gas",40483
PT27835160,2022,Toyota,Tundra,"1794 Edition, Capstone, Limited, Platinum, SR, SR5, TRD Pro","3.4L V6 - Electric/Gas, 3.4L V6 - Gas, 3.5L V6 - Gas, 3.5L V6 - MILD HYBRID EV-GAS (MHEV)",40477
PT27835160,2021,Toyota,Tacoma,"Limited, Nightshade, SR, SR5, TRD Off-Road, TRD Pro, TRD Sport, Trail","2.7L L4 - Gas, 3.5L V6 - Gas",40478
PT27835160,2020,Toyota,Tacoma,"Limited, SR, SR5, TRD Off-Road, TRD Pro, TRD Sport","2.7L L4 - Gas, 3.5L V6 - Gas",40479
PT27835160,2019,Toyota,Tacoma,"Limited, SR, SR5, TRD Off-Road, TRD Pro, TRD Sport","2.7L L4 - Gas, 3.5L V6 - Gas",40480
PT27835160,2018,Toyota,Tacoma,"Limited, SR, SR5, TRD Off-Road, TRD Pro, TRD Sport","2.7L L4 - Gas, 3.5L V6 - Gas",40481
PT27835160,2017,Toyota,Tacoma,"Limited, SR, SR5, TRD Off-Road, TRD Pro, TRD Sport","2.7L L4 - Gas, 3.5L V6 - Gas",40482
PT27835160,2015,Toyota,Tacoma,"Base, Pre Runner, TRD Pro","2.7L L4 - Gas, 4.0L V6 - Gas",40484
PK5D042K11WH,2023,Toyota,RAV4 Prime,"SE, XSE","2.5L L4 - Electric/Gas, 2.5L L4 - PLUG-IN HYBRID EV-GAS (PH",40214
PK5D042K11WH,2022,Toyota,RAV4,"Adventure, Hybrid LE, Hybrid Limited, Hybrid SE, Hybrid XLE, Hybrid XLE Premium, Hybrid XSE, LE, Limited, TRD Off-Road, XLE, XLE Premium","2.5L L4 - Electric/Gas, 2.5L L4 - FULL HYBRID EV-GAS (FHEV), 2.5L L4 - Gas",40215
PK5D042K11WH,2022,Toyota,RAV4 Prime,"SE, XSE","2.5L L4 - Electric/Gas, 2.5L L4 - PLUG-IN HYBRID EV-GAS (PH",40216
PK5D042K11WH,2021,Toyota,RAV4,"Adventure, Hybrid LE, Hybrid Limited, Hybrid XLE, Hybrid XLE Premium, Hybrid XSE, LE, Limited, TRD Off-Road, XLE, XLE Premium","2.5L L4 - Electric/Gas, 2.5L L4 - FULL HYBRID EV-GAS (FHEV), 2.5L L4 - Gas",40217
PK5D042K11WH,2020,Toyota,RAV4,"Adventure, Hybrid LE, Hybrid Limited, Hybrid XLE, Hybrid XSE, LE, Limited, TRD Off-Road, XLE, XLE Premium","2.5L L4 - Electric/Gas, 2.5L L4 - FULL HYBRID EV-GAS (FHEV), 2.5L L4 - Gas",40218
PT2060822002,2024,Toyota,Sienna,"LE, Limited, Platinum, Woodland Edition, XLE, XSE",2.5L L4 - Electric/Gas,40301
PT2060822002,2023,Toyota,Sienna,"25th Anniversary Edition, LE, Limited, Platinum, Woodland Edition, XLE, XSE","2.5L L4 - Electric/Gas, 2.5L L4 - FULL HYBRID EV-GAS (FHEV)",40297
PT2060822002,2022,Toyota,Sienna,"LE, Limited, Platinum, Woodland Edition, XLE, XSE","2.5L L4 - Electric/Gas, 2.5L L4 - FULL HYBRID EV-GAS (FHEV)",40298
PT2060822002,2021,Toyota,Sienna,"LE, Limited, Platinum, XLE, XSE","2.5L L4 - Electric/Gas, 2.5L L4 - FULL HYBRID EV-GAS (FHEV)",40299
PT2063509302,2020,Toyota,Tacoma,"Limited, SR, SR5, TRD Off-Road, TRD Pro, TRD Sport","2.7L L4 - Gas, 3.5L V6 - Gas",40322
PT2063509302,2019,Toyota,Tacoma,"Limited, SR, SR5, TRD Off-Road, TRD Pro, TRD Sport","2.7L L4 - Gas, 3.5L V6 - Gas",40323
PT2063509302,2018,Toyota,Tacoma,"Limited, SR, SR5, TRD Off-Road, TRD Pro, TRD Sport","2.7L L4 - Gas, 3.5L V6 - Gas",40324
PT2064219001,2024,Toyota,RAV4,"Adventure, Hybrid LE, Hybrid Limited, Hybrid SE, Hybrid Woodland Edition, Hybrid XLE, Hybrid XLE Premium, Hybrid XSE, LE, Limited, TRD Off-Road, XLE, XLE Premium","2.5L L4 - Electric/Gas, 2.5L L4 - Gas",40331
PT2064219001,2023,Toyota,RAV4,"Adventure, Hybrid LE, Hybrid Limited, Hybrid SE, Hybrid Woodland Edition, Hybrid XLE, Hybrid XLE Premium, Hybrid XSE, LE, Limited, TRD Off-Road, XLE, XLE Premium","2.5L L4 - Electric/Gas, 2.5L L4 - FULL HYBRID EV-GAS (FHEV), 2.5L L4 - Gas",40332
PT2064219001,2022,Toyota,RAV4,"Adventure, Hybrid LE, Hybrid Limited, Hybrid SE, Hybrid XLE, Hybrid XLE Premium, Hybrid XSE, LE, Limited, TRD Off-Road, XLE, XLE Premium","2.5L L4 - Electric/Gas, 2.5L L4 - FULL HYBRID EV-GAS (FHEV), 2.5L L4 - Gas",40333
PT2064219001,2021,Toyota,RAV4,"Adventure, Hybrid LE, Hybrid Limited, Hybrid XLE, Hybrid XLE Premium, Hybrid XSE, LE, Limited, TRD Off-Road, XLE, XLE Premium","2.5L L4 - Electric/Gas, 2.5L L4 - FULL HYBRID EV-GAS (FHEV), 2.5L L4 - Gas",40334
PT2064219001,2020,Toyota,RAV4,"Adventure, Hybrid LE, Hybrid Limited, Hybrid XLE, Hybrid XSE, LE, Limited, TRD Off-Road, XLE, XLE Premium","2.5L L4 - Electric/Gas, 2.5L L4 - FULL HYBRID EV-GAS (FHEV), 2.5L L4 - Gas",40335
PT2064219001,2019,Toyota,RAV4,"Adventure, Hybrid LE, Hybrid Limited, Hybrid XLE, Hybrid XSE, LE, Limited, XLE, XLE Premium","2.5L L4 - Electric/Gas, 2.5L L4 - FULL HYBRID EV-GAS (FHEV), 2.5L L4 - Gas",40336
PT2064720020,2019,Toyota,Prius,"L Eco, LE, Limited, XLE","1.8L L4 - Electric/Gas, 1.8L L4 - FULL HYBRID EV-GAS (FHEV)",40338
PT2064720020,2018,Toyota,Prius,"Four, Four Touring, One, Three, Three Touring, Two, Two Eco","1.8L L4 - Electric/Gas, 1.8L L4 - FULL HYBRID EV-GAS (FHEV)",40339
PT2064720020,2017,Toyota,Prius,"Four, Four Touring, One, Three, Three Touring, Two, Two Eco","1.8L L4 - Electric/Gas, 1.8L L4 - FULL HYBRID EV-GAS (FHEV)",40340
PT2064720020,2016,Toyota,Prius,"Four, Four Touring, Three, Three Touring, Two, Two Eco","1.8L L4 - Electric/Gas, 1.8L L4 - FULL HYBRID EV-GAS (FHEV)",40341
PT2064720020,2022,Toyota,Prius,"L Eco, LE, Limited, XLE","1.8L L4 - Electric/Gas, 1.8L L4 - FULL HYBRID EV-GAS (FHEV)",40344
PT2064720020,2021,Toyota,Prius,"2020 Edition, L Eco, LE, Limited, XLE","1.8L L4 - Electric/Gas, 1.8L L4 - FULL HYBRID EV-GAS (FHEV)",40345
PT2064720020,2020,Toyota,Prius,"Base, L Eco, LE, Limited, XLE","1.8L L4 - Electric/Gas, 1.8L L4 - FULL HYBRID EV-GAS (FHEV)",40337
PT2264221012,2024,Toyota,RAV4,"Adventure, Hybrid LE, Hybrid Limited, Hybrid SE, Hybrid Woodland Edition, Hybrid XLE, Hybrid XLE Premium, Hybrid XSE, LE, Limited, TRD Off-Road, XLE, XLE Premium","2.5L L4 - Electric/Gas, 2.5L L4 - Gas",40342
PT2264221012,2023,Toyota,RAV4,"Adventure, Hybrid LE, Hybrid Limited, Hybrid SE, Hybrid Woodland Edition, Hybrid XLE, Hybrid XLE Premium, Hybrid XSE, LE, Limited, TRD Off-Road, XLE, XLE Premium","2.5L L4 - Electric/Gas, 2.5L L4 - FULL HYBRID EV-GAS (FHEV), 2.5L L4 - Gas",40343
PT2264221012,2022,Toyota,RAV4,"Adventure, Hybrid LE, Hybrid Limited, Hybrid SE, Hybrid XLE, Hybrid XLE Premium, Hybrid XSE, LE, Limited, TRD Off-Road, XLE, XLE Premium","2.5L L4 - Electric/Gas, 2.5L L4 - FULL HYBRID EV-GAS (FHEV), 2.5L L4 - Gas",40346
PT2264221012,2021,Toyota,RAV4,"Adventure, Hybrid LE, Hybrid Limited, Hybrid XLE, Hybrid XLE Premium, Hybrid XSE, LE, Limited, TRD Off-Road, XLE, XLE Premium","2.5L L4 - Electric/Gas, 2.5L L4 - FULL HYBRID EV-GAS (FHEV), 2.5L L4 - Gas",40347
PT22802140,2015,Toyota,Corolla,"L, LE, LE Eco, S",1.8L L4 - Gas,40354
PT22802140,2017,Toyota,Corolla,"50th Anniversary Special Edition, L, LE, LE Eco, SE, XLE, XSE",1.8L L4 - Gas,47371
PT22802140,2019,Toyota,Corolla,"L, LE, LE Eco, SE, XLE, XSE","1.8L L4 - Gas, 2.0L L4 - Gas",40348
PT22802140,2018,Toyota,Corolla,"L, LE, LE Eco, SE, XLE, XSE",1.8L L4 - Gas,40302
PT22802140,2016,Toyota,Corolla,"L, LE, LE Eco, S, Special Edition",1.8L L4 - Gas,40353
PT22802140,2014,Toyota,Corolla,"L, LE, LE Eco, Le Eco Plus, S",1.8L L4 - Gas,40355
PT22816221,2023,Toyota,Corolla Cross,"Hybrid S, Hybrid SE, Hybrid XSE, L, LE, XLE","2.0L L4 - Electric/Gas, 2.0L L4 - Gas",40358
PT22816221,2022,Toyota,Corolla Cross,"L, LE, XLE",2.0L L4 - Gas,40359
PT27634071,2022,Toyota,Tacoma,"Limited, SR, SR5, TRD Off-Road, TRD Pro, TRD Sport","2.7L L4 - Gas, 3.5L V6 - Gas",40370
PT27634071,2022,Toyota,Tundra,"1794 Edition, Capstone, Limited, Platinum, SR, SR5, TRD Pro","3.4L V6 - Electric/Gas, 3.4L V6 - Gas, 3.5L V6 - Gas, 3.5L V6 - MILD HYBRID EV-GAS (MHEV)",40371
PT27634071,2021,Toyota,Tacoma,"Limited, Nightshade, SR, SR5, TRD Off-Road, TRD Pro, TRD Sport, Trail","2.7L L4 - Gas, 3.5L V6 - Gas",40372
PT27634071,2021,Toyota,Tundra,"1794 Edition, Limited, Nightshade, Platinum, SR, SR5, TRD Pro, Trail",5.7L V8 - Gas,40373
PT27634071,2020,Toyota,Tacoma,"Limited, SR, SR5, TRD Off-Road, TRD Pro, TRD Sport","2.7L L4 - Gas, 3.5L V6 - Gas",40374
PT27634071,2020,Toyota,Tundra,"1794 Edition, Limited, Platinum, SR, SR5, TRD Pro",5.7L V8 - Gas,40375
PT27634071,2019,Toyota,Tacoma,"Limited, SR, SR5, TRD Off-Road, TRD Pro, TRD Sport","2.7L L4 - Gas, 3.5L V6 - Gas",40376
PT27634071,2019,Toyota,Tundra,"1794 Edition, Limited, Platinum, SR, SR5, TRD Pro","4.6L V8 - Gas, 5.7L V8 - Flex, 5.7L V8 - Gas",40377
PT27634071,2018,Toyota,Tundra,"1794 Edition, Limited, Platinum, SR, SR5","4.6L V8 - Gas, 5.7L V8 - Flex, 5.7L V8 - Gas",40379
PT27634071,2017,Toyota,Tacoma,"Limited, SR, SR5, TRD Off-Road, TRD Pro, TRD Sport","2.7L L4 - Gas, 3.5L V6 - Gas",40380
PT27634071,2017,Toyota,Tundra,"1794 Edition, Limited, Platinum, SR, SR5, TRD Pro","4.6L V8 - Gas, 5.7L V8 - Flex, 5.7L V8 - Gas",40381
PT27634071,2016,Toyota,Tacoma,"Limited, SR, SR5, TRD Off-Road, TRD Sport","2.7L L4 - Gas, 3.5L V6 - Gas",40382
PT27634071,2016,Toyota,Tundra,"1794 Edition, Limited, Platinum, SR, SR5, TRD Pro","4.6L V8 - Gas, 5.7L V8 - Flex, 5.7L V8 - Gas",40383
PT27634071,2015,Toyota,Tacoma,"Base, Pre Runner, TRD Pro","2.7L L4 - Gas, 4.0L V6 - Gas",40384
PT27634071,2015,Toyota,Tundra,"1794 Edition, Limited, Platinum, SR, SR5, TRD Pro","4.6L V8 - Gas, 5.7L V8 - Flex, 5.7L V8 - Gas",40385
PT27634071,2014,Toyota,Tundra,"1794 Edition, Limited, Platinum, SR, SR5","4.0L V6 - Gas, 4.6L V8 - Gas, 5.7L V8 - Flex, 5.7L V8 - Gas",40387
PT27634071,2013,Toyota,Tacoma,"Base, Pre Runner, X-Runner","2.7L L4 - Gas, 4.0L V6 - Gas",40388
PT27634071,2013,Toyota,Tundra,"Base, Limited, Platinum","4.0L V6 - Gas, 4.6L V8 - Gas, 5.7L V8 - Flex, 5.7L V8 - Gas",40389
PT27634071,2024,Toyota,Tacoma,"Limited, SR, SR5, TRD Off-Road, TRD PreRunner, TRD Pro, TRD Sport, Trailhunter","2.4L L4 - Electric/Gas, 2.4L L4 - Gas",40366
PT27634071,2024,Toyota,Tundra,"1794 Edition, Capstone, Limited, Platinum, SR, SR5, TRD Pro","3.4L V6 - Electric/Gas, 3.4L V6 - Gas",40367
PT27634071,2023,Toyota,Tacoma,"Limited, SR, SR5, TRD Off-Road, TRD Pro, TRD Sport, Trail Special Edition","2.7L L4 - Gas, 3.5L V6 - Gas",40368
PT27634071,2023,Toyota,Tundra,"1794 Edition, Capstone, Limited, Platinum, SR, SR5, TRD Pro","3.4L V6 - Electric/Gas, 3.4L V6 - Gas, 3.5L V6 - Gas, 3.5L V6 - MILD HYBRID EV-GAS (MHEV)",40369
PT27634071,2018,Toyota,Tacoma,"Limited, SR, SR5, TRD Off-Road, TRD Pro, TRD Sport","2.7L L4 - Gas, 3.5L V6 - Gas",40378
PT27634071,2014,Toyota,Tacoma,"Base, Pre Runner","2.7L L4 - Gas, 4.0L V6 - Gas",40386
PT27634071,2012,Toyota,Tacoma,"Base, Pre Runner, X-Runner","2.7L L4 - Gas, 4.0L V6 - Gas",40390
PT27634071,2012,Toyota,Tundra,"Base, Limited, Platinum","4.0L V6 - Gas, 4.6L V8 - Gas, 5.7L V8 - Flex, 5.7L V8 - Gas",40391
PT27634071,2011,Toyota,Tacoma,"Base, Pre Runner, X-Runner","2.7L L4 - Gas, 4.0L V6 - Gas",40392
PT27634071,2011,Toyota,Tundra,"Base, Limited, Platinum, SR5","4.0L V6 - Gas, 4.6L V8 - Gas, 5.7L V8 - Flex, 5.7L V8 - Gas",40393
PT27634071,2010,Toyota,Tacoma,"Base, Pre Runner, X-Runner","2.7L L4 - Gas, 4.0L V6 - Gas",40394
PT27634071,2010,Toyota,Tundra,"Base, Limited, Platinum, SR5","4.0L V6 - Gas, 4.6L V8 - Gas, 5.7L V8 - Flex, 5.7L V8 - Gas",40395
PT27634071,2009,Toyota,Tacoma,"Base, Pre Runner, X-Runner","2.7L L4 - Gas, 4.0L V6 - Gas",40396
PT27634071,2008,Toyota,Tacoma,"Base, Pre Runner, X-Runner","2.7L L4 - Gas, 4.0L V6 - Gas",40397
PT27634071,2007,Toyota,Tacoma,"Base, Pre Runner, X-Runner","2.7L L4 - Gas, 4.0L V6 - Gas",40398
PT27634071,2006,Toyota,Tacoma,"Base, Pre Runner, X-Runner","2.7L L4 - Gas, 4.0L V6 - Gas",40399
PT27634071,2005,Toyota,Tacoma,"Base, Pre Runner, X-Runner","2.7L L4 - Gas, 4.0L V6 - Gas",40400
PT27800160,2017,Toyota,Tundra,"1794 Edition, Limited, Platinum, SR, SR5, TRD Pro","4.6L V8 - Gas, 5.7L V8 - Flex, 5.7L V8 - Gas",40444
PT27800160,2016,Toyota,Tacoma,"Limited, SR, SR5, TRD Off-Road, TRD Sport","2.7L L4 - Gas, 3.5L V6 - Gas",40445
PT27800160,2016,Toyota,Tundra,"1794 Edition, Limited, Platinum, SR, SR5, TRD Pro","4.6L V8 - Gas, 5.7L V8 - Flex, 5.7L V8 - Gas",40446
PT27800160,2025,Toyota,Tundra,"1794 Edition, Capstone, Limited, Platinum, SR, SR5, TRD Pro","3.4L V6 - Electric/Gas, 3.4L V6 - Gas",40450
PT27800160,2024,Toyota,Tundra,"1794 Edition, Capstone, Limited, Platinum, SR, SR5, TRD Pro","3.4L V6 - Electric/Gas, 3.4L V6 - Gas",40451
PT27800160,2023,Toyota,Tacoma,"Limited, SR, SR5, TRD Off-Road, TRD Pro, TRD Sport, Trail Special Edition","2.7L L4 - Gas, 3.5L V6 - Gas",40452
PT27800160,2023,Toyota,Tundra,"1794 Edition, Capstone, Limited, Platinum, SR, SR5, TRD Pro","3.4L V6 - Electric/Gas, 3.4L V6 - Gas, 3.5L V6 - Gas, 3.5L V6 - MILD HYBRID EV-GAS (MHEV)",40453
PT27800160,2022,Toyota,Tacoma,"Limited, SR, SR5, TRD Off-Road, TRD Pro, TRD Sport","2.7L L4 - Gas, 3.5L V6 - Gas",40435
PT27800160,2022,Toyota,Tundra,"1794 Edition, Capstone, Limited, Platinum, SR, SR5, TRD Pro","3.4L V6 - Electric/Gas, 3.4L V6 - Gas, 3.5L V6 - Gas, 3.5L V6 - MILD HYBRID EV-GAS (MHEV)",40436
PT27800160,2021,Toyota,Tacoma,"Limited, Nightshade, SR, SR5, TRD Off-Road, TRD Pro, TRD Sport, Trail","2.7L L4 - Gas, 3.5L V6 - Gas",40437
PT27800160,2021,Toyota,Tundra,"1794 Edition, Limited, Nightshade, Platinum, SR, SR5, TRD Pro, Trail",5.7L V8 - Gas,40438
PT27800160,2020,Toyota,Tacoma,"Limited, SR, SR5, TRD Off-Road, TRD Pro, TRD Sport","2.7L L4 - Gas, 3.5L V6 - Gas",40454
PT27800160,2020,Toyota,Tundra,"1794 Edition, Limited, Platinum, SR, SR5, TRD Pro",5.7L V8 - Gas,40405
PT27800160,2019,Toyota,Tacoma,"Limited, SR, SR5, TRD Off-Road, TRD Pro, TRD Sport","2.7L L4 - Gas, 3.5L V6 - Gas",40439
PT27800160,2019,Toyota,Tundra,"1794 Edition, Limited, Platinum, SR, SR5, TRD Pro","4.6L V8 - Gas, 5.7L V8 - Flex, 5.7L V8 - Gas",40440
PT27800160,2018,Toyota,Tacoma,"Limited, SR, SR5, TRD Off-Road, TRD Pro, TRD Sport","2.7L L4 - Gas, 3.5L V6 - Gas",40441
PT27800160,2018,Toyota,Tundra,"1794 Edition, Limited, Platinum, SR, SR5","4.6L V8 - Gas, 5.7L V8 - Flex, 5.7L V8 - Gas",40442
PT27800160,2017,Toyota,Tacoma,"Limited, SR, SR5, TRD Off-Road, TRD Pro, TRD Sport","2.7L L4 - Gas, 3.5L V6 - Gas",40443
PT27802140,2019,Toyota,Corolla,"L, LE, LE Eco, SE, XLE, XSE","1.8L L4 - Gas, 2.0L L4 - Gas",40463
PT27802140,2018,Toyota,Corolla,"L, LE, LE Eco, SE, XLE, XSE",1.8L L4 - Gas,40464
PT27802140,2017,Toyota,Corolla,"50th Anniversary Special Edition, L, LE, LE Eco, SE, XLE, XSE",1.8L L4 - Gas,40465
PT27802140,2016,Toyota,Corolla,"L, LE, LE Eco, S, Special Edition",1.8L L4 - Gas,40466
PT27802140,2015,Toyota,Corolla,"L, LE, LE Eco, S",1.8L L4 - Gas,40467
PT27802140,2014,Toyota,Corolla,"L, LE, LE Eco, Le Eco Plus, S",1.8L L4 - Gas,40468
PT29A0220010,2025,Toyota,Corolla,"Nightshade, SE, XSE",2.0L L4 - Gas,40533
PT29A0220010,2024,Toyota,Corolla,"Hybrid LE, Hybrid Nightshade, Hybrid SE, Hybrid XLE, LE, Nightshade, SE, XSE","1.8L L4 - Electric/Gas, 2.0L L4 - Gas",40534
PT29A0220010,2023,Toyota,Corolla,"Hybrid LE, Hybrid SE, Hybrid XLE, LE, SE, XSE","1.8L L4 - Electric/Gas, 1.8L L4 - FULL HYBRID EV-GAS (FHEV), 2.0L L4 - Gas",40535
PT29A0220010,2022,Toyota,Corolla,"Hybrid LE, L, LE, SE, SE Apex, SE Nightshade, XLE, XSE, XSE Apex","1.8L L4 - Electric/Gas, 1.8L L4 - FULL HYBRID EV-GAS (FHEV), 1.8L L4 - Gas, 2.0L L4 - Gas",40536
PT27835160,2014,Toyota,Tacoma,"Base, Pre Runner","2.7L L4 - Gas, 4.0L V6 - Gas",40485
PT27835160,2013,Toyota,Tacoma,"Base, Pre Runner, X-Runner","2.7L L4 - Gas, 4.0L V6 - Gas",40486
PT27835160,2012,Toyota,Tacoma,"Base, Pre Runner, X-Runner","2.7L L4 - Gas, 4.0L V6 - Gas",40487
PT27835160,2011,Toyota,Tacoma,"Base, Pre Runner, X-Runner","2.7L L4 - Gas, 4.0L V6 - Gas",40488
PT27835160,2010,Toyota,Tacoma,"Base, Pre Runner, X-Runner","2.7L L4 - Gas, 4.0L V6 - Gas",40489
PT27835160,2009,Toyota,Tacoma,"Base, Pre Runner, X-Runner","2.7L L4 - Gas, 4.0L V6 - Gas",40490
PT27835170,2016,Toyota,Tacoma,"Limited, SR, SR5, TRD Off-Road, TRD Sport","2.7L L4 - Gas, 3.5L V6 - Gas",40498
PT27835170,2015,Toyota,Tacoma,"Base, Pre Runner, TRD Pro","2.7L L4 - Gas, 4.0L V6 - Gas",40499
PT27835170,2014,Toyota,Tacoma,"Base, Pre Runner","2.7L L4 - Gas, 4.0L V6 - Gas",40500
PT27835170,2013,Toyota,Tacoma,"Base, Pre Runner, X-Runner","2.7L L4 - Gas, 4.0L V6 - Gas",40501
PT27835170,2012,Toyota,Tacoma,"Base, Pre Runner, X-Runner","2.7L L4 - Gas, 4.0L V6 - Gas",40502
PT27835170,2011,Toyota,Tacoma,"Base, Pre Runner, X-Runner","2.7L L4 - Gas, 4.0L V6 - Gas",40503
PT27835170,2010,Toyota,Tacoma,"Base, Pre Runner, X-Runner","2.7L L4 - Gas, 4.0L V6 - Gas",40504
PT27835170,2009,Toyota,Tacoma,"Base, Pre Runner, X-Runner","2.7L L4 - Gas, 4.0L V6 - Gas",40505
PT27835170,2008,Toyota,Tacoma,"Base, Pre Runner, X-Runner","2.7L L4 - Gas, 4.0L V6 - Gas",40506
PT27835170,2007,Toyota,Tacoma,"Base, Pre Runner, X-Runner","2.7L L4 - Gas, 4.0L V6 - Gas",40507
PT27835170,2006,Toyota,Tacoma,"Base, Pre Runner, X-Runner","2.7L L4 - Gas, 4.0L V6 - Gas",40508
PT27835170,2005,Toyota,Tacoma,"Base, Pre Runner, X-Runner","2.7L L4 - Gas, 4.0L V6 - Gas",40509
PT27835170,2023,Toyota,Tacoma,"Limited, SR, SR5, TRD Off-Road, TRD Pro, TRD Sport, Trail Special Edition","2.7L L4 - Gas, 3.5L V6 - Gas",40491
PT27835170,2022,Toyota,Tacoma,"Limited, SR, SR5, TRD Off-Road, TRD Pro, TRD Sport","2.7L L4 - Gas, 3.5L V6 - Gas",40492
PT27835170,2021,Toyota,Tacoma,"Limited, Nightshade, SR, SR5, TRD Off-Road, TRD Pro, TRD Sport, Trail","2.7L L4 - Gas, 3.5L V6 - Gas",40493
PT27835170,2020,Toyota,Tacoma,"Limited, SR, SR5, TRD Off-Road, TRD Pro, TRD Sport","2.7L L4 - Gas, 3.5L V6 - Gas",40494
PT27835170,2019,Toyota,Tacoma,"Limited, SR, SR5, TRD Off-Road, TRD Pro, TRD Sport","2.7L L4 - Gas, 3.5L V6 - Gas",40495
PT27835170,2018,Toyota,Tacoma,"Limited, SR, SR5, TRD Off-Road, TRD Pro, TRD Sport","2.7L L4 - Gas, 3.5L V6 - Gas",40496
PT27835170,2017,Toyota,Tacoma,"Limited, SR, SR5, TRD Off-Road, TRD Pro, TRD Sport","2.7L L4 - Gas, 3.5L V6 - Gas",40497
PT34702140,2018,Toyota,Corolla,"L, LE, LE Eco, SE, XLE, XSE",1.8L L4 - Gas,40634
PT34702140,2017,Toyota,Corolla,"50th Anniversary Special Edition, L, LE, LE Eco, SE, XLE, XSE",1.8L L4 - Gas,40635
PT34702140,2016,Toyota,Corolla,"L, LE, LE Eco, S, Special Edition",1.8L L4 - Gas,40636
PT34702140,2015,Toyota,Corolla,"L, LE, LE Eco, S",1.8L L4 - Gas,40637
PT34702140,2014,Toyota,Corolla,"L, LE, LE Eco, Le Eco Plus, S",1.8L L4 - Gas,40638
PT92203182,2021,Toyota,Camry,"Hybrid LE, Hybrid SE, Hybrid XLE, Hybrid XSE, LE, SE, SE Nightshade, TRD, XLE, XSE","2.5L L4 - Electric/Gas, 2.5L L4 - FULL HYBRID EV-GAS (FHEV), 2.5L L4 - Gas, 3.5L V6 - Gas",39464
PT92203182,2024,Toyota,Camry,"Hybrid LE, Hybrid SE, Hybrid SE Nightshade, Hybrid XLE, Hybrid XSE, LE, SE, SE Nightshade, TRD, XLE, XSE","2.5L L4 - Electric/Gas, 2.5L L4 - Gas, 3.5L V6 - Gas",39489
PT92203182,2018,Toyota,Camry,"Hybrid LE, Hybrid SE, Hybrid XLE, L, LE, SE, XLE, XSE","2.5L L4 - Electric/Gas, 2.5L L4 - FULL HYBRID EV-GAS (FHEV), 2.5L L4 - Gas, 3.5L V6 - Gas",39461
PT92203182,2019,Toyota,Camry,"Hybrid LE, Hybrid SE, Hybrid XLE, L, LE, SE, XLE, XSE","2.5L L4 - Electric/Gas, 2.5L L4 - FULL HYBRID EV-GAS (FHEV), 2.5L L4 - Gas, 3.5L V6 - Gas",39462
PT92203182,2020,Toyota,Camry,"Hybrid LE, Hybrid SE, Hybrid XLE, L, LE, SE, SE Nightshade, TRD, XLE, XSE","2.5L L4 - Electric/Gas, 2.5L L4 - FULL HYBRID EV-GAS (FHEV), 2.5L L4 - Gas, 3.5L V6 - Gas",39463
PT92203182,2022,Toyota,Camry,"Hybrid LE, Hybrid SE, Hybrid SE Nightshade, Hybrid XLE, Hybrid XSE, LE, SE, SE Nightshade, TRD, XLE, XSE","2.5L L4 - Electric/Gas, 2.5L L4 - FULL HYBRID EV-GAS (FHEV), 2.5L L4 - Gas, 3.5L V6 - Gas",39465
PT92203182,2023,Toyota,Camry,"Hybrid LE, Hybrid SE, Hybrid SE Nightshade, Hybrid XLE, Hybrid XSE, LE, SE, SE Nightshade, TRD, XLE, XSE","2.5L L4 - Electric/Gas, 2.5L L4 - FULL HYBRID EV-GAS (FHEV), 2.5L L4 - Gas, 3.5L V6 - Gas",39466
PT2063509620,2014,Toyota,FJ Cruiser,Base,4.0L V6 - Gas,43932
PT2063509620,2013,Toyota,FJ Cruiser,Base,4.0L V6 - Gas,43933
PT2063509620,2012,Toyota,FJ Cruiser,Base,4.0L V6 - Gas,43934
PT2063509620,2011,Toyota,FJ Cruiser,Base,4.0L V6 - Gas,43935
PT2063509620,2010,Toyota,FJ Cruiser,Base,4.0L V6 - Gas,43936
PT2063509620,2009,Toyota,FJ Cruiser,Base,4.0L V6 - Gas,43937
PT2063509620,2008,Toyota,FJ Cruiser,"Base, Trail Teams Special Edition",4.0L V6 - Gas,43938
PT2063509620,2007,Toyota,FJ Cruiser,"Base, TRD Special Edition",4.0L V6 - Gas,43939
PT22848141,2019,Toyota,Highlander,"Hybrid LE, Hybrid Limited, Hybrid Limited Platinum, Hybrid XLE, LE, LE Plus, Limited, Limited Platinum, SE, XLE","2.7L L4 - Gas, 3.5L V6 - Electric/Gas, 3.5L V6 - FULL HYBRID EV-GAS (FHEV), 3.5L V6 - Gas",43949
PT29A0220010,2021,Toyota,Corolla,"Hybrid LE, L, LE, SE, SE Apex, SE Nightshade, XLE, XSE, XSE Apex","1.8L L4 - Electric/Gas, 1.8L L4 - FULL HYBRID EV-GAS (FHEV), 1.8L L4 - Gas, 2.0L L4 - Gas",40537
PT29A0220010,2020,Toyota,Corolla,"Hybrid LE, L, LE, SE, SE Nightshade, XLE, XSE","1.8L L4 - Electric/Gas, 1.8L L4 - FULL HYBRID EV-GAS (FHEV), 1.8L L4 - Gas, 2.0L L4 - Gas",40538
PT27842151,2018,Toyota,RAV4,"Adventure, Hybrid Limited, Hybrid SE, Hybrid XLE, LE, Limited, Platinum, SE, XLE","2.5L L4 - Electric/Gas, 2.5L L4 - FULL HYBRID EV-GAS (FHEV), 2.5L L4 - Gas",40510
PT27842151,2017,Toyota,RAV4,"Hybrid Limited, Hybrid SE, Hybrid XLE, LE, Limited, Platinum, SE, XLE","2.5L L4 - Electric/Gas, 2.5L L4 - FULL HYBRID EV-GAS (FHEV), 2.5L L4 - Gas",40511
PT27842151,2016,Toyota,RAV4,"Hybrid Limited, Hybrid XLE, LE, Limited, SE, XLE","2.5L L4 - Electric/Gas, 2.5L L4 - FULL HYBRID EV-GAS (FHEV), 2.5L L4 - Gas",40512
PT27842151,2015,Toyota,RAV4,"LE, Limited, XLE",2.5L L4 - Gas,47539
PT27842151,2014,Toyota,RAV4,"EV, LE, Limited, XLE","2.5L L4 - Gas, Electric",40517
PT27842151,2013,Toyota,RAV4,"EV, LE, Limited, XLE","2.5L L4 - Gas, Electric",40518
PT29A0220001,2025,Toyota,Corolla,"Nightshade, SE, XSE",2.0L L4 - Gas,40527
PT29A0220001,2024,Toyota,Corolla,"Hybrid LE, Hybrid Nightshade, Hybrid SE, Hybrid XLE, LE, Nightshade, SE, XSE","1.8L L4 - Electric/Gas, 2.0L L4 - Gas",40528
PT29A0220001,2023,Toyota,Corolla,"Hybrid LE, Hybrid SE, Hybrid XLE, LE, SE, XSE","1.8L L4 - Electric/Gas, 1.8L L4 - FULL HYBRID EV-GAS (FHEV), 2.0L L4 - Gas",40529
PT29A0220001,2022,Toyota,Corolla,"Hybrid LE, L, LE, SE, SE Apex, SE Nightshade, XLE, XSE, XSE Apex","1.8L L4 - Electric/Gas, 1.8L L4 - FULL HYBRID EV-GAS (FHEV), 1.8L L4 - Gas, 2.0L L4 - Gas",40530
PT29A0220001,2021,Toyota,Corolla,"Hybrid LE, L, LE, SE, SE Apex, SE Nightshade, XLE, XSE, XSE Apex","1.8L L4 - Electric/Gas, 1.8L L4 - FULL HYBRID EV-GAS (FHEV), 1.8L L4 - Gas, 2.0L L4 - Gas",40531
PT29A0220001,2020,Toyota,Corolla,"Hybrid LE, L, LE, SE, SE Nightshade, XLE, XSE","1.8L L4 - Electric/Gas, 1.8L L4 - FULL HYBRID EV-GAS (FHEV), 1.8L L4 - Gas, 2.0L L4 - Gas",40532
PT29A0220018,2024,Toyota,Corolla,"Hybrid LE, Hybrid Nightshade, Hybrid SE, Hybrid XLE, LE, Nightshade, SE, XSE","1.8L L4 - Electric/Gas, 2.0L L4 - Gas",40546
PT29A0220018,2025,Toyota,Corolla,"Nightshade, SE, XSE",2.0L L4 - Gas,40545
PT29A0220018,2023,Toyota,Corolla,"Hybrid LE, Hybrid SE, Hybrid XLE, LE, SE, XSE","1.8L L4 - Electric/Gas, 1.8L L4 - FULL HYBRID EV-GAS (FHEV), 2.0L L4 - Gas",40547
PT29A0220018,2021,Toyota,Corolla,"Hybrid LE, L, LE, SE, SE Apex, SE Nightshade, XLE, XSE, XSE Apex","1.8L L4 - Electric/Gas, 1.8L L4 - FULL HYBRID EV-GAS (FHEV), 1.8L L4 - Gas, 2.0L L4 - Gas",40548
PT29A0220018,2020,Toyota,Corolla,"Hybrid LE, L, LE, SE, SE Nightshade, XLE, XSE","1.8L L4 - Electric/Gas, 1.8L L4 - FULL HYBRID EV-GAS (FHEV), 1.8L L4 - Gas, 2.0L L4 - Gas",40549
PT29A0220032,2025,Toyota,Corolla,"Nightshade, SE, XSE",2.0L L4 - Gas,40553
PT29A0220032,2024,Toyota,Corolla,"Hybrid LE, Hybrid Nightshade, Hybrid SE, Hybrid XLE, LE, Nightshade, SE, XSE","1.8L L4 - Electric/Gas, 2.0L L4 - Gas",40554
PT29A3524000,2024,Toyota,Tacoma,"Limited, SR, SR5, TRD Off-Road, TRD PreRunner, TRD Sport","2.4L L4 - Electric/Gas, 2.4L L4 - Gas",40575
PT29A3524001,2024,Toyota,Tacoma,"Limited, SR, SR5, TRD Off-Road, TRD PreRunner, TRD Sport","2.4L L4 - Electric/Gas, 2.4L L4 - Gas",40576
PT2065216002,2015,Toyota,Prius,"Five, Four, One, Persona Series, Three, Two","1.8L L4 - Electric/Gas, 1.8L L4 - FULL HYBRID EV-GAS (FHEV)",43943
PT2065216002,2014,Toyota,Prius,"Five, Four, Three, Two","1.8L L4 - Electric/Gas, 1.8L L4 - FULL HYBRID EV-GAS (FHEV)",43944
PT2065216002,2013,Toyota,Prius,"Five, Four, Three, Two","1.8L L4 - Electric/Gas, 1.8L L4 - FULL HYBRID EV-GAS (FHEV)",43945
PT2065216002,2019,Toyota,Prius C,"L, LE","1.5L L4 - Electric/Gas, 1.5L L4 - FULL HYBRID EV-GAS (FHEV)",43940
PT2065216002,2018,Toyota,Prius C,"Four, One, Three, Two","1.5L L4 - Electric/Gas, 1.5L L4 - FULL HYBRID EV-GAS (FHEV)",43941
PT2065216002,2017,Toyota,Prius C,"Four, One, Three, Two","1.5L L4 - Electric/Gas, 1.5L L4 - FULL HYBRID EV-GAS (FHEV)",43942
PT2065216002,2012,Toyota,Prius,"Five, Four, Three, Two","1.8L L4 - Electric/Gas, 1.8L L4 - FULL HYBRID EV-GAS (FHEV)",43946
PT9080325002,2025,Toyota,Camry,"LE, SE, XLE, XSE",2.5L L4 - Electric/Gas,39460
PT94908231,2025,Toyota,Sienna,"LE, Limited, Platinum, Woodland Edition, XLE, XSE",2.5L L4 - Electric/Gas,44515
PT94908231,2024,Toyota,Camry,"Hybrid LE, Hybrid SE, Hybrid SE Nightshade, Hybrid XLE, Hybrid XSE, LE, SE, SE Nightshade, TRD, XLE, XSE","2.5L L4 - Electric/Gas, 2.5L L4 - Gas, 3.5L V6 - Gas",44516
PT94908231,2024,Toyota,Prius,"LE, Limited, XLE",2.0L L4 - Electric/Gas,44517
PT94908231,2024,Toyota,Prius Prime,"SE, XSE, XSE Premium",2.0L L4 - Electric/Gas,44518
PT94908231,2024,Toyota,Sienna,"LE, Limited, Platinum, Woodland Edition, XLE, XSE",2.5L L4 - Electric/Gas,44519
PT94908231,2024,Toyota,bZ4X,"Limited, XLE",Electric,44520
PT94908231,2023,Toyota,Camry,"Hybrid LE, Hybrid SE, Hybrid SE Nightshade, Hybrid XLE, Hybrid XSE, LE, SE, SE Nightshade, TRD, XLE, XSE","2.5L L4 - Electric/Gas, 2.5L L4 - FULL HYBRID EV-GAS (FHEV), 2.5L L4 - Gas, 3.5L V6 - Gas",44521
PT94908231,2023,Toyota,Highlander,"Hybrid Bronze Edition, Hybrid LE, Hybrid Limited, Hybrid Platinum, Hybrid XLE, L, LE, Limited, Platinum, XLE, XSE","2.4L L4 - Gas, 2.5L L4 - Electric/Gas, 2.5L L4 - FULL HYBRID EV-GAS (FHEV)",44522
PT94908231,2023,Toyota,RAV4,"Adventure, Hybrid LE, Hybrid Limited, Hybrid SE, Hybrid Woodland Edition, Hybrid XLE, Hybrid XLE Premium, Hybrid XSE, LE, Limited, TRD Off-Road, XLE, XLE Premium","2.5L L4 - Electric/Gas, 2.5L L4 - FULL HYBRID EV-GAS (FHEV), 2.5L L4 - Gas",44536
PT94908231,2023,Toyota,Sienna,"25th Anniversary Edition, LE, Limited, Platinum, Woodland Edition, XLE, XSE","2.5L L4 - Electric/Gas, 2.5L L4 - FULL HYBRID EV-GAS (FHEV)",44537
PT94908231,2023,Toyota,Tacoma,"Limited, SR, SR5, TRD Off-Road, TRD Pro, TRD Sport, Trail Special Edition","2.7L L4 - Gas, 3.5L V6 - Gas",44538
PT94908231,2022,Toyota,Camry,"Hybrid LE, Hybrid SE, Hybrid SE Nightshade, Hybrid XLE, Hybrid XSE, LE, SE, SE Nightshade, TRD, XLE, XSE","2.5L L4 - Electric/Gas, 2.5L L4 - FULL HYBRID EV-GAS (FHEV), 2.5L L4 - Gas, 3.5L V6 - Gas",44539
PT94908231,2022,Toyota,Highlander,"Hybrid Bronze Edition, Hybrid LE, Hybrid Limited, Hybrid Platinum, Hybrid XLE, L, LE, Limited, Platinum, XLE, XSE","2.5L L4 - Electric/Gas, 2.5L L4 - FULL HYBRID EV-GAS (FHEV), 3.5L V6 - Gas",44540
PT29A4820110,2023,Toyota,Highlander,"Hybrid Bronze Edition, Hybrid LE, Hybrid Limited, Hybrid Platinum, Hybrid XLE, L, LE, Limited, Platinum, XLE, XSE","2.4L L4 - Gas, 2.5L L4 - Electric/Gas, 2.5L L4 - FULL HYBRID EV-GAS (FHEV)",40595
PT29A4820110,2022,Toyota,Highlander,"Hybrid Bronze Edition, Hybrid LE, Hybrid Limited, Hybrid Platinum, Hybrid XLE, L, LE, Limited, Platinum, XLE, XSE","2.5L L4 - Electric/Gas, 2.5L L4 - FULL HYBRID EV-GAS (FHEV), 3.5L V6 - Gas",40596
PT29A4820110,2021,Toyota,Highlander,"Hybrid LE, Hybrid Limited, Hybrid Platinum, Hybrid XLE, L, LE, Limited, Platinum, XLE, XSE","2.5L L4 - Electric/Gas, 2.5L L4 - FULL HYBRID EV-GAS (FHEV), 3.5L V6 - Gas",40597
PT29A4820110,2020,Toyota,Highlander,"Hybrid LE, Hybrid Limited, Hybrid Platinum, Hybrid XLE, L, LE, Limited, Platinum, XLE","2.5L L4 - Electric/Gas, 2.5L L4 - FULL HYBRID EV-GAS (FHEV), 3.5L V6 - Gas",40598
PU06048214P1,2016,Toyota,Highlander,"Hybrid Limited, LE, LE Plus, Limited, XLE","2.7L L4 - Gas, 3.5L V6 - Electric/Gas, 3.5L V6 - FULL HYBRID EV-GAS (FHEV), 3.5L V6 - Gas",39532
PU06048214P1,2017,Toyota,Highlander,"Hybrid LE, Hybrid Limited, Hybrid XLE, LE, LE Plus, Limited, SE, XLE","2.7L L4 - Gas, 3.5L V6 - Electric/Gas, 3.5L V6 - FULL HYBRID EV-GAS (FHEV), 3.5L V6 - Gas",39533
PU06048214P1,2018,Toyota,Highlander,"Hybrid LE, Hybrid Limited, Hybrid XLE, LE, LE Plus, Limited, SE, XLE","2.7L L4 - Gas, 3.5L V6 - Electric/Gas, 3.5L V6 - FULL HYBRID EV-GAS (FHEV), 3.5L V6 - Gas",39534
PU06048214P1,2014,Toyota,Highlander,"Hybrid Limited, LE, LE Plus, Limited, XLE","2.7L L4 - Gas, 3.5L V6 - Electric/Gas, 3.5L V6 - FULL HYBRID EV-GAS (FHEV), 3.5L V6 - Gas",39530
PU06048214P1,2015,Toyota,Highlander,"Hybrid Limited, LE, LE Plus, Limited, XLE","2.7L L4 - Gas, 3.5L V6 - Electric/Gas, 3.5L V6 - FULL HYBRID EV-GAS (FHEV), 3.5L V6 - Gas",39531
PU06048214P1,2019,Toyota,Highlander,"Hybrid LE, Hybrid Limited, Hybrid Limited Platinum, Hybrid XLE, LE, LE Plus, Limited, Limited Platinum, SE, XLE","2.7L L4 - Gas, 3.5L V6 - Electric/Gas, 3.5L V6 - FULL HYBRID EV-GAS (FHEV), 3.5L V6 - Gas",39535
PT29A4820119,2020,Toyota,Highlander,"Hybrid LE, Hybrid Limited, Hybrid Platinum, Hybrid XLE, L, LE, Limited, Platinum, XLE","2.5L L4 - Electric/Gas, 2.5L L4 - FULL HYBRID EV-GAS (FHEV), 3.5L V6 - Gas",40618
PT29A4820119,2023,Toyota,Highlander,"Hybrid Bronze Edition, Hybrid LE, Hybrid Limited, Hybrid Platinum, Hybrid XLE, L, LE, Limited, Platinum, XLE, XSE","2.4L L4 - Gas, 2.5L L4 - Electric/Gas, 2.5L L4 - FULL HYBRID EV-GAS (FHEV)",40615
PT29A4820119,2022,Toyota,Highlander,"Hybrid Bronze Edition, Hybrid LE, Hybrid Limited, Hybrid Platinum, Hybrid XLE, L, LE, Limited, Platinum, XLE, XSE","2.5L L4 - Electric/Gas, 2.5L L4 - FULL HYBRID EV-GAS (FHEV), 3.5L V6 - Gas",40616
PT29A4820119,2021,Toyota,Highlander,"Hybrid LE, Hybrid Limited, Hybrid Platinum, Hybrid XLE, L, LE, Limited, Platinum, XLE, XSE","2.5L L4 - Electric/Gas, 2.5L L4 - FULL HYBRID EV-GAS (FHEV), 3.5L V6 - Gas",40617
PT9483524111,2024,Toyota,Tacoma,"Limited, SR, SR5, TRD Off-Road, TRD PreRunner, TRD Pro, TRD Sport, Trailhunter","2.4L L4 - Electric/Gas, 2.4L L4 - Gas",44514
0027600900,2020,Toyota,Sienna,"L, LE, Limited, Limited Premium, SE, SE Premium, XLE, XLE Premium",3.5L V6 - Gas,967680
0027600900,2020,Toyota,Tacoma,"Limited, SR, SR5, TRD Off-Road, TRD Pro, TRD Sport","2.7L L4 - Gas, 3.5L V6 - Gas",967681
0027600900,2019,Toyota,RAV4,"Adventure, Hybrid LE, Hybrid Limited, Hybrid XLE, Hybrid XSE, LE, Limited, XLE, XLE Premium","2.5L L4 - Electric/Gas, 2.5L L4 - FULL HYBRID EV-GAS (FHEV), 2.5L L4 - Gas",967690
0027600900,2019,Toyota,Sienna,"L, LE, Limited, Limited Premium, SE, SE Premium, XLE, XLE Premium",3.5L V6 - Gas,967691
0027600900,2019,Toyota,Tacoma,"Limited, SR, SR5, TRD Off-Road, TRD Pro, TRD Sport","2.7L L4 - Gas, 3.5L V6 - Gas",967692
0027600900,2018,Toyota,Avalon,"Hybrid Limited, Hybrid XLE Plus, Hybrid XLE Premium, Limited, Touring, XLE, XLE Plus, XLE Premium","2.5L L4 - Electric/Gas, 2.5L L4 - FULL HYBRID EV-GAS (FHEV), 3.5L V6 - Gas",967693
0027600900,2018,Toyota,C-HR,"XLE, XLE Premium",2.0L L4 - Gas,967694
0027600900,2018,Toyota,Camry,"Hybrid LE, Hybrid SE, Hybrid XLE, L, LE, SE, XLE, XSE","2.5L L4 - Electric/Gas, 2.5L L4 - FULL HYBRID EV-GAS (FHEV), 2.5L L4 - Gas, 3.5L V6 - Gas",967695
0027600900,2018,Toyota,Corolla,"L, LE, LE Eco, SE, XLE, XSE",1.8L L4 - Gas,967696
0027600900,2018,Toyota,Corolla iM,Base,1.8L L4 - Gas,967697
0027600900,2018,Toyota,Highlander,"Hybrid LE, Hybrid Limited, Hybrid XLE, LE, LE Plus, Limited, SE, XLE","2.7L L4 - Gas, 3.5L V6 - Electric/Gas, 3.5L V6 - FULL HYBRID EV-GAS (FHEV), 3.5L V6 - Gas",967698
0027600900,2017,Toyota,Avalon,"Hybrid Limited, Hybrid XLE Plus, Hybrid XLE Premium, Limited, Touring, XLE, XLE Plus, XLE Premium","2.5L L4 - Electric/Gas, 2.5L L4 - FULL HYBRID EV-GAS (FHEV), 3.5L V6 - Gas",967706
0027600900,2017,Toyota,Camry,"Hybrid LE, Hybrid SE, Hybrid XLE, LE, SE, XLE, XSE","2.5L L4 - Electric/Gas, 2.5L L4 - FULL HYBRID EV-GAS (FHEV), 2.5L L4 - Gas, 3.5L V6 - Gas",967707
0027600900,2017,Toyota,Corolla,"50th Anniversary Special Edition, L, LE, LE Eco, SE, XLE, XSE",1.8L L4 - Gas,967708
0027600900,2017,Toyota,Corolla iM,Base,1.8L L4 - Gas,967709
0027600900,2017,Toyota,Highlander,"Hybrid LE, Hybrid Limited, Hybrid XLE, LE, LE Plus, Limited, SE, XLE","2.7L L4 - Gas, 3.5L V6 - Electric/Gas, 3.5L V6 - FULL HYBRID EV-GAS (FHEV), 3.5L V6 - Gas",967710
0027600900,2017,Toyota,Mirai,Base,"Electric/Hydrogen, FUEL CELL EV (FCEV), Fuel Cell EV",967711
0027600900,2017,Toyota,Prius,"Four, Four Touring, One, Three, Three Touring, Two, Two Eco","1.8L L4 - Electric/Gas, 1.8L L4 - FULL HYBRID EV-GAS (FHEV)",967712
0027600900,2017,Toyota,Prius C,"Four, One, Three, Two","1.5L L4 - Electric/Gas, 1.5L L4 - FULL HYBRID EV-GAS (FHEV)",967713
0027600900,2017,Toyota,Prius Prime,"Advanced, Plus, Premium","1.8L L4 - Electric/Gas, 1.8L L4 - PLUG-IN HYBRID EV-GAS (PH",967714
0027600900,2015,Toyota,Avalon,"Hybrid Limited, Hybrid XLE Premium, Hybrid XLE Touring, Limited, XLE, XLE Premium, XLE Touring, XLE Touring SE","2.5L L4 - Electric/Gas, 2.5L L4 - FULL HYBRID EV-GAS (FHEV), 3.5L V6 - Gas",967730
0027600900,2015,Toyota,Corolla,"L, LE, LE Eco, S",1.8L L4 - Gas,967732
0027600900,2015,Toyota,Highlander,"Hybrid Limited, LE, LE Plus, Limited, XLE","2.7L L4 - Gas, 3.5L V6 - Electric/Gas, 3.5L V6 - FULL HYBRID EV-GAS (FHEV), 3.5L V6 - Gas",967733
0027600900,2014,Toyota,Prius,"Five, Four, Three, Two","1.8L L4 - Electric/Gas, 1.8L L4 - FULL HYBRID EV-GAS (FHEV)",967744
0027600900,2014,Toyota,RAV4,"EV, LE, Limited, XLE","2.5L L4 - Gas, Electric",967745
0027600900,2014,Toyota,Sienna,"L, LE, Limited, SE, XLE",3.5L V6 - Gas,967746
0027600900,2014,Toyota,Tacoma,"Base, Pre Runner","2.7L L4 - Gas, 4.0L V6 - Gas",967747
0027600900,2014,Toyota,Venza,"LE, Limited, XLE","2.7L L4 - Gas, 3.5L V6 - Gas",967748
0027600900,2014,Toyota,Yaris,"L, LE, SE",1.5L L4 - Gas,967749
0027600900,2013,Toyota,Avalon,"Hybrid Limited, Hybrid XLE, Limited, XLE, XLE Premium, XLE Touring","2.5L L4 - Electric/Gas, 2.5L L4 - FULL HYBRID EV-GAS (FHEV), 3.5L V6 - Gas",967750
0027600900,2013,Toyota,Camry,"Hybrid LE, Hybrid XLE, L, LE, SE, XLE","2.5L L4 - Electric/Gas, 2.5L L4 - FULL HYBRID EV-GAS (FHEV), 2.5L L4 - Gas, 3.5L V6 - Gas",967751
0027600900,2013,Toyota,Highlander,"Base, Hybrid, Hybrid Limited, Limited, Plus, SE","2.7L L4 - Gas, 3.5L V6 - Electric/Gas, 3.5L V6 - FULL HYBRID EV-GAS (FHEV), 3.5L V6 - Gas",967752
0027600900,2011,Toyota,RAV4,"Base, Limited, Sport","2.5L L4 - Gas, 3.5L V6 - Gas",967771
0027600900,2011,Toyota,Sienna,"Base, LE, Limited, SE, XLE","2.7L L4 - Gas, 3.5L V6 - Gas",967772
0027600900,2011,Toyota,Tacoma,"Base, Pre Runner, X-Runner","2.7L L4 - Gas, 4.0L V6 - Gas",967773
0027600900,2011,Toyota,Venza,Base,"2.7L L4 - Gas, 3.5L V6 - Gas",967774
0027600900,2010,Toyota,Avalon,"Limited, XL, XLS",3.5L V6 - Gas,967775
0027600900,2010,Toyota,Camry,"Base, Hybrid, LE, SE, XLE","2.4L L4 - Electric/Gas, 2.4L L4 - FULL HYBRID EV-GAS (FHEV), 2.5L L4 - Gas, 3.5L V6 - Gas",967776
0027600900,2010,Toyota,Highlander,"Base, Hybrid, Hybrid Limited, Limited, SE, Sport","2.7L L4 - Gas, 3.3L V6 - Electric/Gas, 3.3L V6 - FULL HYBRID EV-GAS (FHEV), 3.5L V6 - Gas",967777
0027600900,2010,Toyota,Prius,Base,"1.8L L4 - Electric/Gas, 1.8L L4 - FULL HYBRID EV-GAS (FHEV)",967778
0027600900,2010,Toyota,RAV4,"Base, Limited, Sport","2.5L L4 - Gas, 3.5L V6 - Gas",967779
0027600900,2010,Toyota,Sienna,"CE, LE, XLE",3.5L V6 - Gas,967780
0027600900,2010,Toyota,Tacoma,"Base, Pre Runner, X-Runner","2.7L L4 - Gas, 4.0L V6 - Gas",967781
0027600900,2010,Toyota,Venza,Base,"2.7L L4 - Gas, 3.5L V6 - Gas",967782
0027600900,2009,Toyota,Avalon,"Limited, XL, XLS",3.5L V6 - Gas,967783
0027600900,2009,Toyota,Camry,"Base, Hybrid, LE, SE, XLE","2.4L L4 - Electric/Gas, 2.4L L4 - FULL HYBRID EV-GAS (FHEV), 2.4L L4 - Gas, 3.5L V6 - Gas",967784
0027600900,2009,Toyota,Highlander,"Base, Hybrid, Hybrid Limited, Limited, Sport","2.7L L4 - Gas, 3.3L V6 - Electric/Gas, 3.3L V6 - FULL HYBRID EV-GAS (FHEV), 3.5L V6 - Gas",967785
0027600900,2009,Toyota,Prius,"Base, Touring","1.5L L4 - Electric/Gas, 1.5L L4 - FULL HYBRID EV-GAS (FHEV)",967786
0027600900,2009,Toyota,RAV4,"Base, Limited, Sport","2.5L L4 - Gas, 3.5L V6 - Gas",967787
0027600900,2009,Toyota,Sienna,"CE, LE, XLE",3.5L V6 - Gas,967788
0027600900,2009,Toyota,Tacoma,"Base, Pre Runner, X-Runner","2.7L L4 - Gas, 4.0L V6 - Gas",967789
0027600900,2006,Toyota,Avalon,"Limited, Touring, XL, XLS",3.5L V6 - Gas,967806
0027600900,2006,Toyota,Camry,"Base, LE, SE, XLE","2.4L L4 - Gas, 3.0L V6 - Gas, 3.3L V6 - Gas",967807
0027600900,2006,Toyota,Corolla,"CE, LE, S, XRS",1.8L L4 - Gas,967808
0027600900,2006,Toyota,Highlander,"Base, Hybrid, Hybrid Limited, Limited, Sport","2.4L L4 - Gas, 3.3L V6 - Electric/Gas, 3.3L V6 - FULL HYBRID EV-GAS (FHEV), 3.3L V6 - Gas",967809
0027600900,2006,Toyota,Prius,Base,"1.5L L4 - Electric/Gas, 1.5L L4 - FULL HYBRID EV-GAS (FHEV)",967810
0027600900,2006,Toyota,Sienna,"CE, LE, Limited, XLE",3.3L V6 - Gas,967811
0027600900,2006,Toyota,Solara,"SE, SE Sport, SLE","2.4L L4 - Gas, 3.3L V6 - Gas",967812
0027600900,2013,Toyota,RAV4,"EV, LE, Limited, XLE","2.5L L4 - Gas, Electric",967754
0027600900,2013,Toyota,Sienna,"Base, L, LE, Limited, SE, XLE",3.5L V6 - Gas,967755
0027600900,2013,Toyota,Tacoma,"Base, Pre Runner, X-Runner","2.7L L4 - Gas, 4.0L V6 - Gas",967756
0027600900,2013,Toyota,Venza,"LE, Limited, XLE","2.7L L4 - Gas, 3.5L V6 - Gas",967757
0027600900,2013,Toyota,Yaris,"L, LE, SE",1.5L L4 - Gas,967758
0027600900,2012,Toyota,Avalon,"Base, Limited",3.5L V6 - Gas,967759
0027600900,2012,Toyota,Camry,"Hybrid LE, Hybrid XLE, L, LE, SE, XLE","2.5L L4 - Electric/Gas, 2.5L L4 - FULL HYBRID EV-GAS (FHEV), 2.5L L4 - Gas, 3.5L V6 - Gas",967760
0027600900,2012,Toyota,Highlander,"Base, Hybrid, Hybrid Limited, Limited, SE","2.7L L4 - Gas, 3.5L V6 - Electric/Gas, 3.5L V6 - FULL HYBRID EV-GAS (FHEV), 3.5L V6 - Gas",967761
0027600900,2025,Toyota,Sienna,"LE, Limited, Platinum, Woodland Edition, XLE, XSE",2.5L L4 - Electric/Gas,967654
0027600900,2024,Toyota,Camry,"Hybrid LE, Hybrid SE, Hybrid SE Nightshade, Hybrid XLE, Hybrid XSE, LE, SE, SE Nightshade, TRD, XLE, XSE","2.5L L4 - Electric/Gas, 2.5L L4 - Gas, 3.5L V6 - Gas",967655
0027600900,2024,Toyota,Highlander,"Hybrid Bronze Edition, Hybrid LE, Hybrid LE Nightshade, Hybrid Limited, Hybrid Platinum, Hybrid XLE, Hybrid XLE Nightshade, LE, Limited, Platinum, XLE, XSE","2.4L L4 - Gas, 2.5L L4 - Electric/Gas",967656
0027600900,2024,Toyota,RAV4 Prime,"SE, XSE",2.5L L4 - Electric/Gas,967657
0027600900,2012,Toyota,Prius,"Five, Four, Three, Two","1.8L L4 - Electric/Gas, 1.8L L4 - FULL HYBRID EV-GAS (FHEV)",967762
0027600900,2012,Toyota,RAV4,"Base, EV, Limited, Sport","2.5L L4 - Gas, 3.5L V6 - Gas, Electric",967763
0027600900,2012,Toyota,Sienna,"Base, LE, Limited, SE, XLE","2.7L L4 - Gas, 3.5L V6 - Gas",967764
0027600900,2012,Toyota,Tacoma,"Base, Pre Runner, X-Runner","2.7L L4 - Gas, 4.0L V6 - Gas",967765
0027600900,2012,Toyota,Venza,"LE, Limited, XLE","2.7L L4 - Gas, 3.5L V6 - Gas",967766
0027600900,2011,Toyota,Avalon,"Base, Limited, XLS",3.5L V6 - Gas,967767
0027600900,2011,Toyota,Camry,"Base, Hybrid, LE, SE, XLE","2.4L L4 - Electric/Gas, 2.4L L4 - FULL HYBRID EV-GAS (FHEV), 2.5L L4 - Gas, 3.5L V6 - Gas",967768
0027600900,2011,Toyota,Highlander,"Base, Hybrid, Hybrid Limited, Limited, SE","2.7L L4 - Gas, 3.5L V6 - Electric/Gas, 3.5L V6 - FULL HYBRID EV-GAS (FHEV), 3.5L V6 - Gas",967769
0027600900,2011,Toyota,Prius,Base,"1.8L L4 - Electric/Gas, 1.8L L4 - FULL HYBRID EV-GAS (FHEV)",967770
0027600900,2024,Toyota,Sienna,"LE, Limited, Platinum, Woodland Edition, XLE, XSE",2.5L L4 - Electric/Gas,967658
0027600900,2024,Toyota,Venza,"LE, Limited, Nightshade, XLE",2.5L L4 - Electric/Gas,967659
0027600900,2022,Toyota,Tacoma,"Limited, SR, SR5, TRD Off-Road, TRD Pro, TRD Sport","2.7L L4 - Gas, 3.5L V6 - Gas",967660
0027600900,2021,Toyota,Avalon,"Hybrid Limited, Hybrid XLE, Hybrid XSE, Limited, Nightshade, TRD, Touring, XLE, XSE, XSE Nightshade","2.5L L4 - Electric/Gas, 2.5L L4 - FULL HYBRID EV-GAS (FHEV), 2.5L L4 - Gas, 3.5L V6 - Gas",967661
0027600900,2021,Toyota,C-HR,"LE, Limited, Nightshade, XLE",2.0L L4 - Gas,967662
0027600900,2021,Toyota,Camry,"Hybrid LE, Hybrid SE, Hybrid XLE, Hybrid XSE, LE, SE, SE Nightshade, TRD, XLE, XSE","2.5L L4 - Electric/Gas, 2.5L L4 - FULL HYBRID EV-GAS (FHEV), 2.5L L4 - Gas, 3.5L V6 - Gas",967663
0027600900,2021,Toyota,Corolla,"Hybrid LE, L, LE, SE, SE Apex, SE Nightshade, XLE, XSE, XSE Apex","1.8L L4 - Electric/Gas, 1.8L L4 - FULL HYBRID EV-GAS (FHEV), 1.8L L4 - Gas, 2.0L L4 - Gas",967664
0027600900,2021,Toyota,Highlander,"Hybrid LE, Hybrid Limited, Hybrid Platinum, Hybrid XLE, L, LE, Limited, Platinum, XLE, XSE","2.5L L4 - Electric/Gas, 2.5L L4 - FULL HYBRID EV-GAS (FHEV), 3.5L V6 - Gas",967665
0027600900,2021,Toyota,Prius,"2020 Edition, L Eco, LE, Limited, XLE","1.8L L4 - Electric/Gas, 1.8L L4 - FULL HYBRID EV-GAS (FHEV)",967666
0027600900,2021,Toyota,Prius Prime,"LE, Limited, XLE","1.8L L4 - Electric/Gas, 1.8L L4 - PLUG-IN HYBRID EV-GAS (PH",967667
0027600900,2021,Toyota,RAV4,"Adventure, Hybrid LE, Hybrid Limited, Hybrid XLE, Hybrid XLE Premium, Hybrid XSE, LE, Limited, TRD Off-Road, XLE, XLE Premium","2.5L L4 - Electric/Gas, 2.5L L4 - FULL HYBRID EV-GAS (FHEV), 2.5L L4 - Gas",967668
0027600900,2021,Toyota,Sienna,"LE, Limited, Platinum, XLE, XSE","2.5L L4 - Electric/Gas, 2.5L L4 - FULL HYBRID EV-GAS (FHEV)",967669
0027600900,2021,Toyota,Tacoma,"Limited, Nightshade, SR, SR5, TRD Off-Road, TRD Pro, TRD Sport, Trail","2.7L L4 - Gas, 3.5L V6 - Gas",967670
0027600900,2021,Toyota,Venza,"LE, Limited, XLE","2.5L L4 - Electric/Gas, 2.5L L4 - FULL HYBRID EV-GAS (FHEV)",967671
0027600900,2020,Toyota,Avalon,"Hybrid Limited, Hybrid XLE, Hybrid XSE, Limited, TRD, Touring, XLE, XSE","2.5L L4 - Electric/Gas, 2.5L L4 - FULL HYBRID EV-GAS (FHEV), 3.5L V6 - Gas",967672
0027600900,2020,Toyota,C-HR,"LE, Limited, XLE",2.0L L4 - Gas,967673
0027600900,2020,Toyota,Camry,"Hybrid LE, Hybrid SE, Hybrid XLE, L, LE, SE, SE Nightshade, TRD, XLE, XSE","2.5L L4 - Electric/Gas, 2.5L L4 - FULL HYBRID EV-GAS (FHEV), 2.5L L4 - Gas, 3.5L V6 - Gas",967674
0027600900,2020,Toyota,Corolla,"Hybrid LE, L, LE, SE, SE Nightshade, XLE, XSE","1.8L L4 - Electric/Gas, 1.8L L4 - FULL HYBRID EV-GAS (FHEV), 1.8L L4 - Gas, 2.0L L4 - Gas",967675
0027600900,2020,Toyota,Highlander,"Hybrid LE, Hybrid Limited, Hybrid Platinum, Hybrid XLE, L, LE, Limited, Platinum, XLE","2.5L L4 - Electric/Gas, 2.5L L4 - FULL HYBRID EV-GAS (FHEV), 3.5L V6 - Gas",967676
0027600900,2020,Toyota,Prius,"Base, L Eco, LE, Limited, XLE","1.8L L4 - Electric/Gas, 1.8L L4 - FULL HYBRID EV-GAS (FHEV)",967677
0027600900,2020,Toyota,Prius Prime,"LE, Limited, XLE","1.8L L4 - Electric/Gas, 1.8L L4 - PLUG-IN HYBRID EV-GAS (PH",967678
0027600900,2020,Toyota,RAV4,"Adventure, Hybrid LE, Hybrid Limited, Hybrid XLE, Hybrid XSE, LE, Limited, TRD Off-Road, XLE, XLE Premium","2.5L L4 - Electric/Gas, 2.5L L4 - FULL HYBRID EV-GAS (FHEV), 2.5L L4 - Gas",967679
0027600900,2019,Toyota,Avalon,"Hybrid Limited, Hybrid XLE, Hybrid XSE, Limited, Touring, XLE, XSE","2.5L L4 - Electric/Gas, 2.5L L4 - FULL HYBRID EV-GAS (FHEV), 3.5L V6 - Gas",967682
0027600900,2019,Toyota,C-HR,"LE, Limited, XLE",2.0L L4 - Gas,967683
0027600900,2019,Toyota,Camry,"Hybrid LE, Hybrid SE, Hybrid XLE, L, LE, SE, XLE, XSE","2.5L L4 - Electric/Gas, 2.5L L4 - FULL HYBRID EV-GAS (FHEV), 2.5L L4 - Gas, 3.5L V6 - Gas",967684
0027600900,2019,Toyota,Corolla,"L, LE, LE Eco, SE, XLE, XSE","1.8L L4 - Gas, 2.0L L4 - Gas",967685
0027600900,2019,Toyota,Highlander,"Hybrid LE, Hybrid Limited, Hybrid Limited Platinum, Hybrid XLE, LE, LE Plus, Limited, Limited Platinum, SE, XLE","2.7L L4 - Gas, 3.5L V6 - Electric/Gas, 3.5L V6 - FULL HYBRID EV-GAS (FHEV), 3.5L V6 - Gas",967686
0027600900,2019,Toyota,Prius,"L Eco, LE, Limited, XLE","1.8L L4 - Electric/Gas, 1.8L L4 - FULL HYBRID EV-GAS (FHEV)",967687
0027600900,2019,Toyota,Prius C,"L, LE","1.5L L4 - Electric/Gas, 1.5L L4 - FULL HYBRID EV-GAS (FHEV)",967688
0027600900,2019,Toyota,Prius Prime,"Advanced, Plus, Premium","1.8L L4 - Electric/Gas, 1.8L L4 - PLUG-IN HYBRID EV-GAS (PH",967689
0027600900,2018,Toyota,Prius,"Four, Four Touring, One, Three, Three Touring, Two, Two Eco","1.8L L4 - Electric/Gas, 1.8L L4 - FULL HYBRID EV-GAS (FHEV)",967699
0027600900,2018,Toyota,Prius C,"Four, One, Three, Two","1.5L L4 - Electric/Gas, 1.5L L4 - FULL HYBRID EV-GAS (FHEV)",967700
0027600900,2018,Toyota,Prius Prime,"Advanced, Plus, Premium","1.8L L4 - Electric/Gas, 1.8L L4 - PLUG-IN HYBRID EV-GAS (PH",967701
0027600900,2018,Toyota,RAV4,"Adventure, Hybrid Limited, Hybrid SE, Hybrid XLE, LE, Limited, Platinum, SE, XLE","2.5L L4 - Electric/Gas, 2.5L L4 - FULL HYBRID EV-GAS (FHEV), 2.5L L4 - Gas",967702
0027600900,2018,Toyota,Sienna,"L, LE, Limited, Limited Premium, SE, SE Premium, XLE, XLE Premium",3.5L V6 - Gas,967703
0027600900,2018,Toyota,Tacoma,"Limited, SR, SR5, TRD Off-Road, TRD Pro, TRD Sport","2.7L L4 - Gas, 3.5L V6 - Gas",967704
0027600900,2018,Toyota,Yaris,"L, LE, SE",1.5L L4 - Gas,967705
0027600900,2017,Toyota,Prius V,"Five, Four, Three, Two","1.8L L4 - Electric/Gas, 1.8L L4 - FULL HYBRID EV-GAS (FHEV)",967715
0027600900,2017,Toyota,RAV4,"Hybrid Limited, Hybrid SE, Hybrid XLE, LE, Limited, Platinum, SE, XLE","2.5L L4 - Electric/Gas, 2.5L L4 - FULL HYBRID EV-GAS (FHEV), 2.5L L4 - Gas",967716
0027600900,2017,Toyota,Sienna,"L, LE, Limited, SE, XLE",3.5L V6 - Gas,967717
0027600900,2017,Toyota,Yaris,"L, LE, SE",1.5L L4 - Gas,967718
0027600900,2016,Toyota,Avalon,"Hybrid Limited, Hybrid XLE Plus, Hybrid XLE Premium, Limited, Touring, XLE, XLE Plus, XLE Premium","2.5L L4 - Electric/Gas, 2.5L L4 - FULL HYBRID EV-GAS (FHEV), 3.5L V6 - Gas",967719
0027600900,2016,Toyota,Camry,"Hybrid LE, Hybrid SE, Hybrid XLE, LE, SE, Special Edition, XLE, XSE","2.5L L4 - Electric/Gas, 2.5L L4 - FULL HYBRID EV-GAS (FHEV), 2.5L L4 - Gas, 3.5L V6 - Gas",967720
0027600900,2016,Toyota,Corolla,"L, LE, LE Eco, S, Special Edition",1.8L L4 - Gas,967721
0027600900,2016,Toyota,Highlander,"Hybrid Limited, LE, LE Plus, Limited, XLE","2.7L L4 - Gas, 3.5L V6 - Electric/Gas, 3.5L V6 - FULL HYBRID EV-GAS (FHEV), 3.5L V6 - Gas",967722
0027600900,2016,Toyota,Mirai,Base,"Electric/Hydrogen, FUEL CELL EV (FCEV), Fuel Cell EV",967723
0027600900,2016,Toyota,Prius,"Four, Four Touring, Three, Three Touring, Two, Two Eco","1.8L L4 - Electric/Gas, 1.8L L4 - FULL HYBRID EV-GAS (FHEV)",967724
0027600900,2016,Toyota,Prius V,"Five, Four, Three, Two","1.8L L4 - Electric/Gas, 1.8L L4 - FULL HYBRID EV-GAS (FHEV)",967725
0027600900,2016,Toyota,RAV4,"Hybrid Limited, Hybrid XLE, LE, Limited, SE, XLE","2.5L L4 - Electric/Gas, 2.5L L4 - FULL HYBRID EV-GAS (FHEV), 2.5L L4 - Gas",967726
0027600900,2016,Toyota,Sienna,"L, LE, Limited, SE, XLE",3.5L V6 - Gas,967727
0027600900,2016,Toyota,Tacoma,"Limited, SR, SR5, TRD Off-Road, TRD Sport","2.7L L4 - Gas, 3.5L V6 - Gas",967728
0027600900,2016,Toyota,Yaris,"L, LE, SE",1.5L L4 - Gas,967729
0027600900,2015,Toyota,Camry,"Hybrid LE, Hybrid SE, Hybrid XLE, LE, SE, XLE, XSE","2.5L L4 - Electric/Gas, 2.5L L4 - FULL HYBRID EV-GAS (FHEV), 2.5L L4 - Gas, 3.5L V6 - Gas",967731
0027600900,2015,Toyota,Prius,"Five, Four, One, Persona Series, Three, Two","1.8L L4 - Electric/Gas, 1.8L L4 - FULL HYBRID EV-GAS (FHEV)",967734
0027600900,2015,Toyota,RAV4,"LE, Limited, XLE",2.5L L4 - Gas,967735
0027600900,2015,Toyota,Sienna,"L, LE, Limited, SE, XLE",3.5L V6 - Gas,967736
0027600900,2015,Toyota,Tacoma,"Base, Pre Runner, TRD Pro","2.7L L4 - Gas, 4.0L V6 - Gas",967737
0027600900,2015,Toyota,Venza,"LE, Limited, XLE","2.7L L4 - Gas, 3.5L V6 - Gas",967738
0027600900,2015,Toyota,Yaris,"L, LE, SE",1.5L L4 - Gas,967739
0027600900,2014,Toyota,Avalon,"Hybrid Limited, Hybrid XLE, Limited, XLE, XLE Premium, XLE Touring","2.5L L4 - Electric/Gas, 2.5L L4 - FULL HYBRID EV-GAS (FHEV), 3.5L V6 - Gas",967740
0027600900,2014,Toyota,Camry,"Hybrid LE, Hybrid SE, Hybrid XLE, L, LE, SE, SE Sport, XLE","2.5L L4 - Electric/Gas, 2.5L L4 - FULL HYBRID EV-GAS (FHEV), 2.5L L4 - Gas, 3.5L V6 - Gas",967741
0027600900,2014,Toyota,Corolla,"L, LE, LE Eco, Le Eco Plus, S",1.8L L4 - Gas,967742
PT22848141,2018,Toyota,Highlander,"Hybrid LE, Hybrid Limited, Hybrid XLE, LE, LE Plus, Limited, SE, XLE","2.7L L4 - Gas, 3.5L V6 - Electric/Gas, 3.5L V6 - FULL HYBRID EV-GAS (FHEV), 3.5L V6 - Gas",43950
PT22848141,2017,Toyota,Highlander,"Hybrid LE, Hybrid Limited, Hybrid XLE, LE, LE Plus, Limited, SE, XLE","2.7L L4 - Gas, 3.5L V6 - Electric/Gas, 3.5L V6 - FULL HYBRID EV-GAS (FHEV), 3.5L V6 - Gas",43951
PT22848141,2016,Toyota,Highlander,"Hybrid Limited, LE, LE Plus, Limited, XLE","2.7L L4 - Gas, 3.5L V6 - Electric/Gas, 3.5L V6 - FULL HYBRID EV-GAS (FHEV), 3.5L V6 - Gas",43952
PT22848141,2015,Toyota,Highlander,"Hybrid Limited, LE, LE Plus, Limited, XLE","2.7L L4 - Gas, 3.5L V6 - Electric/Gas, 3.5L V6 - FULL HYBRID EV-GAS (FHEV), 3.5L V6 - Gas",43953
PT22848141,2014,Toyota,Highlander,"Hybrid Limited, LE, LE Plus, Limited, XLE","2.7L L4 - Gas, 3.5L V6 - Electric/Gas, 3.5L V6 - FULL HYBRID EV-GAS (FHEV), 3.5L V6 - Gas",43954
PT9085212220,2014,Toyota,Yaris,"L, LE, SE",1.5L L4 - Gas,46174
PT9085212220,2013,Toyota,Yaris,"L, LE, SE",1.5L L4 - Gas,46175
PT9085212220,2012,Toyota,Yaris,"Base, L, LE, SE",1.5L L4 - Gas,46176
PT39235120,2023,Toyota,Tacoma,"Limited, SR, SR5, TRD Off-Road, TRD Pro, TRD Sport, Trail Special Edition","2.7L L4 - Gas, 3.5L V6 - Gas",40747
PT39235120,2022,Toyota,Tacoma,"Limited, SR, SR5, TRD Off-Road, TRD Pro, TRD Sport","2.7L L4 - Gas, 3.5L V6 - Gas",40748
PT39235120,2021,Toyota,Tacoma,"Limited, Nightshade, SR, SR5, TRD Off-Road, TRD Pro, TRD Sport, Trail","2.7L L4 - Gas, 3.5L V6 - Gas",40749
PT39235120,2020,Toyota,Tacoma,"Limited, SR, SR5, TRD Off-Road, TRD Pro, TRD Sport","2.7L L4 - Gas, 3.5L V6 - Gas",40750
PT39235120,2019,Toyota,Tacoma,"Limited, SR, SR5, TRD Off-Road, TRD Pro, TRD Sport","2.7L L4 - Gas, 3.5L V6 - Gas",40751
PT39235120,2018,Toyota,Tacoma,"Limited, SR, SR5, TRD Off-Road, TRD Pro, TRD Sport","2.7L L4 - Gas, 3.5L V6 - Gas",40752
PT39235120,2017,Toyota,Tacoma,"Limited, SR, SR5, TRD Off-Road, TRD Pro, TRD Sport","2.7L L4 - Gas, 3.5L V6 - Gas",40753
PT39235120,2016,Toyota,Tacoma,"Limited, SR, SR5, TRD Off-Road, TRD Sport","2.7L L4 - Gas, 3.5L V6 - Gas",40754
PT39235120,2015,Toyota,Tacoma,"Base, Pre Runner, TRD Pro","2.7L L4 - Gas, 4.0L V6 - Gas",40755
PT39235120,2014,Toyota,Tacoma,"Base, Pre Runner","2.7L L4 - Gas, 4.0L V6 - Gas",40756
PT39235120,2013,Toyota,Tacoma,"Base, Pre Runner, X-Runner","2.7L L4 - Gas, 4.0L V6 - Gas",40757
PT39235120,2012,Toyota,Tacoma,"Base, Pre Runner, X-Runner","2.7L L4 - Gas, 4.0L V6 - Gas",40758
PT41342190,2024,Toyota,4Runner,"Limited, SR5, SR5 Premium, TRD Off-Road, TRD Off-Road Premium, TRD Pro, TRD Sport",4.0L V6 - Gas,40790
0027600900,2014,Toyota,Highlander,"Hybrid Limited, LE, LE Plus, Limited, XLE","2.7L L4 - Gas, 3.5L V6 - Electric/Gas, 3.5L V6 - FULL HYBRID EV-GAS (FHEV), 3.5L V6 - Gas",967743
0027600900,2013,Toyota,Prius,"Five, Four, Three, Two","1.8L L4 - Electric/Gas, 1.8L L4 - FULL HYBRID EV-GAS (FHEV)",967753
0027600900,2009,Toyota,Venza,Base,"2.7L L4 - Gas, 3.5L V6 - Gas",967790
0027600900,2008,Toyota,Avalon,"Limited, Touring, XL, XLS",3.5L V6 - Gas,967791
0027600900,2008,Toyota,Camry,"CE, Hybrid, LE, SE, XLE","2.4L L4 - Electric/Gas, 2.4L L4 - FULL HYBRID EV-GAS (FHEV), 2.4L L4 - Gas, 3.5L V6 - Gas",967792
0027600900,2008,Toyota,Highlander,"Base, Hybrid, Hybrid Limited, Limited, Sport","3.3L V6 - Electric/Gas, 3.3L V6 - FULL HYBRID EV-GAS (FHEV), 3.5L V6 - Gas",967793
0027600900,2008,Toyota,Prius,"Base, Touring","1.5L L4 - Electric/Gas, 1.5L L4 - FULL HYBRID EV-GAS (FHEV)",967794
0027600900,2008,Toyota,Sienna,"CE, LE, Limited, XLE",3.5L V6 - Gas,967795
0027600900,2008,Toyota,Solara,"SE, SLE, Sport","2.4L L4 - Gas, 3.3L V6 - Gas",967796
0027600900,2008,Toyota,Tacoma,"Base, Pre Runner, X-Runner","2.7L L4 - Gas, 4.0L V6 - Gas",967797
0027600900,2007,Toyota,Avalon,"Limited, Touring, XL, XLS",3.5L V6 - Gas,967798
0027600900,2007,Toyota,Camry,"CE, Hybrid, LE, SE, XLE","2.4L L4 - Electric/Gas, 2.4L L4 - FULL HYBRID EV-GAS (FHEV), 2.4L L4 - Gas, 3.5L V6 - Gas",967799
0027600900,2007,Toyota,Corolla,"CE, LE, S",1.8L L4 - Gas,967800
0027600900,2007,Toyota,Highlander,"Base, Hybrid, Hybrid Limited, Limited, Sport","2.4L L4 - Gas, 3.3L V6 - Electric/Gas, 3.3L V6 - FULL HYBRID EV-GAS (FHEV), 3.3L V6 - Gas",967801
0027600900,2007,Toyota,Prius,"Base, Touring","1.5L L4 - Electric/Gas, 1.5L L4 - FULL HYBRID EV-GAS (FHEV)",967802
0027600900,2007,Toyota,Sienna,"CE, LE, Limited, XLE",3.5L V6 - Gas,967803
0027600900,2007,Toyota,Solara,"SE, SLE, Sport","2.4L L4 - Gas, 3.3L V6 - Gas",967804
0027600900,2007,Toyota,Tacoma,"Base, Pre Runner, X-Runner","2.7L L4 - Gas, 4.0L V6 - Gas",967805
0027600900,2006,Toyota,Tacoma,"Base, Pre Runner, X-Runner","2.7L L4 - Gas, 4.0L V6 - Gas",967813
0027600900,2005,Toyota,Avalon,"Limited, Touring, XL, XLS",3.5L V6 - Gas,967814
0027600900,2005,Toyota,Camry,"Base, LE, SE, XLE","2.4L L4 - Gas, 3.0L V6 - Gas, 3.3L V6 - Gas",967815
0027600900,2005,Toyota,Corolla,"CE, LE, S, XRS",1.8L L4 - Gas,967816
0027600900,2005,Toyota,Highlander,"Base, Limited","2.4L L4 - Gas, 3.3L V6 - Gas",967817
0027600900,2005,Toyota,Sienna,"CE, LE, XLE, XLE Limited",3.3L V6 - Gas,967818
0027600900,2005,Toyota,Solara,"SE, SLE","2.4L L4 - Gas, 3.3L V6 - Gas",967819
0027600900,2005,Toyota,Tacoma,"Base, Pre Runner, X-Runner","2.7L L4 - Gas, 4.0L V6 - Gas",967820
0027600900,2004,Toyota,Camry,"LE, SE, XLE","2.4L L4 - Gas, 3.0L V6 - Gas, 3.3L V6 - Gas",967821
0027600900,2004,Toyota,Corolla,"CE, LE, S",1.8L L4 - Gas,967822
0027600900,2004,Toyota,Sienna,"CE, LE, XLE, XLE Limited",3.3L V6 - Gas,967823
0027600900,2004,Toyota,Solara,"SE, SLE","2.4L L4 - Gas, 3.3L V6 - Gas",967824
0027600900,2003,Toyota,Camry,"LE, SE, XLE","2.4L L4 - Gas, 3.0L V6 - Gas",967825
0027600900,2003,Toyota,Corolla,"CE, LE, S",1.8L L4 - Gas,967826
0027600900,2002,Toyota,Camry,"LE, SE, XLE","2.4L L4 - Gas, 3.0L V6 - Gas",967827
0027600900,2016,Scion,tC,Base,2.5L L4 - Gas,1829223
0027600900,2010,Scion,tC,Base,2.4L L4 - Gas,1829224
0027600900,2009,Scion,tC,Base,2.4L L4 - Gas,1829225
0027600900,2008,Scion,tC,"Base, Spec",2.4L L4 - Gas,1829226
0027600900,2007,Scion,tC,"Base, Spec",2.4L L4 - Gas,1829227
0027600900,2006,Scion,tC,Base,2.4L L4 - Gas,1829228
0027600900,2005,Scion,tC,Base,2.4L L4 - Gas,1829229
PT34702200,2025,Toyota,Corolla,"Nightshade, SE, XSE",2.0L L4 - Gas,40639
PT34702200,2024,Toyota,Corolla,"Hybrid LE, Hybrid Nightshade, Hybrid SE, Hybrid XLE, LE, Nightshade, SE, XSE","1.8L L4 - Electric/Gas, 2.0L L4 - Gas",40640
PT34702200,2023,Toyota,Corolla,"Hybrid LE, Hybrid SE, Hybrid XLE, LE, SE, XSE","1.8L L4 - Electric/Gas, 1.8L L4 - FULL HYBRID EV-GAS (FHEV), 2.0L L4 - Gas",40641
PT34702200,2022,Toyota,Corolla,"Hybrid LE, L, LE, SE, SE Apex, SE Nightshade, XLE, XSE, XSE Apex","1.8L L4 - Electric/Gas, 1.8L L4 - FULL HYBRID EV-GAS (FHEV), 1.8L L4 - Gas, 2.0L L4 - Gas",40642
PT34702200,2021,Toyota,Corolla,"Hybrid LE, L, LE, SE, SE Apex, SE Nightshade, XLE, XSE, XSE Apex","1.8L L4 - Electric/Gas, 1.8L L4 - FULL HYBRID EV-GAS (FHEV), 1.8L L4 - Gas, 2.0L L4 - Gas",40643
PT34702200,2020,Toyota,Corolla,"Hybrid LE, L, LE, SE, SE Nightshade, XLE, XSE","1.8L L4 - Electric/Gas, 1.8L L4 - FULL HYBRID EV-GAS (FHEV), 1.8L L4 - Gas, 2.0L L4 - Gas",40644
PT2063524220,2025,Toyota,Tacoma,"Limited, SR, SR5, TRD Off-Road, TRD PreRunner, TRD Pro, TRD Sport, Trailhunter","2.4L L4 - Electric/Gas, 2.4L L4 - Gas",45724
PT9084723520,2024,Toyota,Prius,"LE, Limited, XLE",2.0L L4 - Electric/Gas,46079
PT9084723520,2024,Toyota,Prius Prime,"SE, XSE, XSE Premium",2.0L L4 - Electric/Gas,46080
PT9084723520,2023,Toyota,Prius,"Limited, XLE",2.0L L4 - Electric/Gas,46081
PT9084723520,2023,Toyota,Prius Prime,"SE, XSE, XSE Premium",2.0L L4 - Electric/Gas,46082
PU06052012,2014,Toyota,Yaris,"L, LE, SE",1.5L L4 - Gas,46262
PU06052012,2013,Toyota,Yaris,"L, LE, SE",1.5L L4 - Gas,46263
PU06052012,2012,Toyota,Yaris,"Base, L, LE, SE",1.5L L4 - Gas,46264
PT37A42090,2018,Toyota,RAV4,"Adventure, Hybrid Limited, Hybrid SE, Hybrid XLE, LE, Limited, Platinum, SE, XLE","2.5L L4 - Electric/Gas, 2.5L L4 - FULL HYBRID EV-GAS (FHEV), 2.5L L4 - Gas",40738
PT37A42090,2017,Toyota,RAV4,"Hybrid Limited, Hybrid SE, Hybrid XLE, LE, Limited, Platinum, SE, XLE","2.5L L4 - Electric/Gas, 2.5L L4 - FULL HYBRID EV-GAS (FHEV), 2.5L L4 - Gas",40739
PT37A42090,2016,Toyota,RAV4,"Hybrid Limited, Hybrid XLE, LE, Limited, SE, XLE","2.5L L4 - Electric/Gas, 2.5L L4 - FULL HYBRID EV-GAS (FHEV), 2.5L L4 - Gas",40740
PT37A42090,2015,Toyota,RAV4,"LE, Limited, XLE",2.5L L4 - Gas,40741
PT37A42090,2014,Toyota,RAV4,"EV, LE, Limited, XLE","2.5L L4 - Gas, Electric",40742
PT37A42090,2013,Toyota,RAV4,"EV, LE, Limited, XLE","2.5L L4 - Gas, Electric",40743
PT2061C16020,2022,Toyota,C-HR,"LE, Limited, Nightshade, XLE",2.0L L4 - Gas,45715
PT2061C16020,2021,Toyota,C-HR,"LE, Limited, Nightshade, XLE",2.0L L4 - Gas,45716
PT2061C16020,2020,Toyota,C-HR,"LE, Limited, XLE",2.0L L4 - Gas,45717
PT2061C16020,2019,Toyota,C-HR,"LE, Limited, XLE",2.0L L4 - Gas,45718
PT2061C16020,2018,Toyota,C-HR,"XLE, XLE Premium",2.0L L4 - Gas,45719
PT2063422120,2025,Toyota,Tundra,"1794 Edition, Capstone, Limited, Platinum, SR, SR5, TRD Pro","3.4L V6 - Electric/Gas, 3.4L V6 - Gas",45720
PT2063422120,2024,Toyota,Tundra,"1794 Edition, Capstone, Limited, Platinum, SR, SR5, TRD Pro","3.4L V6 - Electric/Gas, 3.4L V6 - Gas",45721
PT2063422120,2023,Toyota,Tundra,"Limited, SR, SR5","3.4L V6 - Electric/Gas, 3.4L V6 - Gas, 3.5L V6 - Gas, 3.5L V6 - MILD HYBRID EV-GAS (MHEV)",45722
PT2063422120,2022,Toyota,Tundra,"Limited, SR, SR5","3.4L V6 - Electric/Gas, 3.4L V6 - Gas, 3.5L V6 - Gas, 3.5L V6 - MILD HYBRID EV-GAS (MHEV)",45723
PT34735050,2020,Toyota,Tacoma,"Limited, SR, SR5, TRD Off-Road, TRD Pro, TRD Sport","2.7L L4 - Gas, 3.5L V6 - Gas",40676
PT34735050,2019,Toyota,Tacoma,"Limited, SR, SR5, TRD Off-Road, TRD Pro, TRD Sport","2.7L L4 - Gas, 3.5L V6 - Gas",40677
PT34735050,2018,Toyota,Tacoma,"Limited, SR, SR5, TRD Off-Road, TRD Pro, TRD Sport","2.7L L4 - Gas, 3.5L V6 - Gas",40678
PT34735050,2017,Toyota,Tacoma,"Limited, SR, SR5, TRD Off-Road, TRD Pro, TRD Sport","2.7L L4 - Gas, 3.5L V6 - Gas",40679
PT34735050,2016,Toyota,Tacoma,"Limited, SR, SR5, TRD Off-Road, TRD Sport","2.7L L4 - Gas, 3.5L V6 - Gas",40680
PT34735050,2014,Toyota,Tacoma,"Base, Pre Runner","2.7L L4 - Gas, 4.0L V6 - Gas",40682
PT34735050,2013,Toyota,Tacoma,"Base, Pre Runner, X-Runner","2.7L L4 - Gas, 4.0L V6 - Gas",40683
PT34735050,2012,Toyota,Tacoma,"Base, Pre Runner, X-Runner","2.7L L4 - Gas, 4.0L V6 - Gas",40684
PT34735050,2011,Toyota,Tacoma,"Base, Pre Runner, X-Runner","2.7L L4 - Gas, 4.0L V6 - Gas",40685
PT34735050,2010,Toyota,Tacoma,"Base, Pre Runner, X-Runner","2.7L L4 - Gas, 4.0L V6 - Gas",40686
PT34735050,2009,Toyota,Tacoma,"Base, Pre Runner, X-Runner","2.7L L4 - Gas, 4.0L V6 - Gas",40687
PT34735050,2008,Toyota,Tacoma,"Base, Pre Runner, X-Runner","2.7L L4 - Gas, 4.0L V6 - Gas",40688
PT34735050,2007,Toyota,Tacoma,"Base, Pre Runner, X-Runner","2.7L L4 - Gas, 4.0L V6 - Gas",40689
PT34735050,2006,Toyota,Tacoma,"Base, Pre Runner, X-Runner","2.7L L4 - Gas, 4.0L V6 - Gas",40690
PT34735050,2005,Toyota,Tacoma,"Base, Pre Runner, X-Runner","2.7L L4 - Gas, 4.0L V6 - Gas",40691
PT34735050,2024,Toyota,Tacoma,"Limited, SR, SR5, TRD Off-Road, TRD PreRunner, TRD Pro, TRD Sport, Trailhunter","2.4L L4 - Electric/Gas, 2.4L L4 - Gas",40672
PT34735050,2023,Toyota,Tacoma,"Limited, SR, SR5, TRD Off-Road, TRD Pro, TRD Sport, Trail Special Edition","2.7L L4 - Gas, 3.5L V6 - Gas",40673
PT34735050,2022,Toyota,Tacoma,"Limited, SR, SR5, TRD Off-Road, TRD Pro, TRD Sport","2.7L L4 - Gas, 3.5L V6 - Gas",40674
PT34735050,2021,Toyota,Tacoma,"Limited, Nightshade, SR, SR5, TRD Off-Road, TRD Pro, TRD Sport, Trail","2.7L L4 - Gas, 3.5L V6 - Gas",40675
PT34735050,2015,Toyota,Tacoma,"Base, Pre Runner, TRD Pro","2.7L L4 - Gas, 4.0L V6 - Gas",40681
PT0760C20002,2021,Toyota,Land Cruiser,"Base, Heritage Edition",5.7L V8 - Gas,46047
PT0760C20002,2020,Toyota,Sequoia,"Limited, Platinum, SR5, TRD Pro, TRD Sport",5.7L V8 - Gas,46051
PT0760C20002,2020,Toyota,Tundra,"1794 Edition, Limited, Platinum, SR, SR5, TRD Pro",5.7L V8 - Gas,46052
PT0760C20002,2021,Toyota,Sequoia,"Limited, Nightshade, Platinum, SR5, TRD Pro, TRD Sport",5.7L V8 - Gas,46048
PT0760C20002,2021,Toyota,Tundra,"1794 Edition, Limited, Nightshade, Platinum, SR, SR5, TRD Pro, Trail",5.7L V8 - Gas,46049
PT0760C20002,2020,Toyota,Land Cruiser,"Base, Heritage Edition",5.7L V8 - Gas,46050
PT0760C20002,2022,Toyota,Sequoia,"Limited, Nightshade, Platinum, SR5, TRD Pro, TRD Sport",5.7L V8 - Gas,45714
PT97635240,2025,Toyota,Tacoma,"Limited, SR, SR5, TRD Off-Road, TRD PreRunner, TRD Pro, TRD Sport, Trailhunter","2.4L L4 - Electric/Gas, 2.4L L4 - Gas",46259
PT9085217102,2018,Toyota,Yaris,"L, LE, SE",1.5L L4 - Gas,46214
PT9085217102,2017,Toyota,Yaris,"L, LE, SE",1.5L L4 - Gas,46215
PT9085217102,2016,Toyota,Yaris,"L, LE, SE",1.5L L4 - Gas,46216
PT9085217102,2015,Toyota,Yaris,"L, LE, SE",1.5L L4 - Gas,46217
PT41302201,2024,Toyota,Corolla,"Hybrid LE, Hybrid Nightshade, Hybrid SE, Hybrid XLE, LE, Nightshade, SE, XSE","1.8L L4 - Electric/Gas, 2.0L L4 - Gas",40777
PT41302201,2023,Toyota,Corolla,"Hybrid LE, Hybrid SE, Hybrid XLE, LE, SE, XSE","1.8L L4 - Electric/Gas, 1.8L L4 - FULL HYBRID EV-GAS (FHEV), 2.0L L4 - Gas",40778
PT41302201,2022,Toyota,Corolla,"Hybrid LE, L, LE, SE, SE Apex, SE Nightshade, XLE, XSE, XSE Apex","1.8L L4 - Electric/Gas, 1.8L L4 - FULL HYBRID EV-GAS (FHEV), 1.8L L4 - Gas, 2.0L L4 - Gas",40779
PT41302201,2021,Toyota,Corolla,"Hybrid LE, L, LE, SE, SE Apex, SE Nightshade, XLE, XSE, XSE Apex","1.8L L4 - Electric/Gas, 1.8L L4 - FULL HYBRID EV-GAS (FHEV), 1.8L L4 - Gas, 2.0L L4 - Gas",40780
PT41302201,2020,Toyota,Corolla,"Hybrid LE, L, LE, SE, SE Nightshade, XLE, XSE","1.8L L4 - Electric/Gas, 1.8L L4 - FULL HYBRID EV-GAS (FHEV), 1.8L L4 - Gas, 2.0L L4 - Gas",40781
PT41302201,2025,Toyota,Corolla,"Nightshade, SE, XSE",2.0L L4 - Gas,40776
PT39235230,2022,Toyota,Tacoma,"Limited, SR, SR5, TRD Off-Road, TRD Pro, TRD Sport","2.7L L4 - Gas, 3.5L V6 - Gas",47890
PT39235230,2021,Toyota,Tacoma,"Limited, Nightshade, SR, SR5, TRD Off-Road, TRD Pro, TRD Sport, Trail","2.7L L4 - Gas, 3.5L V6 - Gas",47949
PT39235230,2020,Toyota,Tacoma,"Limited, SR, SR5, TRD Off-Road, TRD Pro, TRD Sport","2.7L L4 - Gas, 3.5L V6 - Gas",39424
PT39235230,2019,Toyota,Tacoma,"Limited, SR, SR5, TRD Off-Road, TRD Pro, TRD Sport","2.7L L4 - Gas, 3.5L V6 - Gas",39413
PT39235230,2018,Toyota,Tacoma,"Limited, SR, SR5, TRD Off-Road, TRD Pro, TRD Sport","2.7L L4 - Gas, 3.5L V6 - Gas",39414
PT39235230,2017,Toyota,Tacoma,"Limited, SR, SR5, TRD Off-Road, TRD Pro, TRD Sport","2.7L L4 - Gas, 3.5L V6 - Gas",39415
PT39235230,2016,Toyota,Tacoma,"Limited, SR, SR5, TRD Off-Road, TRD Sport","2.7L L4 - Gas, 3.5L V6 - Gas",39416
PT39235230,2015,Toyota,Tacoma,"Base, Pre Runner, TRD Pro","2.7L L4 - Gas, 4.0L V6 - Gas",39417
PT39235230,2014,Toyota,Tacoma,"Base, Pre Runner","2.7L L4 - Gas, 4.0L V6 - Gas",39418
PT39235230,2013,Toyota,Tacoma,"Base, Pre Runner, X-Runner","2.7L L4 - Gas, 4.0L V6 - Gas",39419
PT39235230,2012,Toyota,Tacoma,"Base, Pre Runner, X-Runner","2.7L L4 - Gas, 4.0L V6 - Gas",39420
PT39235230,2011,Toyota,Tacoma,"Base, Pre Runner, X-Runner","2.7L L4 - Gas, 4.0L V6 - Gas",39421
PT39235230,2010,Toyota,Tacoma,"Base, Pre Runner, X-Runner","2.7L L4 - Gas, 4.0L V6 - Gas",39422
PT39842130,2018,Toyota,RAV4,"Adventure, Hybrid Limited, Hybrid SE, Hybrid XLE, LE, Limited, Platinum, SE, XLE","2.5L L4 - Electric/Gas, 2.5L L4 - FULL HYBRID EV-GAS (FHEV), 2.5L L4 - Gas",40770
PT39842130,2017,Toyota,RAV4,"Hybrid Limited, Hybrid SE, Hybrid XLE, LE, Limited, Platinum, SE, XLE","2.5L L4 - Electric/Gas, 2.5L L4 - FULL HYBRID EV-GAS (FHEV), 2.5L L4 - Gas",40771
PT39842130,2016,Toyota,RAV4,"Hybrid Limited, Hybrid XLE, LE, Limited, SE, XLE","2.5L L4 - Electric/Gas, 2.5L L4 - FULL HYBRID EV-GAS (FHEV), 2.5L L4 - Gas",40772
PT41342190,2023,Toyota,4Runner,"40th Anniversary Edition, Limited, SR5, SR5 Premium, TRD Off-Road, TRD Off-Road Premium, TRD Pro, TRD Sport",4.0L V6 - Gas,40791
PT41342190,2023,Toyota,Highlander,"Hybrid Bronze Edition, Hybrid LE, Hybrid Limited, Hybrid Platinum, Hybrid XLE, L, LE, Limited, Platinum, XLE, XSE","2.4L L4 - Gas, 2.5L L4 - Electric/Gas, 2.5L L4 - FULL HYBRID EV-GAS (FHEV)",40792
PT41342190,2022,Toyota,4Runner,"Limited, Nightshade, SR5, SR5 Premium, TRD Off-Road, TRD Off-Road Premium, TRD Pro, TRD Sport, Trail, Venture",4.0L V6 - Gas,40793
PT41342190,2022,Toyota,Highlander,"Hybrid Bronze Edition, Hybrid LE, Hybrid Limited, Hybrid Platinum, Hybrid XLE, L, LE, Limited, Platinum, XLE, XSE","2.5L L4 - Electric/Gas, 2.5L L4 - FULL HYBRID EV-GAS (FHEV), 3.5L V6 - Gas",40794
PT41342190,2021,Toyota,4Runner,"Limited, Nightshade, SR5, SR5 Premium, TRD Off-Road, TRD Off-Road Premium, TRD Pro, Trail, Venture",4.0L V6 - Gas,40795
PT41342190,2021,Toyota,Highlander,"Hybrid LE, Hybrid Limited, Hybrid Platinum, Hybrid XLE, L, LE, Limited, Platinum, XLE, XSE","2.5L L4 - Electric/Gas, 2.5L L4 - FULL HYBRID EV-GAS (FHEV), 3.5L V6 - Gas",40796
PT41342190,2020,Toyota,4Runner,"Limited, Nightshade, SR5, SR5 Premium, TRD Off-Road, TRD Off-Road Premium, TRD Pro, Venture",4.0L V6 - Gas,40797
PT41342190,2020,Toyota,Tacoma,"Limited, SR, SR5, TRD Off-Road, TRD Pro, TRD Sport","2.7L L4 - Gas, 3.5L V6 - Gas",40799
PT41342190,2020,Toyota,Highlander,"Hybrid LE, Hybrid Limited, Hybrid Platinum, Hybrid XLE, L, LE, Limited, Platinum, XLE","2.5L L4 - Electric/Gas, 2.5L L4 - FULL HYBRID EV-GAS (FHEV), 3.5L V6 - Gas",40798
PT41342190,2020,Toyota,Tundra,"1794 Edition, Limited, Platinum, SR, SR5, TRD Pro",5.7L V8 - Gas,40800
PT41342190,2019,Toyota,4Runner,"Limited, SR5, SR5 Premium, TRD Off-Road, TRD Off-Road Premium, TRD Pro",4.0L V6 - Gas,40801
PT41342190,2019,Toyota,C-HR,"LE, Limited, XLE",2.0L L4 - Gas,40802
PT41342190,2019,Toyota,Highlander,"Hybrid LE, Hybrid Limited, Hybrid Limited Platinum, Hybrid XLE, LE, LE Plus, Limited, Limited Platinum, SE, XLE","2.7L L4 - Gas, 3.5L V6 - Electric/Gas, 3.5L V6 - FULL HYBRID EV-GAS (FHEV), 3.5L V6 - Gas",40803
PT41342190,2019,Toyota,Tundra,"1794 Edition, Limited, Platinum, SR, SR5, TRD Pro","4.6L V8 - Gas, 5.7L V8 - Flex, 5.7L V8 - Gas",40804
PT41342190,2018,Toyota,Tundra,"1794 Edition, Limited, Platinum, SR, SR5","4.6L V8 - Gas, 5.7L V8 - Flex, 5.7L V8 - Gas",40805
PT42700120,2015,Scion,tC,Base,2.5L L4 - Gas,40426
PT42700120,2011,Toyota,Yaris,Base,1.5L L4 - Gas,40759
PT42700120,2016,Scion,FR-S,Base,2.0L H4 - Gas,40930
PT42700120,2016,Scion,iA,Base,1.5L L4 - Gas,40931
PT42700120,2016,Scion,iM,Base,1.8L L4 - Gas,40932
PT42700120,2014,Scion,xB,Base,2.4L L4 - Gas,40967
PT42700120,2014,Scion,xD,Base,1.8L L4 - Gas,40968
PT42700120,2013,Scion,FR-S,Base,2.0L H4 - Gas,40982
PT42700120,2013,Scion,tC,Base,2.5L L4 - Gas,40983
PT42700120,2013,Scion,xB,Base,2.4L L4 - Gas,40984
PT42700120,2013,Scion,xD,Base,1.8L L4 - Gas,40985
PT42700120,2012,Scion,xB,Base,2.4L L4 - Gas,41002
PT42700120,2012,Scion,xD,Base,1.8L L4 - Gas,41003
PT42700120,2014,Scion,FR-S,Base,2.0L H4 - Gas,41033
PT42700120,2008,Scion,xD,Base,1.8L L4 - Gas,41066
PT42700120,2007,Scion,tC,"Base, Spec",2.4L L4 - Gas,41080
PT42700120,2006,Scion,tC,Base,2.4L L4 - Gas,41093
PT42700120,2006,Scion,xA,Base,1.5L L4 - Gas,41094
PT42700120,2006,Scion,xB,Base,1.5L L4 - Gas,41095
PT42700120,2010,Scion,tC,Base,2.4L L4 - Gas,41105
PT42700120,2010,Scion,xD,Base,1.8L L4 - Gas,41106
PT42700120,2004,Scion,xB,Base,1.5L L4 - Gas,41137
PT42700120,2005,Scion,tC,Base,2.4L L4 - Gas,41150
PT42700120,2005,Scion,xA,Base,1.5L L4 - Gas,41151
PT42700120,2005,Scion,xB,Base,1.5L L4 - Gas,41152
PT42700120,2022,Toyota,Sienna,"LE, Limited, Platinum, XLE, XSE",2.5L L4 - Electric/Gas,43780
PT42700120,2017,Toyota,Sienna,"L, LE, SE, XLE",3.5L V6 - Gas,44141
PT42700120,2010,Scion,xB,Base,2.4L L4 - Gas,49018
PT42700120,2025,Toyota,Land Cruiser,"1958, Base",2.4L L4 - Electric/Gas,40851
PT42700120,2025,Toyota,Sequoia,"1794 Edition, Capstone, Limited, Platinum, SR5, TRD Pro",3.4L V6 - Electric/Gas,40852
PT42700120,2022,Toyota,RAV4,"Adventure, Hybrid LE, Hybrid Limited, Hybrid SE, Hybrid XLE, Hybrid XLE Premium, Hybrid XSE, LE, Limited, TRD Off-Road, XLE, XLE Premium","2.5L L4 - Electric/Gas, 2.5L L4 - FULL HYBRID EV-GAS (FHEV), 2.5L L4 - Gas",40842
PT42700120,2022,Toyota,Tacoma,"Limited, SR, SR5, TRD Off-Road, TRD Pro, TRD Sport","2.7L L4 - Gas, 3.5L V6 - Gas",40843
PT42700120,2021,Toyota,RAV4,"Adventure, Hybrid LE, Hybrid Limited, Hybrid XLE, Hybrid XLE Premium, Hybrid XSE, LE, Limited, TRD Off-Road, XLE, XLE Premium","2.5L L4 - Electric/Gas, 2.5L L4 - FULL HYBRID EV-GAS (FHEV), 2.5L L4 - Gas",40857
PT42700120,2020,Toyota,Corolla,"Hybrid LE, L, LE, SE, SE Nightshade, XLE, XSE","1.8L L4 - Electric/Gas, 1.8L L4 - FULL HYBRID EV-GAS (FHEV), 1.8L L4 - Gas, 2.0L L4 - Gas",40868
PT42700120,2020,Toyota,Highlander,"Hybrid LE, Hybrid Limited, Hybrid Platinum, Hybrid XLE, L, LE, Limited, Platinum, XLE","2.5L L4 - Electric/Gas, 2.5L L4 - FULL HYBRID EV-GAS (FHEV), 3.5L V6 - Gas",40869
PT42700120,2020,Toyota,Prius,"Base, L Eco, LE, Limited, XLE","1.8L L4 - Electric/Gas, 1.8L L4 - FULL HYBRID EV-GAS (FHEV)",40871
PT42700120,2020,Toyota,Prius Prime,"LE, Limited, XLE","1.8L L4 - Electric/Gas, 1.8L L4 - PLUG-IN HYBRID EV-GAS (PH",40872
PT42700120,2020,Toyota,RAV4,"Adventure, Hybrid LE, Hybrid Limited, Hybrid XLE, Hybrid XSE, LE, Limited, TRD Off-Road, XLE, XLE Premium","2.5L L4 - Electric/Gas, 2.5L L4 - FULL HYBRID EV-GAS (FHEV), 2.5L L4 - Gas",48917
PT42700120,2020,Toyota,Sequoia,"Limited, Platinum, SR5, TRD Pro, TRD Sport",5.7L V8 - Gas,40873
PT42700120,2020,Toyota,Sienna,"L, LE, Limited, Limited Premium, SE, SE Premium, XLE, XLE Premium",3.5L V6 - Gas,40874
PT42700120,2012,Toyota,Matrix,"Base, S","1.8L L4 - Gas, 2.4L L4 - Gas",41010
PT42700120,2012,Toyota,Yaris,"Base, L, LE, SE",1.5L L4 - Gas,41019
PT42700120,2011,Toyota,Venza,Base,"2.7L L4 - Gas, 3.5L V6 - Gas",40561
PT42700120,2009,Toyota,Camry,"Base, Hybrid, LE, SE, XLE","2.4L L4 - Electric/Gas, 2.4L L4 - FULL HYBRID EV-GAS (FHEV), 2.4L L4 - Gas, 3.5L V6 - Gas",41053
PT42700120,2009,Toyota,FJ Cruiser,Base,4.0L V6 - Gas,41055
PT42700120,2009,Toyota,Highlander,"Base, Hybrid, Hybrid Limited, Limited, Sport","2.7L L4 - Gas, 3.3L V6 - Electric/Gas, 3.3L V6 - FULL HYBRID EV-GAS (FHEV), 3.5L V6 - Gas",41056
PT42700120,2009,Toyota,Land Cruiser,Base,5.7L V8 - Gas,41057
PT42700120,2009,Toyota,Prius,"Base, Touring","1.5L L4 - Electric/Gas, 1.5L L4 - FULL HYBRID EV-GAS (FHEV)",41058
PT42700120,2009,Toyota,RAV4,"Base, Limited, Sport","2.5L L4 - Gas, 3.5L V6 - Gas",41059
PT42700120,2009,Toyota,Sequoia,"Limited, Platinum, SR5","4.7L V8 - Gas, 5.7L V8 - Flex, 5.7L V8 - Gas",41060
PT42700120,2009,Toyota,Sienna,"CE, LE, XLE",3.5L V6 - Gas,41061
PT42700120,2009,Toyota,Venza,Base,"2.7L L4 - Gas, 3.5L V6 - Gas",41062
PT42700120,2009,Toyota,Yaris,"Base, S",1.5L L4 - Gas,41063
PT42700120,2008,Toyota,4Runner,"Limited, SR5, Sport","4.0L V6 - Gas, 4.7L V8 - Gas",41067
PT42700120,2008,Toyota,Avalon,"Limited, Touring, XL, XLS",3.5L V6 - Gas,41068
PT42700120,2008,Toyota,Camry,"CE, Hybrid, LE, SE, XLE","2.4L L4 - Electric/Gas, 2.4L L4 - FULL HYBRID EV-GAS (FHEV), 2.4L L4 - Gas, 3.5L V6 - Gas",41069
PT42700120,2008,Toyota,Corolla,"CE, LE, S",1.8L L4 - Gas,41070
PT42700120,2008,Toyota,FJ Cruiser,"Base, Trail Teams Special Edition",4.0L V6 - Gas,41071
PT42700120,2008,Toyota,Highlander,"Base, Hybrid, Hybrid Limited, Limited, Sport","3.3L V6 - Electric/Gas, 3.3L V6 - FULL HYBRID EV-GAS (FHEV), 3.5L V6 - Gas",48247
PT42700120,2008,Toyota,Land Cruiser,Base,5.7L V8 - Gas,41072
PT42700120,2008,Toyota,Matrix,"Base, XR",1.8L L4 - Gas,41073
PT42700120,2008,Toyota,Prius,"Base, Touring","1.5L L4 - Electric/Gas, 1.5L L4 - FULL HYBRID EV-GAS (FHEV)",41074
PT42700120,2008,Toyota,RAV4,"Base, Limited, Sport","2.4L L4 - Gas, 3.5L V6 - Gas",41075
PT42700120,2008,Toyota,Sequoia,"Limited, Platinum, SR5","4.7L V8 - Gas, 5.7L V8 - Gas",41076
PT42700120,2008,Toyota,Sienna,"CE, LE, Limited, XLE",3.5L V6 - Gas,41077
PT42700120,2007,Toyota,Solara,"SE, SLE, Sport","2.4L L4 - Gas, 3.3L V6 - Gas",41091
PT42700120,2007,Toyota,Yaris,"Base, S",1.5L L4 - Gas,41092
PT42700120,2006,Toyota,4Runner,"Limited, SR5, Sport","4.0L V6 - Gas, 4.7L V8 - Gas",41096
PT42700120,2019,Toyota,Prius,"L Eco, LE, Limited, XLE","1.8L L4 - Electric/Gas, 1.8L L4 - FULL HYBRID EV-GAS (FHEV)",40885
PT42700120,2019,Toyota,Prius C,"L, LE","1.5L L4 - Electric/Gas, 1.5L L4 - FULL HYBRID EV-GAS (FHEV)",40735
PT42700120,2019,Toyota,Prius Prime,"Advanced, Plus, Premium","1.8L L4 - Electric/Gas, 1.8L L4 - PLUG-IN HYBRID EV-GAS (PH",40886
PT42700120,2019,Toyota,RAV4,"Adventure, Hybrid LE, Hybrid Limited, Hybrid XLE, Hybrid XSE, LE, Limited, XLE, XLE Premium","2.5L L4 - Electric/Gas, 2.5L L4 - FULL HYBRID EV-GAS (FHEV), 2.5L L4 - Gas",40887
PT42700120,2017,Toyota,Sequoia,"Limited, Platinum, SR5","5.7L V8 - Flex, 5.7L V8 - Gas",40924
PT42700120,2017,Toyota,Sienna,"L, LE, Limited, SE, XLE",3.5L V6 - Gas,40925
PT42700120,2017,Toyota,Tacoma,"Limited, SR, SR5, TRD Off-Road, TRD Pro, TRD Sport","2.7L L4 - Gas, 3.5L V6 - Gas",40926
PT42700120,2017,Toyota,Tundra,"1794 Edition, Limited, Platinum, SR, SR5, TRD Pro","4.6L V8 - Gas, 5.7L V8 - Flex, 5.7L V8 - Gas",40927
PT42700120,2016,Toyota,Tacoma,"Limited, SR, SR5, TRD Off-Road, TRD Sport","2.7L L4 - Gas, 3.5L V6 - Gas",40944
PT42700120,2016,Toyota,Tundra,"1794 Edition, Limited, Platinum, SR, SR5, TRD Pro","4.6L V8 - Gas, 5.7L V8 - Flex, 5.7L V8 - Gas",40945
PT42700120,2015,Toyota,4Runner,"Limited, SR5, TRD Pro, Trail",4.0L V6 - Gas,40948
PT42700120,2015,Toyota,Avalon,"Hybrid Limited, Hybrid XLE Premium, Hybrid XLE Touring, Limited, XLE, XLE Premium, XLE Touring, XLE Touring SE","2.5L L4 - Electric/Gas, 2.5L L4 - FULL HYBRID EV-GAS (FHEV), 3.5L V6 - Gas",40949
PT42700120,2015,Toyota,Camry,"Hybrid LE, Hybrid SE, Hybrid XLE, LE, SE, XLE, XSE","2.5L L4 - Electric/Gas, 2.5L L4 - FULL HYBRID EV-GAS (FHEV), 2.5L L4 - Gas, 3.5L V6 - Gas",40950
PT42700120,2015,Toyota,Corolla,"L, LE, LE Eco, S",1.8L L4 - Gas,40951
PT42700120,2015,Toyota,Highlander,"Hybrid Limited, LE, LE Plus, Limited, XLE","2.7L L4 - Gas, 3.5L V6 - Electric/Gas, 3.5L V6 - FULL HYBRID EV-GAS (FHEV), 3.5L V6 - Gas",40952
PT42700120,2015,Toyota,Land Cruiser,Base,5.7L V8 - Gas,40953
PT42700120,2015,Toyota,Prius,"Five, Four, One, Persona Series, Three, Two","1.8L L4 - Electric/Gas, 1.8L L4 - FULL HYBRID EV-GAS (FHEV)",40954
PT42700120,2015,Toyota,RAV4,"LE, Limited, XLE",2.5L L4 - Gas,40955
PT42700120,2015,Toyota,Sequoia,"Limited, Platinum, SR5","5.7L V8 - Flex, 5.7L V8 - Gas",40956
PT42700120,2015,Toyota,Sienna,"L, LE, Limited, SE, XLE",3.5L V6 - Gas,40957
PT42700120,2015,Toyota,Tacoma,"Base, Pre Runner, TRD Pro","2.7L L4 - Gas, 4.0L V6 - Gas",40958
PT42700120,2015,Toyota,Tundra,"1794 Edition, Limited, Platinum, SR, SR5, TRD Pro","4.6L V8 - Gas, 5.7L V8 - Flex, 5.7L V8 - Gas",40959
PT42700120,2015,Toyota,Venza,"LE, Limited, XLE","2.7L L4 - Gas, 3.5L V6 - Gas",48486
PT42700120,2015,Toyota,Yaris,"L, LE, SE",1.5L L4 - Gas,41032
PT42700120,2014,Toyota,4Runner,"Limited, SR5, Trail",4.0L V6 - Gas,48195
PT42700120,2014,Toyota,Tundra,"1794 Edition, Limited, Platinum, SR, SR5","4.0L V6 - Gas, 4.6L V8 - Gas, 5.7L V8 - Flex, 5.7L V8 - Gas",40979
PT42700120,2014,Toyota,Yaris,"L, LE, SE",1.5L L4 - Gas,40981
PT42700120,2001,Toyota,Sequoia,"Limited, SR5",4.7L V8 - Gas,41175
PT42700120,2006,Toyota,Avalon,"Limited, Touring, XL, XLS",3.5L V6 - Gas,41097
PT42700120,2006,Toyota,Camry,"Base, LE, SE, XLE","2.4L L4 - Gas, 3.0L V6 - Gas, 3.3L V6 - Gas",48416
PT42700120,2006,Toyota,Corolla,"CE, LE, S, XRS",1.8L L4 - Gas,41098
PT42700120,2025,Toyota,Sienna,Woodland Edition,2.5L L4 - Electric/Gas,44042
PT42700120,2024,Toyota,RAV4,"Adventure, Hybrid LE, Hybrid Limited, Hybrid Woodland Edition, Hybrid XLE, Hybrid XLE Premium, Hybrid XSE, LE, TRD Off-Road, XLE, XLE Premium","2.5L L4 - Electric/Gas, 2.5L L4 - Gas",44047
PT42700120,2023,Toyota,RAV4,"Adventure, Hybrid LE, Hybrid Limited, Hybrid Woodland Edition, Hybrid XLE, Hybrid XLE Premium, Hybrid XSE, LE, TRD Off-Road, XLE, XLE Premium","2.5L L4 - Electric/Gas, 2.5L L4 - FULL HYBRID EV-GAS (FHEV), 2.5L L4 - Gas",44054
PT42700120,2023,Toyota,Sienna,"LE, Limited, Platinum, XLE, XSE",2.5L L4 - Electric/Gas,44055
PT42700120,2022,Toyota,RAV4,"Adventure, Hybrid LE, Hybrid Limited, Hybrid XLE, Hybrid XLE Premium, Hybrid XSE, LE, TRD Off-Road, XLE, XLE Premium","2.5L L4 - Electric/Gas, 2.5L L4 - FULL HYBRID EV-GAS (FHEV), 2.5L L4 - Gas",44059
PT42700120,2021,Toyota,4Runner,"Limited, Nightshade, SR5, SR5 Premium, TRD Off-Road, TRD Off-Road Premium, TRD Pro, Venture",4.0L V6 - Gas,44063
PT42700120,2020,Toyota,Land Cruiser,Heritage Edition,5.7L V8 - Gas,44088
PT42700120,2020,Toyota,Prius,"L Eco, LE, Limited, XLE","1.8L L4 - Electric/Gas, 1.8L L4 - FULL HYBRID EV-GAS (FHEV)",44089
PT42700120,2020,Toyota,RAV4,"Adventure, Hybrid LE, Hybrid Limited, Hybrid XLE, Hybrid XSE, LE, TRD Off-Road, XLE, XLE Premium","2.5L L4 - Electric/Gas, 2.5L L4 - FULL HYBRID EV-GAS (FHEV), 2.5L L4 - Gas",44091
PT42700120,2020,Toyota,Sienna,"L, LE, Limited Premium, SE, SE Premium, XLE, XLE Premium",3.5L V6 - Gas,44093
PT42700120,2020,Toyota,Tundra,"1794 Edition, Limited, Platinum, SR, SR5",5.7L V8 - Gas,44095
PT42700120,2004,Toyota,Solara,"SE, SLE","2.4L L4 - Gas, 3.3L V6 - Gas",41165
PT42700120,2003,Toyota,4Runner,"Limited, SR5, Sport","4.0L V6 - Gas, 4.7L V8 - Gas",41166
PT42700120,2004,Toyota,RAV4,Base,2.4L L4 - Gas,41143
PT42700120,2004,Toyota,Sequoia,"Limited, SR5",4.7L V8 - Gas,41163
PT42700120,2018,Toyota,Corolla iM,Base,1.8L L4 - Gas,40899
PT42700120,2018,Toyota,Highlander,"Hybrid LE, Hybrid Limited, Hybrid XLE, LE, LE Plus, Limited, SE, XLE","2.7L L4 - Gas, 3.5L V6 - Electric/Gas, 3.5L V6 - FULL HYBRID EV-GAS (FHEV), 3.5L V6 - Gas",40900
PT42700120,2018,Toyota,Land Cruiser,Base,5.7L V8 - Gas,40901
PT42700120,2018,Toyota,Prius,"Four, Four Touring, One, Three, Three Touring, Two, Two Eco","1.8L L4 - Electric/Gas, 1.8L L4 - FULL HYBRID EV-GAS (FHEV)",40902
PT42700120,2018,Toyota,Prius C,"Four, One, Three, Two","1.5L L4 - Electric/Gas, 1.5L L4 - FULL HYBRID EV-GAS (FHEV)",48763
PT42700120,2018,Toyota,Prius Prime,"Advanced, Plus, Premium","1.8L L4 - Electric/Gas, 1.8L L4 - PLUG-IN HYBRID EV-GAS (PH",40960
PT42700120,2018,Toyota,RAV4,"Adventure, Hybrid Limited, Hybrid SE, Hybrid XLE, LE, Limited, Platinum, SE, XLE","2.5L L4 - Electric/Gas, 2.5L L4 - FULL HYBRID EV-GAS (FHEV), 2.5L L4 - Gas",48132
PT42700120,2018,Toyota,Sequoia,"Limited, Platinum, SR5, TRD Sport","5.7L V8 - Flex, 5.7L V8 - Gas",40961
PT42700120,2018,Toyota,Sienna,"L, LE, Limited, Limited Premium, SE, SE Premium, XLE, XLE Premium",3.5L V6 - Gas,40962
PT42700120,2018,Toyota,Tacoma,"Limited, SR, SR5, TRD Off-Road, TRD Pro, TRD Sport","2.7L L4 - Gas, 3.5L V6 - Gas",40908
PT42700120,2018,Toyota,Tundra,"1794 Edition, Limited, Platinum, SR, SR5","4.6L V8 - Gas, 5.7L V8 - Flex, 5.7L V8 - Gas",40909
PT42700120,2018,Toyota,Yaris,"L, LE, SE",1.5L L4 - Gas,40910
PT42700120,2018,Toyota,Yaris iA,Base,1.5L L4 - Gas,40911
PT42700120,2017,Toyota,4Runner,"Limited, SR5, TRD Off-Road, TRD Pro",4.0L V6 - Gas,40912
PT42700120,2017,Toyota,86,"Base, Special Edition",2.0L H4 - Gas,40913
PT42700120,2017,Toyota,Avalon,"Hybrid Limited, Hybrid XLE Plus, Hybrid XLE Premium, Limited, Touring, XLE, XLE Plus, XLE Premium","2.5L L4 - Electric/Gas, 2.5L L4 - FULL HYBRID EV-GAS (FHEV), 3.5L V6 - Gas",40914
PT42700120,2017,Toyota,Camry,"Hybrid LE, Hybrid SE, Hybrid XLE, LE, SE, XLE, XSE","2.5L L4 - Electric/Gas, 2.5L L4 - FULL HYBRID EV-GAS (FHEV), 2.5L L4 - Gas, 3.5L V6 - Gas",40915
PT42700120,2017,Toyota,Corolla,"50th Anniversary Special Edition, L, LE, LE Eco, SE, XLE, XSE",1.8L L4 - Gas,40916
PT42700120,2004,Toyota,Sienna,"CE, LE, XLE, XLE Limited",3.3L V6 - Gas,41164
PT42700120,2012,Toyota,Prius,"Five, Four, Three, Two","1.8L L4 - Electric/Gas, 1.8L L4 - FULL HYBRID EV-GAS (FHEV)",41011
PT42700120,2012,Toyota,RAV4,"Base, EV, Limited, Sport","2.5L L4 - Gas, 3.5L V6 - Gas, Electric",41012
PT42700120,2012,Toyota,Sequoia,"Limited, Platinum, SR5","4.6L V8 - Gas, 5.7L V8 - Flex, 5.7L V8 - Gas",41013
PT42700120,2012,Toyota,Sienna,"Base, LE, Limited, SE, XLE","2.7L L4 - Gas, 3.5L V6 - Gas",41015
PT42700120,2012,Toyota,Tacoma,"Base, Pre Runner, X-Runner","2.7L L4 - Gas, 4.0L V6 - Gas",41016
PT42700120,2012,Toyota,Tundra,"Base, Limited, Platinum","4.0L V6 - Gas, 4.6L V8 - Gas, 5.7L V8 - Flex, 5.7L V8 - Gas",41017
PT42700120,2012,Toyota,Venza,"LE, Limited, XLE","2.7L L4 - Gas, 3.5L V6 - Gas",41018
PT42700120,2011,Toyota,4Runner,"Limited, SR5, Trail",4.0L V6 - Gas,41023
PT42700120,2011,Toyota,Avalon,"Base, Limited, XLS",3.5L V6 - Gas,41024
PT42700120,2011,Toyota,Camry,"Base, Hybrid, LE, SE, XLE","2.4L L4 - Electric/Gas, 2.4L L4 - FULL HYBRID EV-GAS (FHEV), 2.5L L4 - Gas, 3.5L V6 - Gas",48196
PT42700120,2011,Toyota,Corolla,"Base, LE, S",1.8L L4 - Gas,41025
PT42700120,2011,Toyota,FJ Cruiser,Base,4.0L V6 - Gas,41026
PT42700120,2011,Toyota,Highlander,"Base, Hybrid, Hybrid Limited, Limited, SE","2.7L L4 - Gas, 3.5L V6 - Electric/Gas, 3.5L V6 - FULL HYBRID EV-GAS (FHEV), 3.5L V6 - Gas",41027
PT42700120,2011,Toyota,Land Cruiser,Base,5.7L V8 - Gas,41028
PT42700120,2011,Toyota,Prius,Base,"1.8L L4 - Electric/Gas, 1.8L L4 - FULL HYBRID EV-GAS (FHEV)",41029
PT42700120,2011,Toyota,Sequoia,"Limited, Platinum, SR5","4.6L V8 - Gas, 5.7L V8 - Flex, 5.7L V8 - Gas",41030
PT42700120,2011,Toyota,Sienna,"Base, LE, Limited, SE, XLE","2.7L L4 - Gas, 3.5L V6 - Gas",41031
PT42700120,2010,Toyota,4Runner,"Limited, SR5, Trail","2.7L L4 - Gas, 4.0L V6 - Gas",41107
PT42700120,2010,Toyota,Avalon,"Limited, XL, XLS",3.5L V6 - Gas,41038
PT42700120,2005,Toyota,Camry,"Base, LE, SE, XLE","2.4L L4 - Gas, 3.0L V6 - Gas, 3.3L V6 - Gas",41155
PT42700120,2005,Toyota,Corolla,"CE, LE, S, XRS",1.8L L4 - Gas,41156
PT42700120,2005,Toyota,Highlander,"Base, Limited","2.4L L4 - Gas, 3.3L V6 - Gas",41157
PT42700120,2005,Toyota,Matrix,"Base, XR, XRS",1.8L L4 - Gas,41158
PT42700120,2005,Toyota,RAV4,"Base, L, Sport",2.4L L4 - Gas,41159
PT42700120,2005,Toyota,Sequoia,"Limited, SR5",4.7L V8 - Gas,41160
PT42700120,2005,Toyota,Sienna,"CE, LE, XLE, XLE Limited",3.3L V6 - Gas,41161
PT42700120,2005,Toyota,Solara,"SE, SLE","2.4L L4 - Gas, 3.3L V6 - Gas",41162
PT42700120,2004,Toyota,Camry,"LE, SE, XLE","2.4L L4 - Gas, 3.0L V6 - Gas, 3.3L V6 - Gas",41139
PT42700120,2004,Toyota,Corolla,"CE, LE, S",1.8L L4 - Gas,41140
PT42700120,2004,Toyota,Highlander,"Base, Limited","2.4L L4 - Gas, 3.3L V6 - Gas",41141
PT42700120,2004,Toyota,Matrix,"Base, XR, XRS",1.8L L4 - Gas,41142
PT42700120,2019,Toyota,Corolla,"L, LE, LE Eco, SE, XSE","1.8L L4 - Gas, 2.0L L4 - Gas",44101
PT42700120,2016,Toyota,Avalon,"Hybrid Limited, Hybrid XLE Plus, Hybrid XLE Premium, Limited, XLE, XLE Plus, XLE Premium","2.5L L4 - Electric/Gas, 2.5L L4 - FULL HYBRID EV-GAS (FHEV), 3.5L V6 - Gas",44151
PT42700120,2016,Toyota,Prius,"Four, Four Touring, One, Three, Three Touring, Two, Two Eco","1.8L L4 - Electric/Gas, 1.8L L4 - FULL HYBRID EV-GAS (FHEV)",44155
PT42700120,2016,Toyota,RAV4,"Hybrid Limited, Hybrid XLE, LE, SE, XLE","2.5L L4 - Electric/Gas, 2.5L L4 - FULL HYBRID EV-GAS (FHEV), 2.5L L4 - Gas",44157
PT42700120,2016,Toyota,Sienna,"L, LE, SE, XLE",3.5L V6 - Gas,44159
PT42700120,2015,Toyota,RAV4,"LE, XLE",2.5L L4 - Gas,44172
PT42700120,2015,Toyota,Sienna,"L, LE, SE, XLE",3.5L V6 - Gas,44174
PT42700120,2014,Toyota,RAV4,"EV, LE, XLE","2.5L L4 - Gas, Electric",44190
PT42700120,2014,Toyota,Sienna,"L, LE, SE, XLE",3.5L V6 - Gas,44192
PT42700120,2013,Toyota,Matrix,S,2.4L L4 - Gas,44200
PT42700120,2013,Toyota,RAV4,"EV, LE, XLE","2.5L L4 - Gas, Electric",44202
PT42700120,2013,Toyota,Sienna,"Base, L, LE, SE, XLE",3.5L V6 - Gas,44204
PT42700120,2012,Toyota,Matrix,S,2.4L L4 - Gas,44218
PT42700120,2012,Toyota,RAV4,"Base, EV, Limited, Sport","2.5L L4 - Gas, Electric",44220
PT42700120,2012,Toyota,Sienna,"Base, LE, SE, XLE","2.7L L4 - Gas, 3.5L V6 - Gas",44222
PT42700120,2011,Toyota,RAV4,"Base, Limited, Sport",2.5L L4 - Gas,44237
PT42700120,2011,Toyota,Sienna,"Base, LE, SE, XLE","2.7L L4 - Gas, 3.5L V6 - Gas",44239
PT42700120,2010,Toyota,RAV4,"Base, Limited, Sport",2.5L L4 - Gas,44253
PT42700120,2009,Toyota,Camry,"Hybrid, LE, SE, XLE","2.4L L4 - Electric/Gas, 2.4L L4 - FULL HYBRID EV-GAS (FHEV), 2.4L L4 - Gas, 3.5L V6 - Gas",44262
PT42700120,2020,Toyota,Tacoma,"Limited, SR, SR5, TRD Off-Road, TRD Pro, TRD Sport","2.7L L4 - Gas, 3.5L V6 - Gas",40875
PT42700120,2020,Toyota,Tundra,"1794 Edition, Limited, Platinum, SR, SR5, TRD Pro",5.7L V8 - Gas,40876
PT42700120,2019,Toyota,4Runner,"Limited, SR5, SR5 Premium, TRD Off-Road, TRD Off-Road Premium, TRD Pro",4.0L V6 - Gas,40877
PT42700120,2019,Toyota,86,"Base, GT, TRD Special Edition",2.0L H4 - Gas,40878
PT42700120,2019,Toyota,Avalon,"Hybrid Limited, Hybrid XLE, Hybrid XSE, Limited, Touring, XLE, XSE","2.5L L4 - Electric/Gas, 2.5L L4 - FULL HYBRID EV-GAS (FHEV), 3.5L V6 - Gas",40879
PT42700120,2019,Toyota,C-HR,"LE, Limited, XLE",2.0L L4 - Gas,40880
PT42700120,2019,Toyota,Camry,"Hybrid LE, Hybrid SE, Hybrid XLE, L, LE, SE, XLE, XSE","2.5L L4 - Electric/Gas, 2.5L L4 - FULL HYBRID EV-GAS (FHEV), 2.5L L4 - Gas, 3.5L V6 - Gas",40881
PT42700120,2019,Toyota,Corolla,"L, LE, LE Eco, SE, XLE, XSE","1.8L L4 - Gas, 2.0L L4 - Gas",40882
PT42700120,2019,Toyota,Highlander,"Hybrid LE, Hybrid Limited, Hybrid Limited Platinum, Hybrid XLE, LE, LE Plus, Limited, Limited Platinum, SE, XLE","2.7L L4 - Gas, 3.5L V6 - Electric/Gas, 3.5L V6 - FULL HYBRID EV-GAS (FHEV), 3.5L V6 - Gas",40883
PT42700120,2019,Toyota,Land Cruiser,Base,5.7L V8 - Gas,40884
PT42700120,2025,Toyota,Sienna,"LE, Limited, Platinum, Woodland Edition, XLE, XSE",2.5L L4 - Electric/Gas,40853
PT42700120,2025,Toyota,Tundra,"1794 Edition, Capstone, Limited, Platinum, SR, SR5, TRD Pro","3.4L V6 - Electric/Gas, 3.4L V6 - Gas",40826
PT42700120,2024,Toyota,Land Cruiser,"1958, Base, First Edition",2.4L L4 - Electric/Gas,40827
PT42700120,2024,Toyota,Prius,"LE, Limited, XLE",2.0L L4 - Electric/Gas,40828
PT42700120,2024,Toyota,Prius Prime,"SE, XSE, XSE Premium",2.0L L4 - Electric/Gas,40829
PT42700120,2024,Toyota,RAV4,"Adventure, Hybrid LE, Hybrid Limited, Hybrid SE, Hybrid Woodland Edition, Hybrid XLE, Hybrid XLE Premium, Hybrid XSE, LE, Limited, TRD Off-Road, XLE, XLE Premium","2.5L L4 - Electric/Gas, 2.5L L4 - Gas",40830
PT42700120,2024,Toyota,RAV4 Prime,"SE, XSE",2.5L L4 - Electric/Gas,40831
PT42700120,2024,Toyota,Sequoia,"Capstone, Limited, Platinum, SR5, TRD Pro",3.4L V6 - Electric/Gas,40832
PT42700120,2024,Toyota,Sienna,"LE, Limited, Platinum, Woodland Edition, XLE, XSE",2.5L L4 - Electric/Gas,40833
PT42700120,2024,Toyota,Tacoma,"Limited, SR, SR5, TRD Off-Road, TRD PreRunner, TRD Pro, TRD Sport, Trailhunter","2.4L L4 - Electric/Gas, 2.4L L4 - Gas",40834
PT42700120,2024,Toyota,Tundra,"1794 Edition, Capstone, Limited, Platinum, SR, SR5, TRD Pro","3.4L V6 - Electric/Gas, 3.4L V6 - Gas",40836
PT42700120,2024,Toyota,Venza,"LE, Limited, Nightshade, XLE",2.5L L4 - Electric/Gas,40837
PT42700120,2023,Toyota,RAV4,"Adventure, Hybrid LE, Hybrid Limited, Hybrid SE, Hybrid Woodland Edition, Hybrid XLE, Hybrid XLE Premium, Hybrid XSE, LE, Limited, TRD Off-Road, XLE, XLE Premium","2.5L L4 - Electric/Gas, 2.5L L4 - FULL HYBRID EV-GAS (FHEV), 2.5L L4 - Gas",40838
PT42700120,2023,Toyota,Tacoma,"Limited, SR, SR5, TRD Off-Road, TRD Pro, TRD Sport, Trail Special Edition","2.7L L4 - Gas, 3.5L V6 - Gas",40839
PT42700120,2023,Toyota,Tundra,"1794 Edition, Capstone, Limited, Platinum, SR, SR5, TRD Pro","3.4L V6 - Electric/Gas, 3.4L V6 - Gas, 3.5L V6 - Gas, 3.5L V6 - MILD HYBRID EV-GAS (MHEV)",40840
PT42700120,2023,Toyota,Venza,"LE, Limited, Nightshade, XLE","2.5L L4 - Electric/Gas, 2.5L L4 - FULL HYBRID EV-GAS (FHEV)",40841
PT42700120,2022,Toyota,Tundra,"1794 Edition, Capstone, Limited, Platinum, SR, SR5, TRD Pro","3.4L V6 - Electric/Gas, 3.4L V6 - Gas, 3.5L V6 - Gas, 3.5L V6 - MILD HYBRID EV-GAS (MHEV)",40844
PT42700120,2022,Toyota,Venza,"LE, Limited, XLE","2.5L L4 - Electric/Gas, 2.5L L4 - FULL HYBRID EV-GAS (FHEV)",40845
PT42700120,2021,Toyota,4Runner,"Limited, Nightshade, SR5, SR5 Premium, TRD Off-Road, TRD Off-Road Premium, TRD Pro, Trail, Venture",4.0L V6 - Gas,40846
PT42700120,2021,Toyota,Avalon,"Hybrid Limited, Hybrid XLE, Hybrid XSE, Limited, Nightshade, TRD, Touring, XLE, XSE, XSE Nightshade","2.5L L4 - Electric/Gas, 2.5L L4 - FULL HYBRID EV-GAS (FHEV), 2.5L L4 - Gas, 3.5L V6 - Gas",40847
PT42700120,2021,Toyota,C-HR,"LE, Limited, Nightshade, XLE",2.0L L4 - Gas,40848
PT42700120,2021,Toyota,Camry,"Hybrid LE, Hybrid SE, Hybrid XLE, Hybrid XSE, LE, SE, SE Nightshade, TRD, XLE, XSE","2.5L L4 - Electric/Gas, 2.5L L4 - FULL HYBRID EV-GAS (FHEV), 2.5L L4 - Gas, 3.5L V6 - Gas",40849
PT42700120,2021,Toyota,Corolla,"Hybrid LE, L, LE, SE, SE Apex, SE Nightshade, XLE, XSE, XSE Apex","1.8L L4 - Electric/Gas, 1.8L L4 - FULL HYBRID EV-GAS (FHEV), 1.8L L4 - Gas, 2.0L L4 - Gas",40850
PT42700120,2021,Toyota,Highlander,"Hybrid LE, Hybrid Limited, Hybrid Platinum, Hybrid XLE, L, LE, Limited, Platinum, XLE, XSE","2.5L L4 - Electric/Gas, 2.5L L4 - FULL HYBRID EV-GAS (FHEV), 3.5L V6 - Gas",48485
PT42700120,2021,Toyota,Land Cruiser,"Base, Heritage Edition",5.7L V8 - Gas,40903
PT42700120,2021,Toyota,Mirai,"Limited, XLE","Electric/Hydrogen, FUEL CELL EV (FCEV), Fuel Cell EV",40904
PT39842130,2015,Toyota,RAV4,"LE, Limited, XLE",2.5L L4 - Gas,40773
PT39842130,2014,Toyota,RAV4,"EV, LE, Limited, XLE","2.5L L4 - Gas, Electric",40774
PT39842130,2013,Toyota,RAV4,"EV, LE, Limited, XLE","2.5L L4 - Gas, Electric",40775
PT72516230,2024,Toyota,Corolla Cross,"L, LE, XLE",2.0L L4 - Gas,42113
PT73142130,2018,Toyota,RAV4,"Adventure, Hybrid Limited, Hybrid SE, Hybrid XLE, LE, Limited, Platinum, SE, XLE","2.5L L4 - Electric/Gas, 2.5L L4 - FULL HYBRID EV-GAS (FHEV), 2.5L L4 - Gas",42114
PT73142130,2017,Toyota,RAV4,"Hybrid Limited, Hybrid SE, Hybrid XLE, LE, Limited, Platinum, SE, XLE","2.5L L4 - Electric/Gas, 2.5L L4 - FULL HYBRID EV-GAS (FHEV), 2.5L L4 - Gas",42115
PT73142130,2016,Toyota,RAV4,"Hybrid Limited, Hybrid XLE, LE, Limited, SE, XLE","2.5L L4 - Electric/Gas, 2.5L L4 - FULL HYBRID EV-GAS (FHEV), 2.5L L4 - Gas",42116
PT73142130,2015,Toyota,RAV4,"LE, Limited, XLE",2.5L L4 - Gas,42117
PT73834220,null,null,null,null,null,42111
PT73834220,null,null,null,null,null,49109
PT74708211,2023,Toyota,Sienna,"25th Anniversary Edition, LE, Limited, Platinum, Woodland Edition, XLE, XSE","2.5L L4 - Electric/Gas, 2.5L L4 - FULL HYBRID EV-GAS (FHEV)",49114
PT7473520102,2017,Toyota,Tacoma,"Limited, SR, SR5, TRD Off-Road, TRD Pro, TRD Sport","2.7L L4 - Gas, 3.5L V6 - Gas",42142
PT7473520102,2016,Toyota,Tacoma,"Limited, SR, SR5, TRD Off-Road, TRD Sport","2.7L L4 - Gas, 3.5L V6 - Gas",42143
PT7473520102,2023,Toyota,Tacoma,"Limited, SR, SR5, TRD Off-Road, TRD Pro, TRD Sport, Trail Special Edition","2.7L L4 - Gas, 3.5L V6 - Gas",42136
PT7473520102,2022,Toyota,Tacoma,"Limited, SR, SR5, TRD Off-Road, TRD Pro, TRD Sport","2.7L L4 - Gas, 3.5L V6 - Gas",42137
PT7473520102,2021,Toyota,Tacoma,"Limited, Nightshade, SR, SR5, TRD Off-Road, TRD Pro, TRD Sport, Trail","2.7L L4 - Gas, 3.5L V6 - Gas",42138
PT7473520102,2020,Toyota,Tacoma,"Limited, SR, SR5, TRD Off-Road, TRD Pro, TRD Sport","2.7L L4 - Gas, 3.5L V6 - Gas",42139
PT7473520102,2019,Toyota,Tacoma,"Limited, SR, SR5, TRD Off-Road, TRD Pro, TRD Sport","2.7L L4 - Gas, 3.5L V6 - Gas",42140
PT7473520102,2018,Toyota,Tacoma,"Limited, SR, SR5, TRD Off-Road, TRD Pro, TRD Sport","2.7L L4 - Gas, 3.5L V6 - Gas",42141
PT7474221102,2024,Toyota,RAV4 Prime,"SE, XSE",2.5L L4 - Electric/Gas,42150
PT7474221102,2023,Toyota,RAV4,"Adventure, Hybrid LE, Hybrid Limited, Hybrid SE, Hybrid Woodland Edition, Hybrid XLE, Hybrid XLE Premium, Hybrid XSE, LE, Limited, TRD Off-Road, XLE, XLE Premium","2.5L L4 - Electric/Gas, 2.5L L4 - FULL HYBRID EV-GAS (FHEV), 2.5L L4 - Gas",42151
PT7474221102,2023,Toyota,RAV4 Prime,"SE, XSE","2.5L L4 - Electric/Gas, 2.5L L4 - PLUG-IN HYBRID EV-GAS (PH",42152
PT7474221102,2022,Toyota,RAV4,"Adventure, Hybrid LE, Hybrid Limited, Hybrid SE, Hybrid XLE, Hybrid XLE Premium, Hybrid XSE, LE, Limited, TRD Off-Road, XLE, XLE Premium","2.5L L4 - Electric/Gas, 2.5L L4 - FULL HYBRID EV-GAS (FHEV), 2.5L L4 - Gas",42153
PT7474221102,2022,Toyota,RAV4 Prime,"SE, XSE","2.5L L4 - Electric/Gas, 2.5L L4 - PLUG-IN HYBRID EV-GAS (PH",42154
PT7474221102,2024,Toyota,RAV4,"Adventure, Hybrid LE, Hybrid Limited, Hybrid SE, Hybrid Woodland Edition, Hybrid XLE, Hybrid XLE Premium, Hybrid XSE, LE, Limited, TRD Off-Road, XLE, XLE Premium","2.5L L4 - Electric/Gas, 2.5L L4 - Gas",42149
PT74747160,2018,Toyota,Prius,"Four, Four Touring, One, Three, Three Touring, Two, Two Eco","1.8L L4 - Electric/Gas, 1.8L L4 - FULL HYBRID EV-GAS (FHEV)",42155
PT74747160,2017,Toyota,Prius,"Four, Four Touring, One, Three, Three Touring, Two, Two Eco","1.8L L4 - Electric/Gas, 1.8L L4 - FULL HYBRID EV-GAS (FHEV)",42156
PT74747160,2016,Toyota,Prius,"Four, Four Touring, Three, Three Touring, Two, Two Eco","1.8L L4 - Electric/Gas, 1.8L L4 - FULL HYBRID EV-GAS (FHEV)",42157
PT74748200,2024,Toyota,Highlander,"Hybrid Bronze Edition, Hybrid LE, Hybrid LE Nightshade, Hybrid Limited, Hybrid Platinum, Hybrid XLE, Hybrid XLE Nightshade, LE, Limited, Platinum, XLE, XSE","2.4L L4 - Gas, 2.5L L4 - Electric/Gas",42158
PT74748200,2023,Toyota,Highlander,"Hybrid Bronze Edition, Hybrid LE, Hybrid Limited, Hybrid Platinum, Hybrid XLE, L, LE, Limited, Platinum, XLE, XSE","2.4L L4 - Gas, 2.5L L4 - Electric/Gas, 2.5L L4 - FULL HYBRID EV-GAS (FHEV)",42159
PT74748200,2022,Toyota,Highlander,"Hybrid Bronze Edition, Hybrid LE, Hybrid Limited, Hybrid Platinum, Hybrid XLE, L, LE, Limited, Platinum, XLE, XSE","2.5L L4 - Electric/Gas, 2.5L L4 - FULL HYBRID EV-GAS (FHEV), 3.5L V6 - Gas",42160
PT74748200,2021,Toyota,Highlander,"Hybrid LE, Hybrid Limited, Hybrid Platinum, Hybrid XLE, L, LE, Limited, Platinum, XLE, XSE","2.5L L4 - Electric/Gas, 2.5L L4 - FULL HYBRID EV-GAS (FHEV), 3.5L V6 - Gas",42161
PT74748200,2020,Toyota,Highlander,"Hybrid LE, Hybrid Limited, Hybrid Platinum, Hybrid XLE, L, LE, Limited, Platinum, XLE","2.5L L4 - Electric/Gas, 2.5L L4 - FULL HYBRID EV-GAS (FHEV), 3.5L V6 - Gas",42162
PT76734220,2023,Toyota,Tundra,"1794 Edition, Capstone, Limited, Platinum, SR, SR5, TRD Pro","3.4L V6 - Electric/Gas, 3.4L V6 - Gas, 3.5L V6 - Gas, 3.5L V6 - MILD HYBRID EV-GAS (MHEV)",42164
PT76734220,2022,Toyota,Tundra,"1794 Edition, Capstone, Limited, Platinum, SR, SR5, TRD Pro","3.4L V6 - Electric/Gas, 3.4L V6 - Gas, 3.5L V6 - Gas, 3.5L V6 - MILD HYBRID EV-GAS (MHEV)",42165
PT76734220,2024,Toyota,Tundra,"1794 Edition, Capstone, Limited, Platinum, SR, SR5, TRD Pro","3.4L V6 - Electric/Gas, 3.4L V6 - Gas",42163
PT76735112,2023,Toyota,Tacoma,"Limited, SR, SR5, TRD Off-Road, TRD Pro, TRD Sport, Trail Special Edition","2.7L L4 - Gas, 3.5L V6 - Gas",42166
PT76735112,2022,Toyota,Tacoma,"Limited, SR, SR5, TRD Off-Road, TRD Pro, TRD Sport","2.7L L4 - Gas, 3.5L V6 - Gas",42167
PT76735112,2021,Toyota,Tacoma,"Limited, Nightshade, SR, SR5, TRD Off-Road, TRD Pro, TRD Sport, Trail","2.7L L4 - Gas, 3.5L V6 - Gas",42168
PT76735112,2020,Toyota,Tacoma,"Limited, SR, SR5, TRD Off-Road, TRD Pro, TRD Sport","2.7L L4 - Gas, 3.5L V6 - Gas",42169
PT76735112,2019,Toyota,Tacoma,"Limited, SR, SR5, TRD Off-Road, TRD Pro, TRD Sport","2.7L L4 - Gas, 3.5L V6 - Gas",42170
PT76735112,2018,Toyota,Tacoma,"Limited, SR, SR5, TRD Off-Road, TRD Pro, TRD Sport","2.7L L4 - Gas, 3.5L V6 - Gas",42171
PT76735112,2017,Toyota,Tacoma,"Limited, SR, SR5, TRD Off-Road, TRD Pro, TRD Sport","2.7L L4 - Gas, 3.5L V6 - Gas",42172
PT76735112,2016,Toyota,Tacoma,"Limited, SR, SR5, TRD Off-Road, TRD Sport","2.7L L4 - Gas, 3.5L V6 - Gas",42173
PT76735112,2015,Toyota,Tacoma,"Base, Pre Runner, TRD Pro","2.7L L4 - Gas, 4.0L V6 - Gas",42174
PT76735112,2014,Toyota,Tacoma,"Base, Pre Runner","2.7L L4 - Gas, 4.0L V6 - Gas",42175
PT76735112,2013,Toyota,Tacoma,"Base, Pre Runner, X-Runner","2.7L L4 - Gas, 4.0L V6 - Gas",42176
PT76735112,2012,Toyota,Tacoma,"Base, Pre Runner, X-Runner","2.7L L4 - Gas, 4.0L V6 - Gas",42177
PT76735112,2011,Toyota,Tacoma,"Base, Pre Runner, X-Runner","2.7L L4 - Gas, 4.0L V6 - Gas",42178
PT76735200,2022,Toyota,Tacoma,"Limited, SR, SR5, TRD Off-Road, TRD Pro, TRD Sport","2.7L L4 - Gas, 3.5L V6 - Gas",42199
PT76735200,2021,Toyota,Tacoma,"Limited, Nightshade, SR, SR5, TRD Off-Road, TRD Pro, TRD Sport, Trail","2.7L L4 - Gas, 3.5L V6 - Gas",42200
PT76735200,2020,Toyota,Tacoma,"Limited, SR, SR5, TRD Off-Road, TRD Pro, TRD Sport","2.7L L4 - Gas, 3.5L V6 - Gas",42201
PT76735200,2019,Toyota,Tacoma,"Limited, SR, SR5, TRD Off-Road, TRD Pro, TRD Sport","2.7L L4 - Gas, 3.5L V6 - Gas",42202
PT76735200,2018,Toyota,Tacoma,"Limited, SR, SR5, TRD Off-Road, TRD Pro, TRD Sport","2.7L L4 - Gas, 3.5L V6 - Gas",42203
PT76735200,2017,Toyota,Tacoma,"Limited, SR, SR5, TRD Off-Road, TRD Pro, TRD Sport","2.7L L4 - Gas, 3.5L V6 - Gas",42204
PT76735200,2016,Toyota,Tacoma,"Limited, SR, SR5, TRD Off-Road, TRD Sport","2.7L L4 - Gas, 3.5L V6 - Gas",42205
PT76735200,2015,Toyota,Tacoma,"Base, Pre Runner, TRD Pro","2.7L L4 - Gas, 4.0L V6 - Gas",42206
PT76735200,2014,Toyota,Tacoma,"Base, Pre Runner","2.7L L4 - Gas, 4.0L V6 - Gas",42207
PT76735200,2013,Toyota,Tacoma,"Base, Pre Runner, X-Runner","2.7L L4 - Gas, 4.0L V6 - Gas",42208
PT76735200,2012,Toyota,Tacoma,"Base, Pre Runner, X-Runner","2.7L L4 - Gas, 4.0L V6 - Gas",42209
PT76735200,2011,Toyota,Tacoma,"Base, Pre Runner, X-Runner","2.7L L4 - Gas, 4.0L V6 - Gas",42210
PT76735200,2010,Toyota,Tacoma,"Base, Pre Runner, X-Runner","2.7L L4 - Gas, 4.0L V6 - Gas",42211
PT76735200,2009,Toyota,Tacoma,"Base, Pre Runner, X-Runner","2.7L L4 - Gas, 4.0L V6 - Gas",42212
PT76735200,2008,Toyota,Tacoma,"Base, Pre Runner, X-Runner","2.7L L4 - Gas, 4.0L V6 - Gas",42213
PT76735200,2007,Toyota,Tacoma,"Base, Pre Runner, X-Runner","2.7L L4 - Gas, 4.0L V6 - Gas",42214
PT76735200,2006,Toyota,Tacoma,"Base, Pre Runner, X-Runner","2.7L L4 - Gas, 4.0L V6 - Gas",42215
PT76735200,2005,Toyota,Tacoma,"Base, Pre Runner, X-Runner","2.7L L4 - Gas, 4.0L V6 - Gas",42216
PT27650190,2025,Toyota,4Runner,"Limited, Platinum, SR5, TRD Off-Road, TRD Off-Road Premium, TRD Pro, TRD Sport, TRD Sport Premium, Trailhunter","2.4L L4 - Electric/Gas, 2.4L L4 - Gas",45725
PT27650190,2025,Toyota,Land Cruiser,"1958, Base",2.4L L4 - Electric/Gas,45726
PT27650190,2024,Toyota,Land Cruiser,"1958, Base, First Edition",2.4L L4 - Electric/Gas,45727
PT27650190,2024,Toyota,Mirai,Limited,Fuel Cell EV,45728
PT27650190,2023,Toyota,Mirai,"Limited, XLE","FUEL CELL EV (FCEV), Fuel Cell EV",45729
PT27650190,2022,Toyota,Mirai,"Limited, Platinum, XLE","Electric/Hydrogen, FUEL CELL EV (FCEV), Fuel Cell EV",45730
PT27650190,2021,Toyota,Mirai,"Limited, XLE","Electric/Hydrogen, FUEL CELL EV (FCEV), Fuel Cell EV",45731
PT4204723050,2023,Toyota,Prius Prime,"SE, XSE, XSE Premium",2.0L L4 - Electric/Gas,45737
PT4204723050,2025,Toyota,Prius,"LE, Limited, Nightshade, Plug-In Hybrid SE, Plug-In Hybrid XSE, Plug-In Hybrid XSE Premium, XLE",2.0L L4 - Electric/Gas,45733
PT4204723050,2024,Toyota,Prius,"LE, Limited, XLE",2.0L L4 - Electric/Gas,45734
PT4204723050,2024,Toyota,Prius Prime,"SE, XSE, XSE Premium",2.0L L4 - Electric/Gas,45735
PT4204723050,2023,Toyota,Prius,"LE, Limited, XLE",2.0L L4 - Electric/Gas,45736
PT4208925102,null,null,null,null,null,45738
PT59342001LH,2021,Toyota,RAV4,"Adventure, Hybrid LE, Hybrid Limited, Hybrid XLE, Hybrid XLE Premium, Hybrid XSE, LE, Limited, TRD Off-Road, XLE, XLE Premium","2.5L L4 - Electric/Gas, 2.5L L4 - FULL HYBRID EV-GAS (FHEV), 2.5L L4 - Gas",45739
PT59342001LH,2020,Toyota,RAV4,"Adventure, Hybrid LE, Hybrid Limited, Hybrid XLE, Hybrid XSE, LE, Limited, TRD Off-Road, XLE, XLE Premium","2.5L L4 - Electric/Gas, 2.5L L4 - FULL HYBRID EV-GAS (FHEV), 2.5L L4 - Gas",45740
PT41389250,2025,Toyota,4Runner,"Limited, Platinum, SR5, TRD Off-Road, TRD Off-Road Premium, TRD Pro, TRD Sport, TRD Sport Premium, Trailhunter","2.4L L4 - Electric/Gas, 2.4L L4 - Gas",45732
PT59342001RH,2021,Toyota,RAV4,"Adventure, Hybrid LE, Hybrid Limited, Hybrid XLE, Hybrid XLE Premium, Hybrid XSE, LE, Limited, TRD Off-Road, XLE, XLE Premium","2.5L L4 - Electric/Gas, 2.5L L4 - FULL HYBRID EV-GAS (FHEV), 2.5L L4 - Gas",45741
PT59342001RH,2020,Toyota,RAV4,"Adventure, Hybrid LE, Hybrid Limited, Hybrid XLE, Hybrid XSE, LE, Limited, TRD Off-Road, XLE, XLE Premium","2.5L L4 - Electric/Gas, 2.5L L4 - FULL HYBRID EV-GAS (FHEV), 2.5L L4 - Gas",45742
PT7318925012,2025,Toyota,4Runner,"Limited, Platinum, SR5, TRD Off-Road, TRD Off-Road Premium, TRD Pro, TRD Sport, TRD Sport Premium, Trailhunter","2.4L L4 - Electric/Gas, 2.4L L4 - Gas",45743
PTR6035240,2025,Toyota,4Runner,"Limited, Platinum, SR5, TRD Off-Road, TRD Off-Road Premium, TRD Pro, TRD Sport, TRD Sport Premium, Trailhunter","2.4L L4 - Electric/Gas, 2.4L L4 - Gas",46261
PT9083520002,2022,Toyota,Tacoma,TRD Pro,3.5L V6 - Gas,46045
PT9083520002,2020,Toyota,Tacoma,"Limited, SR, SR5, TRD Off-Road, TRD Pro, TRD Sport","2.7L L4 - Gas, 3.5L V6 - Gas",39473
PT9083520002,2021,Toyota,Tacoma,"Limited, Nightshade, SR, SR5, TRD Off-Road, TRD Pro, TRD Sport, Trail","2.7L L4 - Gas, 3.5L V6 - Gas",39472
PT90852120,2015,Toyota,Prius C,"Four, One, Three, Two","1.5L L4 - Electric/Gas, 1.5L L4 - FULL HYBRID EV-GAS (FHEV)",46207
PT90852120,2014,Toyota,Prius,"Five, Four, Three, Two","1.8L L4 - Electric/Gas, 1.8L L4 - FULL HYBRID EV-GAS (FHEV)",46208
PT90852120,2014,Toyota,Prius C,"Four, One, Three, Two","1.5L L4 - Electric/Gas, 1.5L L4 - FULL HYBRID EV-GAS (FHEV)",46209
PT90852120,2013,Toyota,Prius,"Five, Four, Three, Two","1.8L L4 - Electric/Gas, 1.8L L4 - FULL HYBRID EV-GAS (FHEV)",46210
PT90852120,2013,Toyota,Prius C,"Four, One, Three, Two","1.5L L4 - Electric/Gas, 1.5L L4 - FULL HYBRID EV-GAS (FHEV)",46211
PT90852120,2012,Toyota,Prius,"Five, Four, Three, Two","1.8L L4 - Electric/Gas, 1.8L L4 - FULL HYBRID EV-GAS (FHEV)",46212
PT90852120,2012,Toyota,Prius C,"Four, One, Three, Two","1.5L L4 - Electric/Gas, 1.5L L4 - FULL HYBRID EV-GAS (FHEV)",46213
PT90852120,2019,Toyota,Prius C,"L, LE","1.5L L4 - Electric/Gas, 1.5L L4 - FULL HYBRID EV-GAS (FHEV)",46089
PT90852120,2018,Toyota,Prius C,"Four, One, Three, Two","1.5L L4 - Electric/Gas, 1.5L L4 - FULL HYBRID EV-GAS (FHEV)",46090
PT90852120,2017,Toyota,Prius C,"Four, One, Three, Two","1.5L L4 - Electric/Gas, 1.5L L4 - FULL HYBRID EV-GAS (FHEV)",46091
PT90852120,2016,Toyota,Prius C,"Four, One, Three, Two","1.5L L4 - Electric/Gas, 1.5L L4 - FULL HYBRID EV-GAS (FHEV)",46092
PT90852120,2015,Toyota,Prius,"Five, Four, One, Persona Series, Three, Two","1.8L L4 - Electric/Gas, 1.8L L4 - FULL HYBRID EV-GAS (FHEV)",46093
PT79100844,2014,Toyota,Highlander,"Hybrid Limited, LE, LE Plus, Limited, XLE","2.7L L4 - Gas, 3.5L V6 - Electric/Gas, 3.5L V6 - FULL HYBRID EV-GAS (FHEV), 3.5L V6 - Gas",46109
PT79100844,2014,Toyota,Sequoia,"Limited, Platinum, SR5","5.7L V8 - Flex, 5.7L V8 - Gas",46110
PT79100844,2014,Toyota,Tacoma,"Base, Pre Runner","2.7L L4 - Gas, 4.0L V6 - Gas",46111
PT79100844,2014,Toyota,Tundra,"1794 Edition, Limited, Platinum, SR, SR5","4.0L V6 - Gas, 4.6L V8 - Gas, 5.7L V8 - Flex, 5.7L V8 - Gas",46112
PT79100844,2013,Toyota,4Runner,"Limited, SR5, Trail",4.0L V6 - Gas,46113
PT79100844,2022,Toyota,4Runner,"Limited, SR5, TRD Off-Road, TRD Off-Road Premium, TRD Pro, TRD Sport, Trail",4.0L V6 - Gas,45750
PT79100844,2020,Toyota,Tundra,"1794 Edition, Limited, Platinum, SR, SR5, TRD Pro",5.7L V8 - Gas,45761
PT79100844,2019,Toyota,4Runner,"Limited, SR5, SR5 Premium, TRD Off-Road, TRD Off-Road Premium, TRD Pro",4.0L V6 - Gas,45762
PT79100844,2022,Toyota,Highlander,"L, LE, Limited, Platinum, XLE, XSE",3.5L V6 - Gas,45751
PT79100844,2017,Toyota,Tundra,"1794 Edition, Limited, Platinum, SR, SR5, TRD Pro","4.6L V8 - Gas, 5.7L V8 - Flex, 5.7L V8 - Gas",46055
PT79100844,2016,Toyota,4Runner,"Limited, SR5, TRD Pro, Trail",4.0L V6 - Gas,46056
PT79100844,2016,Toyota,Highlander,"Hybrid Limited, LE, LE Plus, Limited, XLE","2.7L L4 - Gas, 3.5L V6 - Electric/Gas, 3.5L V6 - FULL HYBRID EV-GAS (FHEV), 3.5L V6 - Gas",46057
PT79100844,2016,Toyota,Sequoia,"Limited, Platinum, SR5","5.7L V8 - Flex, 5.7L V8 - Gas",46058
PT79100844,2016,Toyota,Tacoma,"Limited, SR, SR5, TRD Off-Road, TRD Sport","2.7L L4 - Gas, 3.5L V6 - Gas",46059
PT79100844,2016,Toyota,Tundra,"1794 Edition, Limited, Platinum, SR, SR5, TRD Pro","4.6L V8 - Gas, 5.7L V8 - Flex, 5.7L V8 - Gas",46060
PT79100844,2015,Toyota,4Runner,"Limited, SR5, TRD Pro, Trail",4.0L V6 - Gas,46061
PT79100844,2015,Toyota,Highlander,"Hybrid Limited, LE, LE Plus, Limited, XLE","2.7L L4 - Gas, 3.5L V6 - Electric/Gas, 3.5L V6 - FULL HYBRID EV-GAS (FHEV), 3.5L V6 - Gas",46062
PT79100844,2015,Toyota,Sequoia,"Limited, Platinum, SR5","5.7L V8 - Flex, 5.7L V8 - Gas",46063
PT79100844,2015,Toyota,Tacoma,"Base, Pre Runner, TRD Pro","2.7L L4 - Gas, 4.0L V6 - Gas",46064
PT79100844,2010,Toyota,RAV4,"Base, Limited, Sport","2.5L L4 - Gas, 3.5L V6 - Gas",46065
PT79100844,2010,Toyota,Sequoia,"Limited, Platinum, SR5","4.6L V8 - Gas, 5.7L V8 - Flex, 5.7L V8 - Gas",46066
PT79100844,2010,Toyota,Tacoma,"Base, Pre Runner, X-Runner","2.7L L4 - Gas, 4.0L V6 - Gas",46067
PT79100844,2010,Toyota,Tundra,"Base, Limited, Platinum, SR5","4.0L V6 - Gas, 4.6L V8 - Gas, 5.7L V8 - Flex, 5.7L V8 - Gas",46068
PT79100844,2010,Toyota,Venza,Base,"2.7L L4 - Gas, 3.5L V6 - Gas",46069
PT79100844,2009,Toyota,4Runner,"Limited, SR5, Sport","4.0L V6 - Gas, 4.7L V8 - Gas",46070
PT79100844,2009,Toyota,FJ Cruiser,Base,4.0L V6 - Gas,46071
PT79100844,2002,Toyota,Highlander,"Base, Limited","2.4L L4 - Gas, 3.0L V6 - Gas",46166
PT79100844,2017,Toyota,Tacoma,"Limited, SR, SR5, TRD Off-Road, TRD Pro, TRD Sport","2.7L L4 - Gas, 3.5L V6 - Gas",46054
PT79100844,2009,Toyota,Highlander,"Base, Hybrid, Hybrid Limited, Limited, Sport","2.7L L4 - Gas, 3.3L V6 - Electric/Gas, 3.3L V6 - FULL HYBRID EV-GAS (FHEV), 3.5L V6 - Gas",46072
PT79100844,2009,Toyota,RAV4,"Base, Limited, Sport","2.5L L4 - Gas, 3.5L V6 - Gas",46073
PT79100844,2024,Toyota,4Runner,"Limited, SR5, SR5 Premium, TRD Off-Road, TRD Off-Road Premium, TRD Pro, TRD Sport",4.0L V6 - Gas,45744
PT79100844,2024,Toyota,Tacoma,"Limited, SR, SR5, TRD Off-Road, TRD PreRunner, TRD Pro, TRD Sport, Trailhunter","2.4L L4 - Electric/Gas, 2.4L L4 - Gas",45745
PT79100844,2024,Toyota,Tundra,"1794 Edition, Capstone, Limited, Platinum, SR, SR5, TRD Pro","3.4L V6 - Electric/Gas, 3.4L V6 - Gas",45746
PT79100844,2023,Toyota,4Runner,"40th Anniversary Edition, Limited, SR5, SR5 Premium, TRD Off-Road, TRD Off-Road Premium, TRD Pro, TRD Sport",4.0L V6 - Gas,45747
PT79100844,2023,Toyota,Tacoma,"Limited, SR, SR5, TRD Off-Road, TRD Pro, TRD Sport, Trail Special Edition","2.7L L4 - Gas, 3.5L V6 - Gas",45748
PT79100844,2023,Toyota,Tundra,"1794 Edition, Capstone, Limited, Platinum, SR, SR5, TRD Pro","3.4L V6 - Electric/Gas, 3.4L V6 - Gas, 3.5L V6 - Gas, 3.5L V6 - MILD HYBRID EV-GAS (MHEV)",45749
PT79100844,2022,Toyota,Tacoma,"Limited, SR, SR5, TRD Off-Road, TRD Pro, TRD Sport","2.7L L4 - Gas, 3.5L V6 - Gas",45752
PT79100844,2022,Toyota,Tundra,"1794 Edition, Limited, Platinum, SR, SR5","3.4L V6 - Electric/Gas, 3.4L V6 - Gas, 3.5L V6 - Gas, 3.5L V6 - MILD HYBRID EV-GAS (MHEV)",45753
PT79100844,2021,Toyota,4Runner,"Limited, Nightshade, SR5, SR5 Premium, TRD Off-Road, TRD Off-Road Premium, TRD Pro, Trail, Venture",4.0L V6 - Gas,45754
PT79100844,2021,Toyota,Highlander,"Hybrid LE, Hybrid Limited, Hybrid Platinum, Hybrid XLE, L, LE, Limited, Platinum, XLE, XSE","2.5L L4 - Electric/Gas, 2.5L L4 - FULL HYBRID EV-GAS (FHEV), 3.5L V6 - Gas",45755
PT79100844,2021,Toyota,Tacoma,"Limited, Nightshade, SR, SR5, TRD Off-Road, TRD Pro, TRD Sport, Trail","2.7L L4 - Gas, 3.5L V6 - Gas",45756
PT79100844,2021,Toyota,Tundra,"1794 Edition, Limited, Nightshade, Platinum, SR, SR5, TRD Pro, Trail",5.7L V8 - Gas,45757
PT79100844,2020,Toyota,4Runner,"Limited, Nightshade, SR5, SR5 Premium, TRD Off-Road, TRD Off-Road Premium, TRD Pro, Venture",4.0L V6 - Gas,45758
PT79100844,2020,Toyota,Highlander,"Hybrid LE, Hybrid Limited, Hybrid Platinum, Hybrid XLE, L, LE, Limited, Platinum, XLE","2.5L L4 - Electric/Gas, 2.5L L4 - FULL HYBRID EV-GAS (FHEV), 3.5L V6 - Gas",45759
PT79100844,2020,Toyota,Tacoma,"Limited, SR, SR5, TRD Off-Road, TRD Pro, TRD Sport","2.7L L4 - Gas, 3.5L V6 - Gas",45760
PT79100844,2007,Toyota,Tacoma,"Base, Pre Runner, X-Runner","2.7L L4 - Gas, 4.0L V6 - Gas",46151
PT79100844,2007,Toyota,Tundra,"Base, Limited, SR5","4.0L V6 - Gas, 4.7L V8 - Gas, 5.7L V8 - Gas",46152
PT79100844,2006,Toyota,4Runner,"Limited, SR5, Sport","4.0L V6 - Gas, 4.7L V8 - Gas",46153
PT79100844,2006,Toyota,Highlander,"Base, Hybrid, Hybrid Limited, Limited, Sport","2.4L L4 - Gas, 3.3L V6 - Electric/Gas, 3.3L V6 - FULL HYBRID EV-GAS (FHEV), 3.3L V6 - Gas",46155
PT79100844,2019,Toyota,Highlander,"Hybrid LE, Hybrid Limited, Hybrid Limited Platinum, Hybrid XLE, LE, LE Plus, Limited, Limited Platinum, SE, XLE","2.7L L4 - Gas, 3.5L V6 - Electric/Gas, 3.5L V6 - FULL HYBRID EV-GAS (FHEV), 3.5L V6 - Gas",46094
PT79100844,2019,Toyota,Sequoia,"Limited, Platinum, SR5, TRD Sport",5.7L V8 - Gas,46095
PT79100844,2019,Toyota,Tacoma,"Limited, SR, SR5, TRD Off-Road, TRD Pro, TRD Sport","2.7L L4 - Gas, 3.5L V6 - Gas",46096
PT79100844,2019,Toyota,Tundra,"1794 Edition, Limited, Platinum, SR, SR5, TRD Pro","4.6L V8 - Gas, 5.7L V8 - Flex, 5.7L V8 - Gas",46097
PT79100844,2018,Toyota,4Runner,"Limited, SR5, SR5 Premium, TRD Off-Road, TRD Off-Road Premium, TRD Pro",4.0L V6 - Gas,46098
PT79100844,2018,Toyota,Highlander,"Hybrid LE, Hybrid Limited, Hybrid XLE, LE, LE Plus, Limited, SE, XLE","2.7L L4 - Gas, 3.5L V6 - Electric/Gas, 3.5L V6 - FULL HYBRID EV-GAS (FHEV), 3.5L V6 - Gas",46099
PT79100844,2018,Toyota,Sequoia,"Limited, Platinum, SR5, TRD Sport","5.7L V8 - Flex, 5.7L V8 - Gas",46100
PT79100844,2018,Toyota,Tacoma,"Limited, SR, SR5, TRD Off-Road, TRD Pro, TRD Sport","2.7L L4 - Gas, 3.5L V6 - Gas",46101
PT79100844,2018,Toyota,Tundra,"1794 Edition, Limited, Platinum, SR, SR5","4.6L V8 - Gas, 5.7L V8 - Flex, 5.7L V8 - Gas",46102
PT79100844,2017,Toyota,4Runner,"Limited, SR5, TRD Off-Road, TRD Pro",4.0L V6 - Gas,46103
PT79100844,2017,Toyota,Highlander,"Hybrid LE, Hybrid Limited, Hybrid XLE, LE, LE Plus, Limited, SE, XLE","2.7L L4 - Gas, 3.5L V6 - Electric/Gas, 3.5L V6 - FULL HYBRID EV-GAS (FHEV), 3.5L V6 - Gas",46104
PT79100844,2017,Toyota,Sequoia,"Limited, Platinum, SR5","5.7L V8 - Flex, 5.7L V8 - Gas",46105
PT79100844,2015,Toyota,Tundra,"1794 Edition, Limited, Platinum, SR, SR5, TRD Pro","4.6L V8 - Gas, 5.7L V8 - Flex, 5.7L V8 - Gas",46106
PT79100844,2014,Toyota,4Runner,"Limited, SR5, Trail",4.0L V6 - Gas,46107
PT79100844,2014,Toyota,FJ Cruiser,Base,4.0L V6 - Gas,46108
PT79100844,2013,Toyota,FJ Cruiser,Base,4.0L V6 - Gas,46114
PT79100844,2013,Toyota,Highlander,"Base, Hybrid, Hybrid Limited, Limited, Plus, SE","2.7L L4 - Gas, 3.5L V6 - Electric/Gas, 3.5L V6 - FULL HYBRID EV-GAS (FHEV), 3.5L V6 - Gas",46115
PT79100844,2013,Toyota,Sequoia,"Limited, Platinum, SR5","5.7L V8 - Flex, 5.7L V8 - Gas",46116
PT79100844,2013,Toyota,Tacoma,"Base, Pre Runner, X-Runner","2.7L L4 - Gas, 4.0L V6 - Gas",46117
PT79100844,2013,Toyota,Tundra,"Base, Limited, Platinum","4.0L V6 - Gas, 4.6L V8 - Gas, 5.7L V8 - Flex, 5.7L V8 - Gas",46118
PT79100844,2012,Toyota,4Runner,"Limited, SR5, Trail",4.0L V6 - Gas,46119
PT79100844,2012,Toyota,FJ Cruiser,Base,4.0L V6 - Gas,46120
PT79100844,2012,Toyota,Highlander,"Base, Hybrid, Hybrid Limited, Limited, SE","2.7L L4 - Gas, 3.5L V6 - Electric/Gas, 3.5L V6 - FULL HYBRID EV-GAS (FHEV), 3.5L V6 - Gas",46121
PT79100844,2012,Toyota,RAV4,"Base, EV, Limited, Sport","2.5L L4 - Gas, 3.5L V6 - Gas, Electric",46122
PT79100844,2012,Toyota,Sequoia,"Limited, Platinum, SR5","4.6L V8 - Gas, 5.7L V8 - Flex, 5.7L V8 - Gas",46123
PT79100844,2012,Toyota,Tacoma,"Base, Pre Runner, X-Runner","2.7L L4 - Gas, 4.0L V6 - Gas",46124
PT79100844,2012,Toyota,Tundra,"Base, Limited, Platinum","4.0L V6 - Gas, 4.6L V8 - Gas, 5.7L V8 - Flex, 5.7L V8 - Gas",46125
PT79100844,2011,Toyota,4Runner,"Limited, SR5, Trail",4.0L V6 - Gas,46126
PT79100844,2011,Toyota,FJ Cruiser,Base,4.0L V6 - Gas,46127
PT79100844,2011,Toyota,Highlander,"Base, Hybrid, Hybrid Limited, Limited, SE","2.7L L4 - Gas, 3.5L V6 - Electric/Gas, 3.5L V6 - FULL HYBRID EV-GAS (FHEV), 3.5L V6 - Gas",46128
PT79100844,2011,Toyota,RAV4,"Base, Limited, Sport","2.5L L4 - Gas, 3.5L V6 - Gas",46129
PT79100844,2011,Toyota,Sequoia,"Limited, Platinum, SR5","4.6L V8 - Gas, 5.7L V8 - Flex, 5.7L V8 - Gas",46130
PT79100844,2011,Toyota,Tacoma,"Base, Pre Runner, X-Runner","2.7L L4 - Gas, 4.0L V6 - Gas",46131
PT79100844,2011,Toyota,Tundra,"Base, Limited, Platinum, SR5","4.0L V6 - Gas, 4.6L V8 - Gas, 5.7L V8 - Flex, 5.7L V8 - Gas",46132
PT79100844,2010,Toyota,4Runner,"Limited, SR5, Trail","2.7L L4 - Gas, 4.0L V6 - Gas",46133
PT79100844,2010,Toyota,FJ Cruiser,Base,4.0L V6 - Gas,46134
PT79100844,2010,Toyota,Highlander,"Base, Hybrid, Hybrid Limited, Limited, SE, Sport","2.7L L4 - Gas, 3.3L V6 - Electric/Gas, 3.3L V6 - FULL HYBRID EV-GAS (FHEV), 3.5L V6 - Gas",46135
PT79100844,2009,Toyota,Sequoia,"Limited, Platinum, SR5","4.7L V8 - Gas, 5.7L V8 - Flex, 5.7L V8 - Gas",46136
PT79100844,2009,Toyota,Tacoma,"Base, Pre Runner, X-Runner","2.7L L4 - Gas, 4.0L V6 - Gas",46137
PT79100844,2009,Toyota,Tundra,"Base, Limited, SR5","4.0L V6 - Gas, 4.7L V8 - Gas, 5.7L V8 - Flex, 5.7L V8 - Gas",46138
PT79100844,2009,Toyota,Venza,Base,"2.7L L4 - Gas, 3.5L V6 - Gas",46139
PT79100844,2008,Toyota,4Runner,"Limited, SR5, Sport","4.0L V6 - Gas, 4.7L V8 - Gas",46140
PT79100844,2008,Toyota,FJ Cruiser,"Base, Trail Teams Special Edition",4.0L V6 - Gas,46141
PT79100844,2008,Toyota,Highlander,"Base, Hybrid, Hybrid Limited, Limited, Sport","3.3L V6 - Electric/Gas, 3.3L V6 - FULL HYBRID EV-GAS (FHEV), 3.5L V6 - Gas",46142
PT79100844,2008,Toyota,RAV4,"Base, Limited, Sport","2.4L L4 - Gas, 3.5L V6 - Gas",46143
PT79100844,2008,Toyota,Sequoia,"Limited, Platinum, SR5","4.7L V8 - Gas, 5.7L V8 - Gas",46144
PT79100844,2008,Toyota,Tacoma,"Base, Pre Runner, X-Runner","2.7L L4 - Gas, 4.0L V6 - Gas",46145
PT79100844,2008,Toyota,Tundra,"Base, Limited, SR5","4.0L V6 - Gas, 4.7L V8 - Gas, 5.7L V8 - Gas",46146
PT79100844,2007,Toyota,4Runner,"Limited, SR5, Sport","4.0L V6 - Gas, 4.7L V8 - Gas",46147
PT79100844,2007,Toyota,FJ Cruiser,"Base, TRD Special Edition",4.0L V6 - Gas,46148
PT79100844,2007,Toyota,Highlander,"Base, Hybrid, Hybrid Limited, Limited, Sport","2.4L L4 - Gas, 3.3L V6 - Electric/Gas, 3.3L V6 - FULL HYBRID EV-GAS (FHEV), 3.3L V6 - Gas",46149
PT79100844,2007,Toyota,RAV4,"Base, Limited, Sport","2.4L L4 - Gas, 3.5L V6 - Gas",46150
PT79100844,2006,Toyota,RAV4,"Base, Limited, Sport","2.4L L4 - Gas, 3.5L V6 - Gas",46156
PT79100844,2006,Toyota,Tacoma,"Base, Pre Runner, X-Runner","2.7L L4 - Gas, 4.0L V6 - Gas",46157
PT79100844,2006,Toyota,Tundra,Limited,4.7L V8 - Gas,46158
PT79100844,2005,Toyota,4Runner,"Limited, SR5, Sport","4.0L V6 - Gas, 4.7L V8 - Gas",46159
PT79100844,2005,Toyota,Highlander,"Base, Limited","2.4L L4 - Gas, 3.3L V6 - Gas",46160
PT79100844,2005,Toyota,Tacoma,"Base, Pre Runner, X-Runner","2.7L L4 - Gas, 4.0L V6 - Gas",46161
PT79100844,2004,Toyota,4Runner,"Limited, SR5, Sport","4.0L V6 - Gas, 4.7L V8 - Gas",46162
PT79100844,2004,Toyota,Highlander,"Base, Limited","2.4L L4 - Gas, 3.3L V6 - Gas",46163
PT79100844,2003,Toyota,4Runner,"Limited, SR5, Sport","4.0L V6 - Gas, 4.7L V8 - Gas",46164
PT79100844,2003,Toyota,Highlander,"Base, Limited","2.4L L4 - Gas, 3.0L V6 - Gas",46165
PT9084820020,2023,Toyota,Highlander,"Hybrid Bronze Edition, Hybrid LE, Hybrid Limited, Hybrid Platinum, Hybrid XLE, L, LE, Limited, Platinum, XLE, XSE","2.4L L4 - Gas, 2.5L L4 - Electric/Gas, 2.5L L4 - FULL HYBRID EV-GAS (FHEV)",46085
PT9084820020,2025,Toyota,Highlander,"Hybrid Limited, Hybrid Limited 25th Edition, Hybrid Platinum, Hybrid XLE, Hybrid XLE Nightshade, LE, Limited, Platinum, XLE, XSE","2.4L L4 - Gas, 2.5L L4 - Electric/Gas",46083
PT9084820020,2024,Toyota,Highlander,"Hybrid Bronze Edition, Hybrid LE, Hybrid LE Nightshade, Hybrid Limited, Hybrid Platinum, Hybrid XLE, Hybrid XLE Nightshade, LE, Limited, Platinum, XLE, XSE","2.4L L4 - Gas, 2.5L L4 - Electric/Gas",46084
PT9084820020,2022,Toyota,Highlander,"Hybrid Bronze Edition, Hybrid LE, Hybrid Limited, Hybrid Platinum, Hybrid XLE, L, LE, Limited, Platinum, XLE, XSE","2.5L L4 - Electric/Gas, 2.5L L4 - FULL HYBRID EV-GAS (FHEV), 3.5L V6 - Gas",46086
PT9084820020,2021,Toyota,Highlander,"Hybrid LE, Hybrid Limited, Hybrid Platinum, Hybrid XLE, L, LE, Limited, Platinum, XLE, XSE","2.5L L4 - Electric/Gas, 2.5L L4 - FULL HYBRID EV-GAS (FHEV), 3.5L V6 - Gas",46087
PT9084820020,2020,Toyota,Highlander,"Hybrid LE, Hybrid Limited, Hybrid Platinum, Hybrid XLE, L, LE, Limited, Platinum, XLE","2.5L L4 - Electric/Gas, 2.5L L4 - FULL HYBRID EV-GAS (FHEV), 3.5L V6 - Gas",46088
27600900,2012,Toyota,Venza,"LE, Limited, XLE","2.7L L4 - Gas, 3.5L V6 - Gas",39477
27600900,2010,Scion,tC,Base,2.4L L4 - Gas,39596
27600900,2009,Scion,tC,Base,2.4L L4 - Gas,39610
27600900,2009,Toyota,Avalon,"Limited, XL, XLS",3.5L V6 - Gas,39611
27600900,2009,Toyota,Prius,"Base, Touring","1.5L L4 - Electric/Gas, 1.5L L4 - FULL HYBRID EV-GAS (FHEV)",39614
27600900,2008,Scion,tC,"Base, Spec",2.4L L4 - Gas,39619
27600900,2007,Scion,tC,"Base, Spec",2.4L L4 - Gas,39627
27600900,2006,Scion,tC,Base,2.4L L4 - Gas,39636
27600900,2005,Scion,tC,Base,2.4L L4 - Gas,39645
27600900,2010,Toyota,Camry,"Base, Hybrid, LE, SE, XLE","2.4L L4 - Electric/Gas, 2.4L L4 - FULL HYBRID EV-GAS (FHEV), 2.5L L4 - Gas, 3.5L V6 - Gas",39660
27600900,2010,Toyota,Sienna,"CE, LE, XLE",3.5L V6 - Gas,39662
27600900,2010,Toyota,Tacoma,"Base, Pre Runner, X-Runner","2.7L L4 - Gas, 4.0L V6 - Gas",39663
27600900,2010,Toyota,Venza,Base,"2.7L L4 - Gas, 3.5L V6 - Gas",39664
27600900,2017,Toyota,Prius C,"Four, One, Three, Two","1.5L L4 - Electric/Gas, 1.5L L4 - FULL HYBRID EV-GAS (FHEV)",46487
27600900,2016,Scion,tC,Base,2.5L L4 - Gas,46488
27600900,2019,Toyota,Highlander,"Hybrid LE, Hybrid Limited, Hybrid Limited Platinum, Hybrid XLE, LE, LE Plus, Limited, Limited Platinum, SE, XLE","2.7L L4 - Gas, 3.5L V6 - Electric/Gas, 3.5L V6 - FULL HYBRID EV-GAS (FHEV), 3.5L V6 - Gas",46639
27600900,2017,Toyota,Highlander,"Hybrid LE, Hybrid Limited, Hybrid XLE, LE, LE Plus, Limited, SE, XLE","2.7L L4 - Gas, 3.5L V6 - Electric/Gas, 3.5L V6 - FULL HYBRID EV-GAS (FHEV), 3.5L V6 - Gas",28244
27600900,2017,Toyota,Mirai,Base,"Electric/Hydrogen, FUEL CELL EV (FCEV), Fuel Cell EV",28245
27600900,2017,Toyota,RAV4,"Hybrid Limited, Hybrid SE, Hybrid XLE, LE, Limited, Platinum, SE, XLE","2.5L L4 - Electric/Gas, 2.5L L4 - FULL HYBRID EV-GAS (FHEV), 2.5L L4 - Gas",46561
27600900,2015,Toyota,Venza,"LE, Limited, XLE","2.7L L4 - Gas, 3.5L V6 - Gas",39560
27600900,2015,Toyota,Yaris,"L, LE, SE",1.5L L4 - Gas,39561
27600900,2012,Toyota,Highlander,"Base, Hybrid, Hybrid Limited, Limited, SE","2.7L L4 - Gas, 3.5L V6 - Electric/Gas, 3.5L V6 - FULL HYBRID EV-GAS (FHEV), 3.5L V6 - Gas",39583
27600900,2012,Toyota,RAV4,"Base, EV, Limited, Sport","2.5L L4 - Gas, 3.5L V6 - Gas, Electric",39585
27600900,2012,Toyota,Sienna,"Base, LE, Limited, SE, XLE","2.7L L4 - Gas, 3.5L V6 - Gas",39586
27600900,2012,Toyota,Tacoma,"Base, Pre Runner, X-Runner","2.7L L4 - Gas, 4.0L V6 - Gas",39587
27600900,2011,Toyota,Avalon,"Base, Limited, XLS",3.5L V6 - Gas,39588
27600900,2011,Toyota,Camry,"Base, Hybrid, LE, SE, XLE","2.4L L4 - Electric/Gas, 2.4L L4 - FULL HYBRID EV-GAS (FHEV), 2.5L L4 - Gas, 3.5L V6 - Gas",39589
27600900,2011,Toyota,Highlander,"Base, Hybrid, Hybrid Limited, Limited, SE","2.7L L4 - Gas, 3.5L V6 - Electric/Gas, 3.5L V6 - FULL HYBRID EV-GAS (FHEV), 3.5L V6 - Gas",39590
27600900,2011,Toyota,Prius,Base,"1.8L L4 - Electric/Gas, 1.8L L4 - FULL HYBRID EV-GAS (FHEV)",39591
27600900,2011,Toyota,RAV4,"Base, Limited, Sport","2.5L L4 - Gas, 3.5L V6 - Gas",39592
27600900,2011,Toyota,Sienna,"Base, LE, Limited, SE, XLE","2.7L L4 - Gas, 3.5L V6 - Gas",39593
27600900,2011,Toyota,Tacoma,"Base, Pre Runner, X-Runner","2.7L L4 - Gas, 4.0L V6 - Gas",39594
27600900,2011,Toyota,Venza,Base,"2.7L L4 - Gas, 3.5L V6 - Gas",39595
27600900,2021,Toyota,Venza,"LE, Limited, XLE","2.5L L4 - Electric/Gas, 2.5L L4 - FULL HYBRID EV-GAS (FHEV)",26354
27600900,2020,Toyota,Avalon,"Hybrid Limited, Hybrid XLE, Hybrid XSE, Limited, TRD, Touring, XLE, XSE","2.5L L4 - Electric/Gas, 2.5L L4 - FULL HYBRID EV-GAS (FHEV), 3.5L V6 - Gas",26355
27600900,2020,Toyota,C-HR,"LE, Limited, XLE",2.0L L4 - Gas,26356
27600900,2020,Toyota,Camry,"Hybrid LE, Hybrid SE, Hybrid XLE, L, LE, SE, SE Nightshade, TRD, XLE, XSE","2.5L L4 - Electric/Gas, 2.5L L4 - FULL HYBRID EV-GAS (FHEV), 2.5L L4 - Gas, 3.5L V6 - Gas",26357
27600900,2020,Toyota,Corolla,"Hybrid LE, L, LE, SE, SE Nightshade, XLE, XSE","1.8L L4 - Electric/Gas, 1.8L L4 - FULL HYBRID EV-GAS (FHEV), 1.8L L4 - Gas, 2.0L L4 - Gas",26358
27600900,2020,Toyota,Highlander,"Hybrid LE, Hybrid Limited, Hybrid Platinum, Hybrid XLE, L, LE, Limited, Platinum, XLE","2.5L L4 - Electric/Gas, 2.5L L4 - FULL HYBRID EV-GAS (FHEV), 3.5L V6 - Gas",46633
27600900,2020,Toyota,Prius,"Base, L Eco, LE, Limited, XLE","1.8L L4 - Electric/Gas, 1.8L L4 - FULL HYBRID EV-GAS (FHEV)",28184
27600900,2020,Toyota,Prius Prime,"LE, Limited, XLE","1.8L L4 - Electric/Gas, 1.8L L4 - PLUG-IN HYBRID EV-GAS (PH",28167
27600900,2005,Toyota,Solara,"SE, SLE","2.4L L4 - Gas, 3.3L V6 - Gas",39651
27600900,2005,Toyota,Tacoma,"Base, Pre Runner, X-Runner","2.7L L4 - Gas, 4.0L V6 - Gas",39652
27600900,2004,Toyota,Camry,"LE, SE, XLE","2.4L L4 - Gas, 3.0L V6 - Gas, 3.3L V6 - Gas",39653
27600900,2004,Toyota,Sienna,"CE, LE, XLE, XLE Limited",3.3L V6 - Gas,39655
27600900,2013,Toyota,Venza,"LE, Limited, XLE","2.7L L4 - Gas, 3.5L V6 - Gas",39579
27600900,2013,Toyota,Yaris,"L, LE, SE",1.5L L4 - Gas,39580
27600900,2019,Toyota,Camry,"Hybrid LE, Hybrid SE, Hybrid XLE, L, LE, SE, XLE, XSE","2.5L L4 - Electric/Gas, 2.5L L4 - FULL HYBRID EV-GAS (FHEV), 2.5L L4 - Gas, 3.5L V6 - Gas",28173
27600900,2019,Toyota,Corolla,"L, LE, LE Eco, SE, XLE, XSE","1.8L L4 - Gas, 2.0L L4 - Gas",28174
27600900,2019,Toyota,Prius,"L Eco, LE, Limited, XLE","1.8L L4 - Electric/Gas, 1.8L L4 - FULL HYBRID EV-GAS (FHEV)",28175
27600900,2019,Toyota,Prius C,"L, LE","1.5L L4 - Electric/Gas, 1.5L L4 - FULL HYBRID EV-GAS (FHEV)",28176
27600900,2019,Toyota,Prius Prime,"Advanced, Plus, Premium","1.8L L4 - Electric/Gas, 1.8L L4 - PLUG-IN HYBRID EV-GAS (PH",28177
27600900,2019,Toyota,RAV4,"Adventure, Hybrid LE, Hybrid Limited, Hybrid XLE, Hybrid XSE, LE, Limited, XLE, XLE Premium","2.5L L4 - Electric/Gas, 2.5L L4 - FULL HYBRID EV-GAS (FHEV), 2.5L L4 - Gas",28178
27600900,2019,Toyota,Sienna,"L, LE, Limited, Limited Premium, SE, SE Premium, XLE, XLE Premium",3.5L V6 - Gas,28179
27600900,2019,Toyota,Tacoma,"Limited, SR, SR5, TRD Off-Road, TRD Pro, TRD Sport","2.7L L4 - Gas, 3.5L V6 - Gas",28180
27600900,2012,Toyota,Avalon,"Base, Limited",3.5L V6 - Gas,39581
27600900,2007,Toyota,Highlander,"Base, Hybrid, Hybrid Limited, Limited, Sport","2.4L L4 - Gas, 3.3L V6 - Electric/Gas, 3.3L V6 - FULL HYBRID EV-GAS (FHEV), 3.3L V6 - Gas",39631
27600900,2007,Toyota,Sienna,"CE, LE, Limited, XLE",3.5L V6 - Gas,39633
27600900,2007,Toyota,Solara,"SE, SLE, Sport","2.4L L4 - Gas, 3.3L V6 - Gas",39634
27600900,2007,Toyota,Tacoma,"Base, Pre Runner, X-Runner","2.7L L4 - Gas, 4.0L V6 - Gas",39635
27600900,2006,Toyota,Avalon,"Limited, Touring, XL, XLS",3.5L V6 - Gas,39637
27600900,2006,Toyota,Camry,"Base, LE, SE, XLE","2.4L L4 - Gas, 3.0L V6 - Gas, 3.3L V6 - Gas",39638
27600900,2006,Toyota,Corolla,"CE, LE, S, XRS",1.8L L4 - Gas,39639
27600900,2006,Toyota,Highlander,"Base, Hybrid, Hybrid Limited, Limited, Sport","2.4L L4 - Gas, 3.3L V6 - Electric/Gas, 3.3L V6 - FULL HYBRID EV-GAS (FHEV), 3.3L V6 - Gas",39640
27600900,2006,Toyota,Sienna,"CE, LE, Limited, XLE",3.3L V6 - Gas,39642
27600900,2006,Toyota,Solara,"SE, SE Sport, SLE","2.4L L4 - Gas, 3.3L V6 - Gas",39643
27600900,2006,Toyota,Tacoma,"Base, Pre Runner, X-Runner","2.7L L4 - Gas, 4.0L V6 - Gas",39644
27600900,2005,Toyota,Avalon,"Limited, Touring, XL, XLS",3.5L V6 - Gas,39646
27600900,2005,Toyota,Camry,"Base, LE, SE, XLE","2.4L L4 - Gas, 3.0L V6 - Gas, 3.3L V6 - Gas",39647
27600900,2005,Toyota,Corolla,"CE, LE, S, XRS",1.8L L4 - Gas,39648
27600900,2005,Toyota,Highlander,"Base, Limited","2.4L L4 - Gas, 3.3L V6 - Gas",39649
27600900,2005,Toyota,Sienna,"CE, LE, XLE, XLE Limited",3.3L V6 - Gas,39650
27600900,2004,Toyota,Corolla,"CE, LE, S",1.8L L4 - Gas,39654
27600900,2020,Toyota,Sienna,"L, LE, Limited, Limited Premium, SE, SE Premium, XLE, XLE Premium",3.5L V6 - Gas,28169
27600900,2020,Toyota,Tacoma,"Limited, SR, SR5, TRD Off-Road, TRD Pro, TRD Sport","2.7L L4 - Gas, 3.5L V6 - Gas",28170
27600900,2019,Toyota,Avalon,"Hybrid Limited, Hybrid XLE, Hybrid XSE, Limited, Touring, XLE, XSE","2.5L L4 - Electric/Gas, 2.5L L4 - FULL HYBRID EV-GAS (FHEV), 3.5L V6 - Gas",28171
27600900,2019,Toyota,C-HR,"LE, Limited, XLE",2.0L L4 - Gas,28172
27600900,2018,Toyota,Avalon,"Hybrid Limited, Hybrid XLE Plus, Hybrid XLE Premium, Limited, Touring, XLE, XLE Plus, XLE Premium","2.5L L4 - Electric/Gas, 2.5L L4 - FULL HYBRID EV-GAS (FHEV), 3.5L V6 - Gas",46486
27600900,2018,Toyota,C-HR,"XLE, XLE Premium",2.0L L4 - Gas,28247
27600900,2018,Toyota,Camry,"Hybrid LE, Hybrid SE, Hybrid XLE, L, LE, SE, XLE, XSE","2.5L L4 - Electric/Gas, 2.5L L4 - FULL HYBRID EV-GAS (FHEV), 2.5L L4 - Gas, 3.5L V6 - Gas",28229
27600900,2018,Toyota,Corolla,"L, LE, LE Eco, SE, XLE, XSE",1.8L L4 - Gas,28230
27600900,2025,Toyota,Sienna,"LE, Limited, Platinum, Woodland Edition, XLE, XSE",2.5L L4 - Electric/Gas,26293
27600900,2024,Toyota,Camry,"Hybrid LE, Hybrid SE, Hybrid SE Nightshade, Hybrid XLE, Hybrid XSE, LE, SE, SE Nightshade, TRD, XLE, XSE","2.5L L4 - Electric/Gas, 2.5L L4 - Gas, 3.5L V6 - Gas",46674
27600900,2024,Toyota,Highlander,"Hybrid Bronze Edition, Hybrid LE, Hybrid LE Nightshade, Hybrid Limited, Hybrid Platinum, Hybrid XLE, Hybrid XLE Nightshade, LE, Limited, Platinum, XLE, XSE","2.4L L4 - Gas, 2.5L L4 - Electric/Gas",26286
27600900,2024,Toyota,RAV4 Prime,"SE, XSE",2.5L L4 - Electric/Gas,26287
27600900,2024,Toyota,Sienna,"LE, Limited, Platinum, Woodland Edition, XLE, XSE",2.5L L4 - Electric/Gas,26288
27600900,2024,Toyota,Venza,"LE, Limited, Nightshade, XLE",2.5L L4 - Electric/Gas,26289
27600900,2022,Toyota,Tacoma,"Limited, SR, SR5, TRD Off-Road, TRD Pro, TRD Sport","2.7L L4 - Gas, 3.5L V6 - Gas",26290
27600900,2021,Toyota,Avalon,"Hybrid Limited, Hybrid XLE, Hybrid XSE, Limited, Nightshade, TRD, Touring, XLE, XSE, XSE Nightshade","2.5L L4 - Electric/Gas, 2.5L L4 - FULL HYBRID EV-GAS (FHEV), 2.5L L4 - Gas, 3.5L V6 - Gas",26291
27600900,2021,Toyota,C-HR,"LE, Limited, Nightshade, XLE",2.0L L4 - Gas,26292
27600900,2021,Toyota,Camry,"Hybrid LE, Hybrid SE, Hybrid XLE, Hybrid XSE, LE, SE, SE Nightshade, TRD, XLE, XSE","2.5L L4 - Electric/Gas, 2.5L L4 - FULL HYBRID EV-GAS (FHEV), 2.5L L4 - Gas, 3.5L V6 - Gas",46426
27600900,2021,Toyota,Corolla,"Hybrid LE, L, LE, SE, SE Apex, SE Nightshade, XLE, XSE, XSE Apex","1.8L L4 - Electric/Gas, 1.8L L4 - FULL HYBRID EV-GAS (FHEV), 1.8L L4 - Gas, 2.0L L4 - Gas",26360
27600900,2021,Toyota,Highlander,"Hybrid LE, Hybrid Limited, Hybrid Platinum, Hybrid XLE, L, LE, Limited, Platinum, XLE, XSE","2.5L L4 - Electric/Gas, 2.5L L4 - FULL HYBRID EV-GAS (FHEV), 3.5L V6 - Gas",26349
27600900,2021,Toyota,Prius,"2020 Edition, L Eco, LE, Limited, XLE","1.8L L4 - Electric/Gas, 1.8L L4 - FULL HYBRID EV-GAS (FHEV)",26350
27600900,2021,Toyota,Prius Prime,"LE, Limited, XLE","1.8L L4 - Electric/Gas, 1.8L L4 - PLUG-IN HYBRID EV-GAS (PH",26351
27600900,2021,Toyota,RAV4,"Adventure, Hybrid LE, Hybrid Limited, Hybrid XLE, Hybrid XLE Premium, Hybrid XSE, LE, Limited, TRD Off-Road, XLE, XLE Premium","2.5L L4 - Electric/Gas, 2.5L L4 - FULL HYBRID EV-GAS (FHEV), 2.5L L4 - Gas",46427
27600900,2021,Toyota,Sienna,"LE, Limited, Platinum, XLE, XSE","2.5L L4 - Electric/Gas, 2.5L L4 - FULL HYBRID EV-GAS (FHEV)",26352
27600900,2021,Toyota,Tacoma,"Limited, Nightshade, SR, SR5, TRD Off-Road, TRD Pro, TRD Sport, Trail","2.7L L4 - Gas, 3.5L V6 - Gas",26353
27600900,2020,Toyota,RAV4,"Adventure, Hybrid LE, Hybrid Limited, Hybrid XLE, Hybrid XSE, LE, Limited, TRD Off-Road, XLE, XLE Premium","2.5L L4 - Electric/Gas, 2.5L L4 - FULL HYBRID EV-GAS (FHEV), 2.5L L4 - Gas",28168
27600900,2009,Toyota,Camry,"Base, Hybrid, LE, SE, XLE","2.4L L4 - Electric/Gas, 2.4L L4 - FULL HYBRID EV-GAS (FHEV), 2.4L L4 - Gas, 3.5L V6 - Gas",39612
27600900,2009,Toyota,Highlander,"Base, Hybrid, Hybrid Limited, Limited, Sport","2.7L L4 - Gas, 3.3L V6 - Electric/Gas, 3.3L V6 - FULL HYBRID EV-GAS (FHEV), 3.5L V6 - Gas",39613
27600900,2009,Toyota,RAV4,"Base, Limited, Sport","2.5L L4 - Gas, 3.5L V6 - Gas",39615
27600900,2009,Toyota,Sienna,"CE, LE, XLE",3.5L V6 - Gas,39616
27600900,2009,Toyota,Tacoma,"Base, Pre Runner, X-Runner","2.7L L4 - Gas, 4.0L V6 - Gas",39617
27600900,2009,Toyota,Venza,Base,"2.7L L4 - Gas, 3.5L V6 - Gas",39618
27600900,2008,Toyota,Avalon,"Limited, Touring, XL, XLS",3.5L V6 - Gas,39620
27600900,2008,Toyota,Camry,"CE, Hybrid, LE, SE, XLE","2.4L L4 - Electric/Gas, 2.4L L4 - FULL HYBRID EV-GAS (FHEV), 2.4L L4 - Gas, 3.5L V6 - Gas",39621
27600900,2008,Toyota,Highlander,"Base, Hybrid, Hybrid Limited, Limited, Sport","3.3L V6 - Electric/Gas, 3.3L V6 - FULL HYBRID EV-GAS (FHEV), 3.5L V6 - Gas",39622
27600900,2008,Toyota,Prius,"Base, Touring","1.5L L4 - Electric/Gas, 1.5L L4 - FULL HYBRID EV-GAS (FHEV)",39623
27600900,2008,Toyota,Sienna,"CE, LE, Limited, XLE",3.5L V6 - Gas,39624
27600900,2018,Toyota,Corolla iM,Base,1.8L L4 - Gas,28231
27600900,2018,Toyota,Highlander,"Hybrid LE, Hybrid Limited, Hybrid XLE, LE, LE Plus, Limited, SE, XLE","2.7L L4 - Gas, 3.5L V6 - Electric/Gas, 3.5L V6 - FULL HYBRID EV-GAS (FHEV), 3.5L V6 - Gas",28232
27600900,2018,Toyota,Prius,"Four, Four Touring, One, Three, Three Touring, Two, Two Eco","1.8L L4 - Electric/Gas, 1.8L L4 - FULL HYBRID EV-GAS (FHEV)",28233
27600900,2018,Toyota,Prius C,"Four, One, Three, Two","1.5L L4 - Electric/Gas, 1.5L L4 - FULL HYBRID EV-GAS (FHEV)",28234
27600900,2018,Toyota,Prius Prime,"Advanced, Plus, Premium","1.8L L4 - Electric/Gas, 1.8L L4 - PLUG-IN HYBRID EV-GAS (PH",28235
27600900,2018,Toyota,RAV4,"Adventure, Hybrid Limited, Hybrid SE, Hybrid XLE, LE, Limited, Platinum, SE, XLE","2.5L L4 - Electric/Gas, 2.5L L4 - FULL HYBRID EV-GAS (FHEV), 2.5L L4 - Gas",28236
27600900,2018,Toyota,Sienna,"L, LE, Limited, Limited Premium, SE, SE Premium, XLE, XLE Premium",3.5L V6 - Gas,28237
27600900,2018,Toyota,Tacoma,"Limited, SR, SR5, TRD Off-Road, TRD Pro, TRD Sport","2.7L L4 - Gas, 3.5L V6 - Gas",28238
27600900,2018,Toyota,Yaris,"L, LE, SE",1.5L L4 - Gas,28239
27600900,2017,Toyota,Avalon,"Hybrid Limited, Hybrid XLE Plus, Hybrid XLE Premium, Limited, Touring, XLE, XLE Plus, XLE Premium","2.5L L4 - Electric/Gas, 2.5L L4 - FULL HYBRID EV-GAS (FHEV), 3.5L V6 - Gas",28240
27600900,2017,Toyota,Camry,"Hybrid LE, Hybrid SE, Hybrid XLE, LE, SE, XLE, XSE","2.5L L4 - Electric/Gas, 2.5L L4 - FULL HYBRID EV-GAS (FHEV), 2.5L L4 - Gas, 3.5L V6 - Gas",28241
27600900,2017,Toyota,Corolla,"50th Anniversary Special Edition, L, LE, LE Eco, SE, XLE, XSE",1.8L L4 - Gas,28242
27600900,2017,Toyota,Corolla iM,Base,1.8L L4 - Gas,28243
27600900,2017,Toyota,Prius,"Four, Four Touring, One, Three, Three Touring, Two, Two Eco","1.8L L4 - Electric/Gas, 1.8L L4 - FULL HYBRID EV-GAS (FHEV)",28246
27600900,2017,Toyota,Prius Prime,"Advanced, Plus, Premium","1.8L L4 - Electric/Gas, 1.8L L4 - PLUG-IN HYBRID EV-GAS (PH",39540
27600900,2017,Toyota,Prius V,"Five, Four, Three, Two","1.8L L4 - Electric/Gas, 1.8L L4 - FULL HYBRID EV-GAS (FHEV)",39538
27600900,2017,Toyota,Sienna,"L, LE, Limited, SE, XLE",3.5L V6 - Gas,28181
27600900,2017,Toyota,Yaris,"L, LE, SE",1.5L L4 - Gas,28182
27600900,2016,Toyota,Avalon,"Hybrid Limited, Hybrid XLE Plus, Hybrid XLE Premium, Limited, Touring, XLE, XLE Plus, XLE Premium","2.5L L4 - Electric/Gas, 2.5L L4 - FULL HYBRID EV-GAS (FHEV), 3.5L V6 - Gas",39598
27600900,2016,Toyota,Camry,"Hybrid LE, Hybrid SE, Hybrid XLE, LE, SE, Special Edition, XLE, XSE","2.5L L4 - Electric/Gas, 2.5L L4 - FULL HYBRID EV-GAS (FHEV), 2.5L L4 - Gas, 3.5L V6 - Gas",39543
27600900,2016,Toyota,Corolla,"L, LE, LE Eco, S, Special Edition",1.8L L4 - Gas,39544
27600900,2016,Toyota,Highlander,"Hybrid Limited, LE, LE Plus, Limited, XLE","2.7L L4 - Gas, 3.5L V6 - Electric/Gas, 3.5L V6 - FULL HYBRID EV-GAS (FHEV), 3.5L V6 - Gas",39545
27600900,2016,Toyota,Mirai,Base,"Electric/Hydrogen, FUEL CELL EV (FCEV), Fuel Cell EV",39546
27600900,2016,Toyota,Prius,"Four, Four Touring, Three, Three Touring, Two, Two Eco","1.8L L4 - Electric/Gas, 1.8L L4 - FULL HYBRID EV-GAS (FHEV)",39547
27600900,2016,Toyota,Prius V,"Five, Four, Three, Two","1.8L L4 - Electric/Gas, 1.8L L4 - FULL HYBRID EV-GAS (FHEV)",39548
27600900,2016,Toyota,RAV4,"Hybrid Limited, Hybrid XLE, LE, Limited, SE, XLE","2.5L L4 - Electric/Gas, 2.5L L4 - FULL HYBRID EV-GAS (FHEV), 2.5L L4 - Gas",39549
27600900,2016,Toyota,Sienna,"L, LE, Limited, SE, XLE",3.5L V6 - Gas,39550
27600900,2016,Toyota,Tacoma,"Limited, SR, SR5, TRD Off-Road, TRD Sport","2.7L L4 - Gas, 3.5L V6 - Gas",39551
27600900,2016,Toyota,Yaris,"L, LE, SE",1.5L L4 - Gas,39552
27600900,2015,Toyota,Avalon,"Hybrid Limited, Hybrid XLE Premium, Hybrid XLE Touring, Limited, XLE, XLE Premium, XLE Touring, XLE Touring SE","2.5L L4 - Electric/Gas, 2.5L L4 - FULL HYBRID EV-GAS (FHEV), 3.5L V6 - Gas",46489
27600900,2015,Toyota,Camry,"Hybrid LE, Hybrid SE, Hybrid XLE, LE, SE, XLE, XSE","2.5L L4 - Electric/Gas, 2.5L L4 - FULL HYBRID EV-GAS (FHEV), 2.5L L4 - Gas, 3.5L V6 - Gas",39553
27600900,2015,Toyota,Corolla,"L, LE, LE Eco, S",1.8L L4 - Gas,39554
27600900,2015,Toyota,Highlander,"Hybrid Limited, LE, LE Plus, Limited, XLE","2.7L L4 - Gas, 3.5L V6 - Electric/Gas, 3.5L V6 - FULL HYBRID EV-GAS (FHEV), 3.5L V6 - Gas",39555
27600900,2015,Toyota,Prius,"Five, Four, One, Persona Series, Three, Two","1.8L L4 - Electric/Gas, 1.8L L4 - FULL HYBRID EV-GAS (FHEV)",39556
27600900,2015,Toyota,RAV4,"LE, Limited, XLE",2.5L L4 - Gas,39557
27600900,2015,Toyota,Sienna,"L, LE, Limited, SE, XLE",3.5L V6 - Gas,39558
27600900,2015,Toyota,Tacoma,"Base, Pre Runner, TRD Pro","2.7L L4 - Gas, 4.0L V6 - Gas",39559
27600900,2014,Toyota,Avalon,"Hybrid Limited, Hybrid XLE, Limited, XLE, XLE Premium, XLE Touring","2.5L L4 - Electric/Gas, 2.5L L4 - FULL HYBRID EV-GAS (FHEV), 3.5L V6 - Gas",39562
27600900,2014,Toyota,Camry,"Hybrid LE, Hybrid SE, Hybrid XLE, L, LE, SE, SE Sport, XLE","2.5L L4 - Electric/Gas, 2.5L L4 - FULL HYBRID EV-GAS (FHEV), 2.5L L4 - Gas, 3.5L V6 - Gas",39563
27600900,2014,Toyota,Corolla,"L, LE, LE Eco, Le Eco Plus, S",1.8L L4 - Gas,39564
27600900,2014,Toyota,Highlander,"Hybrid Limited, LE, LE Plus, Limited, XLE","2.7L L4 - Gas, 3.5L V6 - Electric/Gas, 3.5L V6 - FULL HYBRID EV-GAS (FHEV), 3.5L V6 - Gas",39565
27600900,2014,Toyota,Prius,"Five, Four, Three, Two","1.8L L4 - Electric/Gas, 1.8L L4 - FULL HYBRID EV-GAS (FHEV)",39566
27600900,2014,Toyota,RAV4,"EV, LE, Limited, XLE","2.5L L4 - Gas, Electric",39567
27600900,2014,Toyota,Sienna,"L, LE, Limited, SE, XLE",3.5L V6 - Gas,39568
27600900,2014,Toyota,Tacoma,"Base, Pre Runner","2.7L L4 - Gas, 4.0L V6 - Gas",39569
27600900,2014,Toyota,Venza,"LE, Limited, XLE","2.7L L4 - Gas, 3.5L V6 - Gas",39570
27600900,2014,Toyota,Yaris,"L, LE, SE",1.5L L4 - Gas,39571
27600900,2013,Toyota,Avalon,"Hybrid Limited, Hybrid XLE, Limited, XLE, XLE Premium, XLE Touring","2.5L L4 - Electric/Gas, 2.5L L4 - FULL HYBRID EV-GAS (FHEV), 3.5L V6 - Gas",39572
27600900,2013,Toyota,Camry,"Hybrid LE, Hybrid XLE, L, LE, SE, XLE","2.5L L4 - Electric/Gas, 2.5L L4 - FULL HYBRID EV-GAS (FHEV), 2.5L L4 - Gas, 3.5L V6 - Gas",39573
27600900,2013,Toyota,Highlander,"Base, Hybrid, Hybrid Limited, Limited, Plus, SE","2.7L L4 - Gas, 3.5L V6 - Electric/Gas, 3.5L V6 - FULL HYBRID EV-GAS (FHEV), 3.5L V6 - Gas",39574
27600900,2013,Toyota,Prius,"Five, Four, Three, Two","1.8L L4 - Electric/Gas, 1.8L L4 - FULL HYBRID EV-GAS (FHEV)",39575
27600900,2013,Toyota,RAV4,"EV, LE, Limited, XLE","2.5L L4 - Gas, Electric",39576
27600900,2013,Toyota,Sienna,"Base, L, LE, Limited, SE, XLE",3.5L V6 - Gas,39577
27600900,2013,Toyota,Tacoma,"Base, Pre Runner, X-Runner","2.7L L4 - Gas, 4.0L V6 - Gas",39578
27600900,2012,Toyota,Camry,"Hybrid LE, Hybrid XLE, L, LE, SE, XLE","2.5L L4 - Electric/Gas, 2.5L L4 - FULL HYBRID EV-GAS (FHEV), 2.5L L4 - Gas, 3.5L V6 - Gas",39582
27600900,2012,Toyota,Prius,"Five, Four, Three, Two","1.8L L4 - Electric/Gas, 1.8L L4 - FULL HYBRID EV-GAS (FHEV)",39584
27600900,2010,Toyota,Avalon,"Limited, XL, XLS",3.5L V6 - Gas,39597
27600900,2010,Toyota,Highlander,"Base, Hybrid, Hybrid Limited, Limited, SE, Sport","2.7L L4 - Gas, 3.3L V6 - Electric/Gas, 3.3L V6 - FULL HYBRID EV-GAS (FHEV), 3.5L V6 - Gas",39661
27600900,2010,Toyota,Prius,Base,"1.8L L4 - Electric/Gas, 1.8L L4 - FULL HYBRID EV-GAS (FHEV)",39608
27600900,2010,Toyota,RAV4,"Base, Limited, Sport","2.5L L4 - Gas, 3.5L V6 - Gas",39609
27600900,2008,Toyota,Solara,"SE, SLE, Sport","2.4L L4 - Gas, 3.3L V6 - Gas",39625
27600900,2008,Toyota,Tacoma,"Base, Pre Runner, X-Runner","2.7L L4 - Gas, 4.0L V6 - Gas",39626
27600900,2007,Toyota,Avalon,"Limited, Touring, XL, XLS",3.5L V6 - Gas,39628
27600900,2007,Toyota,Camry,"CE, Hybrid, LE, SE, XLE","2.4L L4 - Electric/Gas, 2.4L L4 - FULL HYBRID EV-GAS (FHEV), 2.4L L4 - Gas, 3.5L V6 - Gas",39629
27600900,2007,Toyota,Corolla,"CE, LE, S",1.8L L4 - Gas,39630
27600900,2007,Toyota,Prius,"Base, Touring","1.5L L4 - Electric/Gas, 1.5L L4 - FULL HYBRID EV-GAS (FHEV)",39632
27600900,2006,Toyota,Prius,Base,"1.5L L4 - Electric/Gas, 1.5L L4 - FULL HYBRID EV-GAS (FHEV)",39641
27600900,2004,Toyota,Solara,"SE, SLE","2.4L L4 - Gas, 3.3L V6 - Gas",39656
27600900,2003,Toyota,Camry,"LE, SE, XLE","2.4L L4 - Gas, 3.0L V6 - Gas",39657
27600900,2003,Toyota,Corolla,"CE, LE, S",1.8L L4 - Gas,39658
27600900,2002,Toyota,Camry,"LE, SE, XLE","2.4L L4 - Gas, 3.0L V6 - Gas",39659
PT7670C660,2024,Toyota,Sequoia,"Capstone, Limited, Platinum, SR5, TRD Pro",3.4L V6 - Electric/Gas,39454
PT9480321002,2021,Toyota,Camry,"TRD, XSE","2.5L L4 - Gas, 3.5L V6 - Gas",39502
PT9480321002,2022,Toyota,Camry,"TRD, XLE, XSE","2.5L L4 - Gas, 3.5L V6 - Gas",39503
PT9480321002,2023,Toyota,Camry,"TRD, XSE","2.5L L4 - Gas, 3.5L V6 - Gas",39504
PT9480321002,2024,Toyota,Camry,"TRD, XSE","2.5L L4 - Gas, 3.5L V6 - Gas",39505
PTR6035190,2017,Toyota,Tacoma,"Limited, SR, SR5, TRD Off-Road, TRD Pro, TRD Sport","2.7L L4 - Gas, 3.5L V6 - Gas",39527
PTR6035190,2018,Toyota,Tacoma,"Limited, SR, SR5, TRD Off-Road, TRD Pro, TRD Sport","2.7L L4 - Gas, 3.5L V6 - Gas",39528
PTR6035190,2023,Toyota,Tacoma,"Limited, SR, SR5, TRD Off-Road, TRD Pro, TRD Sport, Trail Special Edition","2.7L L4 - Gas, 3.5L V6 - Gas",39529
PT90C3524002,null,null,null,null,null,42439
PT90C3524002,null,null,null,null,null,49502
PT90C3524002,null,null,null,null,null,49503
PT22816220,2024,Toyota,Corolla Cross,"Hybrid LE, Hybrid S, Hybrid SE, Hybrid XLE, Hybrid XSE, L, LE, XLE","2.0L L4 - Electric/Gas, 2.0L L4 - Gas",47374
PT22816220,2023,Toyota,Corolla Cross,"Hybrid S, Hybrid SE, Hybrid XSE, L, LE, XLE","2.0L L4 - Electric/Gas, 2.0L L4 - Gas",40356
PT22816220,2022,Toyota,Corolla Cross,"L, LE, XLE",2.0L L4 - Gas,40357
PT22816222,2022,Toyota,Corolla Cross,"L, LE, XLE",2.0L L4 - Gas,40361
PT22816222,2023,Toyota,Corolla Cross,"Hybrid S, Hybrid SE, Hybrid XSE, L, LE, XLE","2.0L L4 - Electric/Gas, 2.0L L4 - Gas",40360
PK45600J00,2021,Toyota,Camry,"Hybrid LE, Hybrid SE, Hybrid XLE, Hybrid XSE, LE, SE, SE Nightshade, TRD, XLE, XSE","2.5L L4 - Electric/Gas, 2.5L L4 - FULL HYBRID EV-GAS (FHEV), 2.5L L4 - Gas, 3.5L V6 - Gas",40205
PK45600J00,2021,Toyota,RAV4,"Adventure, Hybrid LE, Hybrid Limited, Hybrid XLE, Hybrid XLE Premium, Hybrid XSE, LE, Limited, TRD Off-Road, XLE, XLE Premium","2.5L L4 - Electric/Gas, 2.5L L4 - FULL HYBRID EV-GAS (FHEV), 2.5L L4 - Gas",40206
PK45600J00,2020,Toyota,Avalon,"Hybrid Limited, Hybrid XLE, Hybrid XSE, Limited, TRD, Touring, XLE, XSE","2.5L L4 - Electric/Gas, 2.5L L4 - FULL HYBRID EV-GAS (FHEV), 3.5L V6 - Gas",40207
PK45600J00,2020,Toyota,Camry,"Hybrid LE, Hybrid SE, Hybrid XLE, L, LE, SE, SE Nightshade, TRD, XLE, XSE","2.5L L4 - Electric/Gas, 2.5L L4 - FULL HYBRID EV-GAS (FHEV), 2.5L L4 - Gas, 3.5L V6 - Gas",40208
PK45600J00,2020,Toyota,RAV4,"Adventure, Hybrid LE, Hybrid Limited, Hybrid XLE, Hybrid XSE, LE, Limited, TRD Off-Road, XLE, XLE Premium","2.5L L4 - Electric/Gas, 2.5L L4 - FULL HYBRID EV-GAS (FHEV), 2.5L L4 - Gas",40209
PK45600J00,2020,Toyota,Sienna,"L, LE, Limited, Limited Premium, SE, SE Premium, XLE, XLE Premium",3.5L V6 - Gas,47179
PK45600J00,2024,Toyota,Prius,"LE, Limited, XLE",2.0L L4 - Electric/Gas,40198
PK45600J00,2024,Toyota,Prius Prime,"SE, XSE, XSE Premium",2.0L L4 - Electric/Gas,40199
PK45600J00,2024,Toyota,RAV4,"Adventure, Hybrid LE, Hybrid Limited, Hybrid SE, Hybrid Woodland Edition, Hybrid XLE, Hybrid XLE Premium, Hybrid XSE, LE, Limited, TRD Off-Road, XLE, XLE Premium","2.5L L4 - Electric/Gas, 2.5L L4 - Gas",40200
PK45600J00,2023,Toyota,Corolla,"Hybrid LE, Hybrid SE, Hybrid XLE, LE, SE, XSE","1.8L L4 - Electric/Gas, 1.8L L4 - FULL HYBRID EV-GAS (FHEV), 2.0L L4 - Gas",40201
PK45600J00,2023,Toyota,RAV4,"Adventure, Hybrid LE, Hybrid Limited, Hybrid SE, Hybrid Woodland Edition, Hybrid XLE, Hybrid XLE Premium, Hybrid XSE, LE, Limited, TRD Off-Road, XLE, XLE Premium","2.5L L4 - Electric/Gas, 2.5L L4 - FULL HYBRID EV-GAS (FHEV), 2.5L L4 - Gas",40202
PK45600J00,2022,Toyota,Avalon,"Hybrid Limited, Hybrid XLE, Hybrid XSE Nightshade, Limited, Touring, XLE","2.5L L4 - Electric/Gas, 2.5L L4 - FULL HYBRID EV-GAS (FHEV), 3.5L V6 - Gas",40203
PK45600J00,2021,Toyota,Avalon,"Hybrid Limited, Hybrid XLE, Hybrid XSE, Limited, Nightshade, TRD, Touring, XLE, XSE, XSE Nightshade","2.5L L4 - Electric/Gas, 2.5L L4 - FULL HYBRID EV-GAS (FHEV), 2.5L L4 - Gas, 3.5L V6 - Gas",40204
PT2763423000,2025,Toyota,Sequoia,"1794 Edition, Capstone, Limited, Platinum, SR5, TRD Pro",3.4L V6 - Electric/Gas,47398
PT2763423000,2025,Toyota,Tundra,"1794 Edition, Capstone, Limited, Platinum, SR, SR5, TRD Pro","3.4L V6 - Electric/Gas, 3.4L V6 - Gas",40401
PT2763423000,2024,Toyota,Sequoia,"Capstone, Limited, Platinum, SR5, TRD Pro",3.4L V6 - Electric/Gas,40402
PT2763423000,2024,Toyota,Tundra,"1794 Edition, Capstone, Limited, Platinum, SR, SR5, TRD Pro","3.4L V6 - Electric/Gas, 3.4L V6 - Gas",40403
PT2763423000,2023,Toyota,Sequoia,"Capstone, Limited, Platinum, SR5, TRD Pro",3.4L V6 - Electric/Gas,40404
PT2763423000,2023,Toyota,Tundra,"1794 Edition, Capstone, Limited, Platinum, SR, SR5, TRD Pro","3.4L V6 - Electric/Gas, 3.4L V6 - Gas, 3.5L V6 - Gas, 3.5L V6 - MILD HYBRID EV-GAS (MHEV)",40416
PT2763423000,2022,Toyota,Tundra,"1794 Edition, Capstone, Limited, Platinum, SR, SR5, TRD Pro","3.4L V6 - Electric/Gas, 3.4L V6 - Gas, 3.5L V6 - Gas, 3.5L V6 - MILD HYBRID EV-GAS (MHEV)",40417
PT2763520002,2023,Toyota,Tacoma,"Limited, SR, SR5, TRD Off-Road, TRD Pro, TRD Sport, Trail Special Edition","2.7L L4 - Gas, 3.5L V6 - Gas",40422
PT42700120,2021,Toyota,Prius,"2020 Edition, L Eco, LE, Limited, XLE","1.8L L4 - Electric/Gas, 1.8L L4 - FULL HYBRID EV-GAS (FHEV)",40905
PT42700120,2021,Toyota,Prius Prime,"LE, Limited, XLE","1.8L L4 - Electric/Gas, 1.8L L4 - PLUG-IN HYBRID EV-GAS (PH",40856
PT42700120,2021,Toyota,Sequoia,"Limited, Nightshade, Platinum, SR5, TRD Pro, TRD Sport",5.7L V8 - Gas,40858
PT42700120,2021,Toyota,Sienna,"LE, Limited, Platinum, XLE, XSE","2.5L L4 - Electric/Gas, 2.5L L4 - FULL HYBRID EV-GAS (FHEV)",40859
PT42700120,2021,Toyota,Tacoma,"Limited, Nightshade, SR, SR5, TRD Off-Road, TRD Pro, TRD Sport, Trail","2.7L L4 - Gas, 3.5L V6 - Gas",40860
PT42700120,2021,Toyota,Tundra,"1794 Edition, Limited, Nightshade, Platinum, SR, SR5, TRD Pro, Trail",5.7L V8 - Gas,40861
PT42700120,2021,Toyota,Venza,"LE, Limited, XLE","2.5L L4 - Electric/Gas, 2.5L L4 - FULL HYBRID EV-GAS (FHEV)",40862
PT42700120,2020,Toyota,4Runner,"Limited, Nightshade, SR5, SR5 Premium, TRD Off-Road, TRD Off-Road Premium, TRD Pro, Venture",4.0L V6 - Gas,40863
PT42700120,2020,Toyota,86,"Base, GT, Hakone Edition",2.0L H4 - Gas,40864
PT42700120,2020,Toyota,Avalon,"Hybrid Limited, Hybrid XLE, Hybrid XSE, Limited, TRD, Touring, XLE, XSE","2.5L L4 - Electric/Gas, 2.5L L4 - FULL HYBRID EV-GAS (FHEV), 3.5L V6 - Gas",40865
PT42700120,2020,Toyota,C-HR,"LE, Limited, XLE",2.0L L4 - Gas,40866
PT42700120,2020,Toyota,Camry,"Hybrid LE, Hybrid SE, Hybrid XLE, L, LE, SE, SE Nightshade, TRD, XLE, XSE","2.5L L4 - Electric/Gas, 2.5L L4 - FULL HYBRID EV-GAS (FHEV), 2.5L L4 - Gas, 3.5L V6 - Gas",40867
PT42700120,2020,Toyota,Land Cruiser,"Base, Heritage Edition",5.7L V8 - Gas,40870
PT42700120,2013,Toyota,4Runner,"Limited, SR5, Trail",4.0L V6 - Gas,40986
PT42700120,2013,Toyota,Avalon,"Hybrid Limited, Hybrid XLE, Limited, XLE, XLE Premium, XLE Touring","2.5L L4 - Electric/Gas, 2.5L L4 - FULL HYBRID EV-GAS (FHEV), 3.5L V6 - Gas",40987
PT42700120,2013,Toyota,Camry,"Hybrid LE, Hybrid XLE, L, LE, SE, XLE","2.5L L4 - Electric/Gas, 2.5L L4 - FULL HYBRID EV-GAS (FHEV), 2.5L L4 - Gas, 3.5L V6 - Gas",40988
PT42700120,2019,Toyota,Sequoia,"Limited, Platinum, SR5, TRD Sport",5.7L V8 - Gas,40888
PT42700120,2019,Toyota,Sienna,"L, LE, Limited, Limited Premium, SE, SE Premium, XLE, XLE Premium",3.5L V6 - Gas,40889
PT42700120,2019,Toyota,Tacoma,"Limited, SR, SR5, TRD Off-Road, TRD Pro, TRD Sport","2.7L L4 - Gas, 3.5L V6 - Gas",40890
PT42700120,2019,Toyota,Tundra,"1794 Edition, Limited, Platinum, SR, SR5, TRD Pro","4.6L V8 - Gas, 5.7L V8 - Flex, 5.7L V8 - Gas",40891
PT42700120,2019,Toyota,Yaris,"L, LE, XLE",1.5L L4 - Gas,40892
PT42700120,2018,Toyota,4Runner,"Limited, SR5, SR5 Premium, TRD Off-Road, TRD Off-Road Premium, TRD Pro",4.0L V6 - Gas,40893
PT42700120,2018,Toyota,86,"Base, GT",2.0L H4 - Gas,40894
PT42700120,2018,Toyota,Avalon,"Hybrid Limited, Hybrid XLE Plus, Hybrid XLE Premium, Limited, Touring, XLE, XLE Plus, XLE Premium","2.5L L4 - Electric/Gas, 2.5L L4 - FULL HYBRID EV-GAS (FHEV), 3.5L V6 - Gas",40895
PT42700120,2018,Toyota,C-HR,"XLE, XLE Premium",2.0L L4 - Gas,40896
PT42700120,2018,Toyota,Camry,"Hybrid LE, Hybrid SE, Hybrid XLE, L, LE, SE, XLE, XSE","2.5L L4 - Electric/Gas, 2.5L L4 - FULL HYBRID EV-GAS (FHEV), 2.5L L4 - Gas, 3.5L V6 - Gas",40897
PT42700120,2018,Toyota,Corolla,"L, LE, LE Eco, SE, XLE, XSE",1.8L L4 - Gas,40898
PT42700120,2017,Toyota,Corolla iM,Base,1.8L L4 - Gas,40917
PT42700120,2017,Toyota,Highlander,"Hybrid LE, Hybrid Limited, Hybrid XLE, LE, LE Plus, Limited, SE, XLE","2.7L L4 - Gas, 3.5L V6 - Electric/Gas, 3.5L V6 - FULL HYBRID EV-GAS (FHEV), 3.5L V6 - Gas",40918
PT42700120,2017,Toyota,Land Cruiser,Base,5.7L V8 - Gas,40919
PT42700120,2017,Toyota,Prius,"Four, Four Touring, One, Three, Three Touring, Two, Two Eco","1.8L L4 - Electric/Gas, 1.8L L4 - FULL HYBRID EV-GAS (FHEV)",40920
PT42700120,2017,Toyota,Prius C,"Four, One, Three, Two","1.5L L4 - Electric/Gas, 1.5L L4 - FULL HYBRID EV-GAS (FHEV)",40921
PT42700120,2017,Toyota,Prius Prime,"Advanced, Plus, Premium","1.8L L4 - Electric/Gas, 1.8L L4 - PLUG-IN HYBRID EV-GAS (PH",40922
PT42700120,2017,Toyota,Prius V,"Five, Four, Three, Two","1.8L L4 - Electric/Gas, 1.8L L4 - FULL HYBRID EV-GAS (FHEV)",40923
PT42700120,2017,Toyota,RAV4,"Hybrid Limited, Hybrid SE, Hybrid XLE, LE, Limited, Platinum, SE, XLE","2.5L L4 - Electric/Gas, 2.5L L4 - FULL HYBRID EV-GAS (FHEV), 2.5L L4 - Gas",40963
PT42700120,2017,Toyota,Yaris,"L, LE, SE",1.5L L4 - Gas,40928
PT42700120,2017,Toyota,Yaris iA,Base,1.5L L4 - Gas,40929
PT42700120,2016,Toyota,4Runner,"Limited, SR5, TRD Pro, Trail",4.0L V6 - Gas,40934
PT42700120,2016,Toyota,Avalon,"Hybrid Limited, Hybrid XLE Plus, Hybrid XLE Premium, Limited, Touring, XLE, XLE Plus, XLE Premium","2.5L L4 - Electric/Gas, 2.5L L4 - FULL HYBRID EV-GAS (FHEV), 3.5L V6 - Gas",48684
PT42700120,2016,Toyota,Camry,"Hybrid LE, Hybrid SE, Hybrid XLE, LE, SE, Special Edition, XLE, XSE","2.5L L4 - Electric/Gas, 2.5L L4 - FULL HYBRID EV-GAS (FHEV), 2.5L L4 - Gas, 3.5L V6 - Gas",40935
PT42700120,2016,Toyota,Corolla,"L, LE, LE Eco, S, Special Edition",1.8L L4 - Gas,40936
PT42700120,2016,Toyota,Highlander,"Hybrid Limited, LE, LE Plus, Limited, XLE","2.7L L4 - Gas, 3.5L V6 - Electric/Gas, 3.5L V6 - FULL HYBRID EV-GAS (FHEV), 3.5L V6 - Gas",40937
PT42700120,2016,Toyota,Land Cruiser,Base,5.7L V8 - Gas,40938
PT42700120,2016,Toyota,Prius,"Four, Four Touring, Three, Three Touring, Two, Two Eco","1.8L L4 - Electric/Gas, 1.8L L4 - FULL HYBRID EV-GAS (FHEV)",40939
PT42700120,2016,Toyota,Prius V,"Five, Four, Three, Two","1.8L L4 - Electric/Gas, 1.8L L4 - FULL HYBRID EV-GAS (FHEV)",40940
PT42700120,2016,Toyota,RAV4,"Hybrid Limited, Hybrid XLE, LE, Limited, SE, XLE","2.5L L4 - Electric/Gas, 2.5L L4 - FULL HYBRID EV-GAS (FHEV), 2.5L L4 - Gas",40941
PT42700120,2016,Toyota,Sequoia,"Limited, Platinum, SR5","5.7L V8 - Flex, 5.7L V8 - Gas",40942
PT42700120,2016,Toyota,Sienna,"L, LE, Limited, SE, XLE",3.5L V6 - Gas,40943
PT42700120,2016,Toyota,Yaris,"L, LE, SE",1.5L L4 - Gas,40946
PT42700120,2014,Toyota,Avalon,"Hybrid Limited, Hybrid XLE, Limited, XLE, XLE Premium, XLE Touring","2.5L L4 - Electric/Gas, 2.5L L4 - FULL HYBRID EV-GAS (FHEV), 3.5L V6 - Gas",48133
PT42700120,2014,Toyota,Camry,"Hybrid LE, Hybrid SE, Hybrid XLE, L, LE, SE, SE Sport, XLE","2.5L L4 - Electric/Gas, 2.5L L4 - FULL HYBRID EV-GAS (FHEV), 2.5L L4 - Gas, 3.5L V6 - Gas",40969
PT42700120,2014,Toyota,Corolla,"L, LE, LE Eco, Le Eco Plus, S",1.8L L4 - Gas,40970
PT42700120,2014,Toyota,FJ Cruiser,Base,4.0L V6 - Gas,40971
PT42700120,2014,Toyota,Highlander,"Hybrid Limited, LE, LE Plus, Limited, XLE","2.7L L4 - Gas, 3.5L V6 - Electric/Gas, 3.5L V6 - FULL HYBRID EV-GAS (FHEV), 3.5L V6 - Gas",40972
PT42700120,2014,Toyota,Land Cruiser,Base,5.7L V8 - Gas,40973
PT42700120,2014,Toyota,Prius,"Five, Four, Three, Two","1.8L L4 - Electric/Gas, 1.8L L4 - FULL HYBRID EV-GAS (FHEV)",40974
PT42700120,2014,Toyota,RAV4,"EV, LE, Limited, XLE","2.5L L4 - Gas, Electric",40975
PT42700120,2014,Toyota,Sequoia,"Limited, Platinum, SR5","5.7L V8 - Flex, 5.7L V8 - Gas",40976
PT42700120,2014,Toyota,Sienna,"L, LE, Limited, SE, XLE",3.5L V6 - Gas,40977
PT42700120,2014,Toyota,Tacoma,"Base, Pre Runner","2.7L L4 - Gas, 4.0L V6 - Gas",40978
PT42700120,2014,Toyota,Venza,"LE, Limited, XLE","2.7L L4 - Gas, 3.5L V6 - Gas",40980
PT42700120,2006,Toyota,Matrix,"Base, XR, XRS",1.8L L4 - Gas,41100
PT42700120,2006,Toyota,Prius,Base,"1.5L L4 - Electric/Gas, 1.5L L4 - FULL HYBRID EV-GAS (FHEV)",41101
PT42700120,2006,Toyota,RAV4,"Base, Limited, Sport","2.4L L4 - Gas, 3.5L V6 - Gas",41102
PT42700120,2006,Toyota,Sequoia,"Limited, SR5",4.7L V8 - Gas,41103
PT42700120,2006,Toyota,Sienna,"CE, LE, Limited, XLE",3.3L V6 - Gas,41104
PT42700120,2006,Toyota,Solara,"SE, SE Sport, SLE","2.4L L4 - Gas, 3.3L V6 - Gas",41149
PT42700120,2005,Toyota,4Runner,"Limited, SR5, Sport","4.0L V6 - Gas, 4.7L V8 - Gas",41153
PT42700120,2005,Toyota,Avalon,"Limited, Touring, XL, XLS",3.5L V6 - Gas,41154
PT42700120,2004,Toyota,4Runner,"Limited, SR5, Sport","4.0L V6 - Gas, 4.7L V8 - Gas",41138
PT42700120,2003,Toyota,Camry,"LE, SE, XLE","2.4L L4 - Gas, 3.0L V6 - Gas",41167
PT42700120,2003,Toyota,Corolla,"CE, LE, S",1.8L L4 - Gas,41168
PT42700120,2003,Toyota,Highlander,"Base, Limited","2.4L L4 - Gas, 3.0L V6 - Gas",41169
PT42700120,2003,Toyota,Matrix,"Base, XR, XRS",1.8L L4 - Gas,41170
PT42700120,2003,Toyota,Sequoia,"Limited, SR5",4.7L V8 - Gas,41171
PT42700120,2002,Toyota,Camry,"LE, SE, XLE","2.4L L4 - Gas, 3.0L V6 - Gas",41172
PT42700120,2002,Toyota,Highlander,"Base, Limited","2.4L L4 - Gas, 3.0L V6 - Gas",41173
PT42700120,2002,Toyota,Sequoia,"Limited, SR5",4.7L V8 - Gas,41174
PT42700120,2013,Toyota,Corolla,"L, LE, S",1.8L L4 - Gas,40989
PT42700120,2013,Toyota,FJ Cruiser,Base,4.0L V6 - Gas,40990
PT42700120,2013,Toyota,Highlander,"Base, Hybrid, Hybrid Limited, Limited, Plus, SE","2.7L L4 - Gas, 3.5L V6 - Electric/Gas, 3.5L V6 - FULL HYBRID EV-GAS (FHEV), 3.5L V6 - Gas",40991
PT42700120,2013,Toyota,Land Cruiser,Base,5.7L V8 - Gas,40992
PT42700120,2013,Toyota,Matrix,"Base, S","1.8L L4 - Gas, 2.4L L4 - Gas",40993
PT42700120,2013,Toyota,Prius,"Five, Four, Three, Two","1.8L L4 - Electric/Gas, 1.8L L4 - FULL HYBRID EV-GAS (FHEV)",40994
PT42700120,2013,Toyota,RAV4,"EV, LE, Limited, XLE","2.5L L4 - Gas, Electric",40995
PT42700120,2013,Toyota,Sequoia,"Limited, Platinum, SR5","5.7L V8 - Flex, 5.7L V8 - Gas",40996
PT42700120,2013,Toyota,Sienna,"Base, L, LE, Limited, SE, XLE",3.5L V6 - Gas,40997
PT42700120,2013,Toyota,Tacoma,"Base, Pre Runner, X-Runner","2.7L L4 - Gas, 4.0L V6 - Gas",40998
PT42700120,2013,Toyota,Tundra,"Base, Limited, Platinum","4.0L V6 - Gas, 4.6L V8 - Gas, 5.7L V8 - Flex, 5.7L V8 - Gas",40999
PT42700120,2013,Toyota,Venza,"LE, Limited, XLE","2.7L L4 - Gas, 3.5L V6 - Gas",41000
PT42700120,2013,Toyota,Yaris,"L, LE, SE",1.5L L4 - Gas,41001
PT42700120,2012,Toyota,4Runner,"Limited, SR5, Trail",4.0L V6 - Gas,41004
PT42700120,2012,Toyota,Avalon,"Base, Limited",3.5L V6 - Gas,41005
PT42700120,2012,Toyota,Camry,"Hybrid LE, Hybrid XLE, L, LE, SE, XLE","2.5L L4 - Electric/Gas, 2.5L L4 - FULL HYBRID EV-GAS (FHEV), 2.5L L4 - Gas, 3.5L V6 - Gas",41006
PT42700120,2012,Toyota,Corolla,"L, LE, S",1.8L L4 - Gas,41007
PT42700120,2012,Toyota,FJ Cruiser,Base,4.0L V6 - Gas,41008
PT42700120,2012,Toyota,Highlander,"Base, Hybrid, Hybrid Limited, Limited, SE","2.7L L4 - Gas, 3.5L V6 - Electric/Gas, 3.5L V6 - FULL HYBRID EV-GAS (FHEV), 3.5L V6 - Gas",41009
PT42700120,2010,Toyota,Camry,"Base, Hybrid, LE, SE, XLE","2.4L L4 - Electric/Gas, 2.4L L4 - FULL HYBRID EV-GAS (FHEV), 2.5L L4 - Gas, 3.5L V6 - Gas",48246
PT42700120,2010,Toyota,Corolla,"Base, LE, S, XLE, XRS","1.8L L4 - Gas, 2.4L L4 - Gas",41039
PT42700120,2010,Toyota,FJ Cruiser,Base,4.0L V6 - Gas,41040
PT42700120,2010,Toyota,Highlander,"Base, Hybrid, Hybrid Limited, Limited, SE, Sport","2.7L L4 - Gas, 3.3L V6 - Electric/Gas, 3.3L V6 - FULL HYBRID EV-GAS (FHEV), 3.5L V6 - Gas",41041
PT42700120,2010,Toyota,Land Cruiser,Base,5.7L V8 - Gas,41042
PT42700120,2010,Toyota,Prius,Base,"1.8L L4 - Electric/Gas, 1.8L L4 - FULL HYBRID EV-GAS (FHEV)",41043
PT42700120,2010,Toyota,Sequoia,"Limited, Platinum, SR5","4.6L V8 - Gas, 5.7L V8 - Flex, 5.7L V8 - Gas",41044
PT42700120,2010,Toyota,Sienna,"CE, LE, XLE",3.5L V6 - Gas,41045
PT42700120,2010,Toyota,Venza,Base,"2.7L L4 - Gas, 3.5L V6 - Gas",41046
PT42700120,2010,Toyota,Yaris,Base,1.5L L4 - Gas,41047
PT42700120,2009,Toyota,4Runner,"Limited, SR5, Sport","4.0L V6 - Gas, 4.7L V8 - Gas",41051
PT42700120,2009,Toyota,Avalon,"Limited, XL, XLS",3.5L V6 - Gas,41052
PT42700120,2009,Toyota,Corolla,"Base, LE, S, XLE, XRS","1.8L L4 - Gas, 2.4L L4 - Gas",41054
PT42700120,2008,Toyota,Solara,"SE, SLE, Sport","2.4L L4 - Gas, 3.3L V6 - Gas",41078
PT42700120,2008,Toyota,Yaris,"Base, S",1.5L L4 - Gas,41079
PT42700120,2007,Toyota,4Runner,"Limited, SR5, Sport","4.0L V6 - Gas, 4.7L V8 - Gas",41081
PT42700120,2007,Toyota,Avalon,"Limited, Touring, XL, XLS",3.5L V6 - Gas,41082
PT42700120,2007,Toyota,Camry,"CE, Hybrid, LE, SE, XLE","2.4L L4 - Electric/Gas, 2.4L L4 - FULL HYBRID EV-GAS (FHEV), 2.4L L4 - Gas, 3.5L V6 - Gas",41083
PT42700120,2007,Toyota,Corolla,"CE, LE, S",1.8L L4 - Gas,41084
PT42700120,2007,Toyota,FJ Cruiser,"Base, TRD Special Edition",4.0L V6 - Gas,41085
PT42700120,2007,Toyota,Highlander,"Base, Hybrid, Hybrid Limited, Limited, Sport","2.4L L4 - Gas, 3.3L V6 - Electric/Gas, 3.3L V6 - FULL HYBRID EV-GAS (FHEV), 3.3L V6 - Gas",41086
PT42700120,2007,Toyota,Matrix,"Base, XR",1.8L L4 - Gas,41087
PT42700120,2007,Toyota,Prius,"Base, Touring","1.5L L4 - Electric/Gas, 1.5L L4 - FULL HYBRID EV-GAS (FHEV)",41088
PT42700120,2007,Toyota,RAV4,"Base, Limited, Sport","2.4L L4 - Gas, 3.5L V6 - Gas",41089
PT42700120,2007,Toyota,Sequoia,"Limited, SR5",4.7L V8 - Gas,41090
PT42700120,2007,Toyota,Sienna,"CE, LE, Limited, XLE",3.5L V6 - Gas,41014
PT42700120,2006,Toyota,Highlander,"Base, Hybrid, Hybrid Limited, Limited, Sport","2.4L L4 - Gas, 3.3L V6 - Electric/Gas, 3.3L V6 - FULL HYBRID EV-GAS (FHEV), 3.3L V6 - Gas",41099
PT42700120,2021,Toyota,Avalon,"Hybrid Limited, Hybrid XSE, Limited, Nightshade, TRD, XLE, XSE, XSE Nightshade","2.5L L4 - Electric/Gas, 2.5L L4 - FULL HYBRID EV-GAS (FHEV), 2.5L L4 - Gas, 3.5L V6 - Gas",44064
PT42700120,2021,Toyota,Corolla,"Hybrid LE, L, LE, SE, SE Apex, SE Nightshade, XSE, XSE Apex","1.8L L4 - Electric/Gas, 1.8L L4 - FULL HYBRID EV-GAS (FHEV), 1.8L L4 - Gas, 2.0L L4 - Gas",44067
PT42700120,2021,Toyota,Land Cruiser,Heritage Edition,5.7L V8 - Gas,44069
PT42700120,2021,Toyota,RAV4,"Adventure, Hybrid LE, Hybrid Limited, Hybrid XLE, Hybrid XLE Premium, Hybrid XSE, LE, TRD Off-Road, XLE, XLE Premium","2.5L L4 - Electric/Gas, 2.5L L4 - FULL HYBRID EV-GAS (FHEV), 2.5L L4 - Gas",44073
PT42700120,2021,Toyota,Tundra,"1794 Edition, Limited, Nightshade, Platinum, SR, SR5, Trail",5.7L V8 - Gas,44077
PT42700120,2020,Toyota,Avalon,"Hybrid Limited, Hybrid XSE, Limited, TRD, XLE, XSE","2.5L L4 - Electric/Gas, 2.5L L4 - FULL HYBRID EV-GAS (FHEV), 3.5L V6 - Gas",44081
PT42700120,2020,Toyota,Camry,"Hybrid LE, Hybrid SE, Hybrid XLE, LE, SE, SE Nightshade, TRD, XLE, XSE","2.5L L4 - Electric/Gas, 2.5L L4 - FULL HYBRID EV-GAS (FHEV), 2.5L L4 - Gas, 3.5L V6 - Gas",44083
PT42700120,2020,Toyota,Corolla,"Hybrid LE, L, LE, SE, SE Nightshade, XSE","1.8L L4 - Electric/Gas, 1.8L L4 - FULL HYBRID EV-GAS (FHEV), 1.8L L4 - Gas, 2.0L L4 - Gas",44086
PT42700120,2019,Toyota,Avalon,"Hybrid Limited, Hybrid XSE, Limited, XLE, XSE","2.5L L4 - Electric/Gas, 2.5L L4 - FULL HYBRID EV-GAS (FHEV), 3.5L V6 - Gas",44098
PT42700120,2019,Toyota,Camry,"Hybrid LE, Hybrid SE, Hybrid XLE, LE, SE, XLE, XSE","2.5L L4 - Electric/Gas, 2.5L L4 - FULL HYBRID EV-GAS (FHEV), 2.5L L4 - Gas, 3.5L V6 - Gas",44100
PT42700120,2019,Toyota,Highlander,"Hybrid LE, Hybrid Limited, Hybrid Limited Platinum, Hybrid XLE, LE, LE Plus, Limited, Limited Platinum, XLE","2.7L L4 - Gas, 3.5L V6 - Electric/Gas, 3.5L V6 - FULL HYBRID EV-GAS (FHEV), 3.5L V6 - Gas",44102
PT42700120,2019,Toyota,RAV4,"Adventure, Hybrid LE, Hybrid Limited, Hybrid XLE, Hybrid XSE, LE, XLE, XLE Premium","2.5L L4 - Electric/Gas, 2.5L L4 - FULL HYBRID EV-GAS (FHEV), 2.5L L4 - Gas",44106
PT42700120,2019,Toyota,Sienna,"L, LE, Limited Premium, SE, SE Premium, XLE, XLE Premium",3.5L V6 - Gas,44108
PT42700120,2019,Toyota,Tundra,"1794 Edition, Limited, Platinum, SR, SR5","4.6L V8 - Gas, 5.7L V8 - Flex, 5.7L V8 - Gas",44110
PT42700120,2018,Toyota,Avalon,"Hybrid Limited, Hybrid XLE Plus, Hybrid XLE Premium, Limited, XLE, XLE Plus, XLE Premium","2.5L L4 - Electric/Gas, 2.5L L4 - FULL HYBRID EV-GAS (FHEV), 3.5L V6 - Gas",44114
PT42700120,2018,Toyota,Camry,"Hybrid LE, Hybrid SE, Hybrid XLE, LE, SE, XLE, XSE","2.5L L4 - Electric/Gas, 2.5L L4 - FULL HYBRID EV-GAS (FHEV), 2.5L L4 - Gas, 3.5L V6 - Gas",44116
PT42700120,2018,Toyota,Corolla,"L, LE, LE Eco, SE, XSE",1.8L L4 - Gas,44117
PT42700120,2018,Toyota,Highlander,"Hybrid LE, Hybrid Limited, Hybrid XLE, LE, LE Plus, Limited, XLE","2.7L L4 - Gas, 3.5L V6 - Electric/Gas, 3.5L V6 - FULL HYBRID EV-GAS (FHEV), 3.5L V6 - Gas",44119
PT42700120,2018,Toyota,Prius,"Four, Four Touring, Three, Three Touring, Two, Two Eco","1.8L L4 - Electric/Gas, 1.8L L4 - FULL HYBRID EV-GAS (FHEV)",44120
PT42700120,2018,Toyota,RAV4,"Adventure, Hybrid Limited, Hybrid SE, Hybrid XLE, LE, Platinum, SE, XLE","2.5L L4 - Electric/Gas, 2.5L L4 - FULL HYBRID EV-GAS (FHEV), 2.5L L4 - Gas",44123
PT42700120,2018,Toyota,Sienna,"L, LE, Limited Premium, SE, SE Premium, XLE, XLE Premium",3.5L V6 - Gas,44125
PT42700120,2017,Toyota,Avalon,"Hybrid Limited, Hybrid XLE Plus, Hybrid XLE Premium, Limited, XLE, XLE Plus, XLE Premium","2.5L L4 - Electric/Gas, 2.5L L4 - FULL HYBRID EV-GAS (FHEV), 3.5L V6 - Gas",44132
PT42700120,2017,Toyota,Corolla,"50th Anniversary Special Edition, L, LE, LE Eco, SE, XSE",1.8L L4 - Gas,44134
PT42700120,2017,Toyota,Highlander,"Hybrid LE, Hybrid Limited, Hybrid XLE, LE, LE Plus, Limited, XLE","2.7L L4 - Gas, 3.5L V6 - Electric/Gas, 3.5L V6 - FULL HYBRID EV-GAS (FHEV), 3.5L V6 - Gas",44136
PT42700120,2017,Toyota,RAV4,"Hybrid Limited, Hybrid SE, Hybrid XLE, LE, Platinum, SE, XLE","2.5L L4 - Electric/Gas, 2.5L L4 - FULL HYBRID EV-GAS (FHEV), 2.5L L4 - Gas",44139
PT42700120,2004,Scion,xA,Base,1.5L L4 - Gas,41176
PT42700120,2016,Scion,tC,Base,2.5L L4 - Gas,40933
PT42700120,2015,Scion,FR-S,Base,2.0L H4 - Gas,40835
PT42700120,2015,Scion,xB,Base,2.4L L4 - Gas,40947
PT42700120,2014,Scion,tC,Base,2.5L L4 - Gas,41034
PT42700120,2012,Scion,tC,Base,2.5L L4 - Gas,41035
PT42700120,2011,Scion,tC,Base,2.5L L4 - Gas,41020
PT42700120,2011,Scion,xB,Base,2.4L L4 - Gas,41021
PT42700120,2011,Scion,xD,Base,1.8L L4 - Gas,41022
PT42700120,2009,Scion,tC,Base,2.4L L4 - Gas,41048
PT42700120,2009,Scion,xB,Base,2.4L L4 - Gas,41049
PT42700120,2009,Scion,xD,Base,1.8L L4 - Gas,41050
PT42700120,2008,Scion,tC,"Base, Spec",2.4L L4 - Gas,41064
PT42700120,2008,Scion,xB,Base,2.4L L4 - Gas,41065
PT2763520002,2022,Toyota,4Runner,"Limited, Nightshade, SR5, SR5 Premium, TRD Off-Road, TRD Off-Road Premium, TRD Pro, TRD Sport, Trail, Venture",4.0L V6 - Gas,40423
PT2763520002,2022,Toyota,Avalon,"Hybrid Limited, Hybrid XLE, Hybrid XSE Nightshade, Limited, Touring, XLE","2.5L L4 - Electric/Gas, 2.5L L4 - FULL HYBRID EV-GAS (FHEV), 3.5L V6 - Gas",40424
PT2763520002,2022,Toyota,Camry,"Hybrid LE, Hybrid SE, Hybrid SE Nightshade, Hybrid XLE, Hybrid XSE, LE, SE, SE Nightshade, TRD, XLE, XSE","2.5L L4 - Electric/Gas, 2.5L L4 - FULL HYBRID EV-GAS (FHEV), 2.5L L4 - Gas, 3.5L V6 - Gas",40425
PT2763520002,2022,Toyota,Tacoma,"Limited, SR, SR5, TRD Off-Road, TRD Pro, TRD Sport","2.7L L4 - Gas, 3.5L V6 - Gas",40273
PT2763520002,2021,Toyota,4Runner,"Limited, Nightshade, SR5, SR5 Premium, TRD Off-Road, TRD Off-Road Premium, TRD Pro, Trail, Venture",4.0L V6 - Gas,40427
PT2763520002,2021,Toyota,Avalon,"Hybrid Limited, Hybrid XLE, Hybrid XSE, Limited, Nightshade, TRD, Touring, XLE, XSE, XSE Nightshade","2.5L L4 - Electric/Gas, 2.5L L4 - FULL HYBRID EV-GAS (FHEV), 2.5L L4 - Gas, 3.5L V6 - Gas",40428
PT2763520002,2021,Toyota,Camry,"Hybrid LE, Hybrid SE, Hybrid XLE, Hybrid XSE, LE, SE, SE Nightshade, TRD, XLE, XSE","2.5L L4 - Electric/Gas, 2.5L L4 - FULL HYBRID EV-GAS (FHEV), 2.5L L4 - Gas, 3.5L V6 - Gas",40429
PT2763520002,2021,Toyota,Tacoma,"Limited, Nightshade, SR, SR5, TRD Off-Road, TRD Pro, TRD Sport, Trail","2.7L L4 - Gas, 3.5L V6 - Gas",40430
PT2763520002,2020,Toyota,4Runner,"Limited, Nightshade, SR5, SR5 Premium, TRD Off-Road, TRD Off-Road Premium, TRD Pro, Venture",4.0L V6 - Gas,40431
PT2763520002,2020,Toyota,Avalon,"Hybrid Limited, Hybrid XLE, Hybrid XSE, Limited, TRD, Touring, XLE, XSE","2.5L L4 - Electric/Gas, 2.5L L4 - FULL HYBRID EV-GAS (FHEV), 3.5L V6 - Gas",40432
PT2763520002,2024,Toyota,4Runner,"Limited, SR5, SR5 Premium, TRD Off-Road, TRD Off-Road Premium, TRD Pro, TRD Sport",4.0L V6 - Gas,40418
PT2763520002,2024,Toyota,Camry,"Hybrid LE, Hybrid SE, Hybrid SE Nightshade, Hybrid XLE, Hybrid XSE, LE, SE, SE Nightshade, TRD, XLE, XSE","2.5L L4 - Electric/Gas, 2.5L L4 - Gas, 3.5L V6 - Gas",40419
PT2763520002,2023,Toyota,4Runner,"40th Anniversary Edition, Limited, SR5, SR5 Premium, TRD Off-Road, TRD Off-Road Premium, TRD Pro, TRD Sport",4.0L V6 - Gas,40420
PT2763520002,2023,Toyota,Camry,"Hybrid LE, Hybrid SE, Hybrid SE Nightshade, Hybrid XLE, Hybrid XSE, LE, SE, SE Nightshade, TRD, XLE, XSE","2.5L L4 - Electric/Gas, 2.5L L4 - FULL HYBRID EV-GAS (FHEV), 2.5L L4 - Gas, 3.5L V6 - Gas",40421
PT2763520002,2020,Toyota,Camry,"Hybrid LE, Hybrid SE, Hybrid XLE, L, LE, SE, SE Nightshade, TRD, XLE, XSE","2.5L L4 - Electric/Gas, 2.5L L4 - FULL HYBRID EV-GAS (FHEV), 2.5L L4 - Gas, 3.5L V6 - Gas",40433
PT2763520002,2020,Toyota,Tacoma,"Limited, SR, SR5, TRD Off-Road, TRD Pro, TRD Sport","2.7L L4 - Gas, 3.5L V6 - Gas",40434