sku,name,sale_price,brand,other_names,description,sold_in_quantity,positions,applications,replaces,hazmat,install_time,may_be_required,image_1_url,image_2_url,image_3_url,image_4_url,image_5_url,image_6_url,image_7_url,image_8_url,image_9_url,image_10_url,image_11_url,image_12_url,image_13_url,image_14_url,image_15_url,image_16_url,image_17_url,image_18_url,image_19_url,image_20_url,image_21_url,image_22_url,alto,largo,ancho,volumen,peso,listo,otros_nombres,descripcion,sat_id,category,alias,nombre,handle
PT90708210MR,Sien Ppf Mirror W O - Toyota (PT907-08210-MR),62.65,Toyota,null,null,null,null,null,null,null,null,null,null,null,null,null,null,null,null,null,null,null,null,null,null,null,null,null,null,null,null,null,null,null,2,15,10,300,0.3,null,null,null,null,null,null,"Película protectora para espejos, Sienna",sien-ppf-mirror-w-o-toyota-pt907-08210-mr-pt90708210mr
PT90702200DC,Ppf Door Cups Corola - Toyota (PT907-02200-DC),39.16,Toyota,null,null,null,null,null,null,null,null,null,null,null,null,null,null,null,null,null,null,null,null,null,null,null,null,null,null,null,null,null,null,null,2,10,10,200,0.2,null,null,null,null,null,null,"Película protectora para manijas, Corolla",ppf-door-cups-corola-toyota-pt907-02200-dc-pt90702200dc
PT90702200MR,Ppf Miror Back Corola - Toyota (PT907-02200-MR),62.65,Toyota,null,null,null,null,null,null,null,null,null,null,null,null,null,null,null,null,null,null,null,null,null,null,null,null,null,null,null,null,null,null,null,2,15,10,300,0.3,null,null,null,null,null,null,"Película protectora para espejos, Corolla",ppf-miror-back-corola-toyota-pt907-02200-mr-pt90702200mr
PT90708210MB,Sien Ppf Mirrors W T - Toyota (PT907-08210-MB),62.65,Toyota,null,null,null,null,null,null,null,null,null,null,null,null,null,null,null,null,null,null,null,null,null,null,null,null,null,null,null,null,null,null,null,2,15,10,300,0.3,null,null,null,null,null,null,"Película protectora para espejos con luz, Sienna",sien-ppf-mirrors-w-t-toyota-pt907-08210-mb-pt90708210mb
PK96008B03,Sienna Tow Hitch Converter Accessory - Toyota (PK960-08B03),179.01,Toyota,Trailer Hitch Adapter,Sienna Tow Hitch Converter Accessory Part.,null,null,null,null,null,null,null,https://s3.amazonaws.com/rp-part-images/assets/62f8e499a1bd0257af321bb6559c43ac.webp,null,null,null,null,null,null,null,null,null,null,null,null,null,null,null,null,null,null,null,null,null,10,30,15,4500,3,null,Adaptador de enganche para remolque,Accesorio convertidor de remolque para Sienna.. Accesorio de enganche.,null,null,null,Accesorio convertidor de enganche para remolque Sienna,sienna-tow-hitch-converter-accessory-toyota-pk960-08b03-pk96008b03
PT94435242,Side Storage Case - Toyota (PT944-35242),33.56,Toyota,Taco Sdstorbx,The side storage case allows you to store small valuables on the side of the dash. Only available on the driver side. Storage case fits flush with the side of the dash Accessible when the door is open..,null,null,null,null,null,null,null,https://s3.amazonaws.com/rp-part-images/assets/8bb46fb025250ac33dd4686b92b2ae4b.webp,null,null,null,null,null,null,null,null,null,null,null,null,null,null,null,null,null,null,null,null,null,15,40,25,15000,2,null,Taco Sdstorbx,El estuche de almacenamiento lateral permite guardar pequeños objetos de valor en el lado del tablero. Solo disponible en el lado del conductor. El estuche encaja a ras con el lado del tablero y es accesible cuando la puerta está abierta.,null,null,null,Caja de almacenamiento lateral,side-storage-case-toyota-pt944-35242-pt94435242
PK38908M00TR,Sien Mudg 4 Black Rear - Toyota (PK389-08M00-TR),30.21,Toyota,null,null,null,null,null,null,null,null,null,null,null,null,null,null,null,null,null,null,null,null,null,null,null,null,null,null,null,null,null,null,null,5,30,20,3000,0.6,null,N/A,null,null,null,null,Salpicaderas traseras Sienna 4 negras,sien-mudg-4-black-rear-toyota-pk389-08m00-tr-pk38908m00tr
PT83K08210LH,Sien Bsm Left Hand 2 - Toyota (PT83K-08210-LH),69.50,Toyota,null,null,null,null,null,null,null,null,null,null,null,null,null,null,null,null,null,null,null,null,null,null,null,null,null,null,null,null,null,null,null,2,120,5,1200,0.5,null,null,null,null,null,null,Moldura lateral Sienna (izquierda),sien-bsm-left-hand-2-toyota-pt83k-08210-lh-pt83k08210lh
PT83K08210RH,Sien Bsm Right Hand - Toyota (PT83K-08210-RH),69.50,Toyota,null,null,null,null,null,null,null,null,null,null,null,null,null,null,null,null,null,null,null,null,null,null,null,null,null,null,null,null,null,null,null,2,120,5,1200,0.5,null,null,null,null,null,null,Moldura lateral Sienna (derecha),sien-bsm-right-hand-toyota-pt83k-08210-rh-pt83k08210rh
74101AE010,Ashtray Kit - Toyota (74101-AE010),14.54,Toyota,Ash Tray,"Self-contained coin holder/ashtray Cup fits conveniently inside the Cupholder.?\
 Hinged lid helps minimize odors and flyaway ashes\
 Easy to empty and Clean\
 Also provides handy storage for coins and other small items\
\
          \
          LIGHTER: Without Lighter Retainer Clip: With Retainer Clip \
          \
          Helps prevent flyaway ash and is convenient for both driver and passenger use. Providing a convenient place for your ashes, it is easy to empty and clean and features a deep tray well with integrated lid. This self-contained unit offers an easily removable ashtray featuring a UV protected plastic cup and hinged lid that fits snugly inside the vehicle’s cup-holder.",null,null,null,08171-47800,null,null,null,https://s3.amazonaws.com/rp-part-images/assets/1c2b859155246273678f2509fab46d2c.webp,https://s3.amazonaws.com/rp-part-images/assets/f5cf6b4b6bfb012689009824a80dd677.webp,https://s3.amazonaws.com/rp-part-images/assets/b3077658690eee41dac34dfa05bc79a6.webp,https://s3.amazonaws.com/rp-part-images/assets/5b3210b3507ab076bc185d673b3fe1bd.webp,https://s3.amazonaws.com/rp-part-images/assets/b15efb0e73cc6b44bb8f50de1bbc860a.webp,https://dz310nzuyimx0.cloudfront.net/strapr1/213771e26e41538231d31859b9d5e64a/5bdba3f17290fc0b408aca936f4c66ab.png,https://dz310nzuyimx0.cloudfront.net/strapr1/213771e26e41538231d31859b9d5e64a/af91f16918d88c7cb44659f4e666cdc5.png,https://dz310nzuyimx0.cloudfront.net/strapr1/213771e26e41538231d31859b9d5e64a/c3914e17646c3f95ee869cd1c52c3438.png,null,null,null,null,null,null,null,null,null,null,null,null,null,null,6,8,8,384,0.3,null,Cenicero,Monedero/cenicero con tapa abatible. Evita cenizas voladoras; fácil de limpiar y extraer. Fabricado en plástico UV resistente.. Cenicero portátil con tapa abatible; ideal para conductor y pasajero.,null,null,null,Kit de cenicero,ashtray-kit-toyota-74101-ae010-74101ae010
PT76735190,"Assist Step, Running Boards, Cast Aluminum - Toyota (PT767-35190)",756.00,Toyota,Running Board,Sturdy running boards provide easy step-up access to the vehicleDurable aluminum construction with slip-resistant coatingSleek design enhances the contours of the vehicle.,null,null,null,PT767-35160,null,null,null,https://s3.amazonaws.com/rp-part-images/assets/a1cbf926d1dab1ecfd9da898cb53e25e.webp,null,null,null,null,null,null,null,null,null,null,null,null,null,null,null,null,null,null,null,null,null,10,180,15,27000,8.5,null,Estribo,Las estriberas laterales resistentes ofrecen un acceso fácil al vehículo. Están fabricadas en aluminio duradero con recubrimiento antideslizante y diseño elegante que complementa las líneas del vehículo.,null,null,null,"Pasos laterales, estribos de aluminio fundido",assist-step-running-boards-cast-aluminum-toyota-pt767-35190-pt76735190
PT92534220,"Assist Steps, Predator Steps - Toyota (PT925-34220)",611.52,Toyota,Tun Tube Step D Cab,"A highly functional and stylish upgrade for your truck, the predator tube step complements the Tundra's rugged design and improves access to the cab.•Black powder-coated finish•Drop steps for easy access•Durable, 6061 aluminum construction is chip-and rust-resistant.",null,null,null,null,null,null,null,https://s3.amazonaws.com/rp-part-images/assets/909743c988f0fd7ded6d2eac6237b490.webp,null,null,null,null,null,null,null,null,null,null,null,null,null,null,null,null,null,null,null,null,null,15,180,15,40500,12,null,Tundra tubo lateral doble cabina,"Un paso tubular depredador que combina funcionalidad y estilo para tu Tundra. Complementa el diseño robusto del vehículo y mejora el acceso a la cabina. Acabado negro con recubrimiento en polvo, escalones antideslizantes y construcción de aluminio resistente a astilladuras y óxido.",null,null,null,"Pasos de ayuda, estilo Predator",assist-steps-predator-steps-toyota-pt925-34220-pt92534220
PT92534222,"Assist Steps, Running Boards - Toyota (PT925-34222)",520.80,Toyota,Tun Rbrd D Cab Alum,"Add style and function with a set of silver dual step running boards. They make it easier to step into the cab, and they complement the rugged good looks of the Tundra.  •Skid-resistant step pads help ensure secure footing •Sleek design enhances the finished look of the vehicle.",null,null,null,null,null,null,null,https://s3.amazonaws.com/rp-part-images/assets/257e14fb0d10b9646093e61deb5903af.webp,null,null,null,null,null,null,null,null,null,null,null,null,null,null,null,null,null,null,null,null,null,15,180,15,40500,12,null,Tundra estribos de aluminio doble cabina,Agrega estilo y funcionalidad con unos estribos laterales de doble escalón en color plata. Facilitan la entrada a la cabina y complementan el diseño robusto del Tundra. Almohadillas antideslizantes y diseño elegante que mejora la apariencia general del vehículo.,null,null,null,"Pasos de ayuda, estribos",assist-steps-running-boards-toyota-pt925-34222-pt92534222
PT92534224,"Assist Steps, Running Boards - Toyota (PT925-34224)",520.80,Toyota,Tun Rbrd Alum Ext D,"Add style and function with a set of silver dual step running boards. They make it easier to step into the cab, and they complement the rugged good looks of the Tundra.•Skid-resistant step pads help ensure secure footing•Sleek design enhances the finished look of the vehicle.",null,null,null,null,null,null,null,https://s3.amazonaws.com/rp-part-images/assets/fe4c120c63ceab4f4cabe965ebd8f586.webp,null,null,null,null,null,null,null,null,null,null,null,null,null,null,null,null,null,null,null,null,null,15,180,15,40500,12,null,Tundra estribos aluminio extendidos,Agrega estilo y funcionalidad con unos estribos laterales de doble escalón en color plata. Facilitan la entrada a la cabina y complementan el diseño robusto del Tundra. Almohadillas antideslizantes y diseño elegante que mejora la apariencia general del vehículo.,null,null,null,"Pasos de ayuda, estribos",assist-steps-running-boards-toyota-pt925-34224-pt92534224
PT93235160,"Assist Steps, Tube Steps, Chrome - Toyota (PT932-35160)",414.40,Toyota,Running Board,"Skid resistant Polypropylene heavy-duty step pads, tested to withstand the use as well as the elements.   3” Stainless steel tube which has been Chromed per TMS specifications to be chip and rust resistant   Laser cut brackets to ensure fit and appearance, then Powder coated to protect against the elements.  No drill installationPrecise fit for optimal appearanceDesigned to match the rugged trimMeets all Toyota-required   Load, Cyclic, Environmental and Durability testing.",null,null,null,null,null,null,null,https://s3.amazonaws.com/rp-part-images/assets/990653c6e7ad8a2278a3dc156023cc33.webp,https://s3.amazonaws.com/rp-part-images/assets/757681b00a27c74b4828641108f6f0a3.webp,https://s3.amazonaws.com/rp-part-images/assets/1480f2510fbfb4a1b8d126b966876475.webp,null,null,null,null,null,null,null,null,null,null,null,null,null,null,null,null,null,null,null,15,180,15,40500,12,null,Estribo,"Almohadillas antideslizantes de polipropileno resistentes y probadas para soportar el uso y los elementos. Tubo de acero inoxidable de 3"" cromado según las especificaciones TMS para resistir astilladuras y óxido. Soportes cortados con láser para garantizar ajuste y apariencia, recubiertos en polvo para protección contra los elementos. Instalación sin perforaciones.",null,null,null,"Pasos de ayuda, tubos cromados",assist-steps-tube-steps-chrome-toyota-pt932-35160-pt93235160
PT93848200,"Assist Steps, Running Boards - Toyota (PT938-48200)",392.00,Toyota,Running Board,"Help provide easier access into the interior of your HighlanderConstructed of black, durable material with stainless steel step pads, Running Boards provide an integrated, low profile look that complements Highlander’s styling.",null,null,null,null,null,null,null,https://s3.amazonaws.com/rp-part-images/assets/8876a64af22ad133e97fe2a9376d5fda.webp,null,null,null,null,null,null,null,null,null,null,null,null,null,null,null,null,null,null,null,null,null,12,150,15,27000,8.5,null,Running Board,"Ayuda a proporcionar un acceso más fácil al interior de tu Highlander. Construido con material negro duradero y almohadillas de acero inoxidable, las barras de acceso proporcionan un aspecto integrado y de bajo perfil que complementa el estilo del Highlander.",null,null,null,"Pasos de ayuda, estribos",assist-steps-running-boards-toyota-pt938-48200-pt93848200
PT39234220,Bed Extender - Toyota (PT392-34220),285.60,Toyota,Tun Bed Extender,"Truck bed not big enough? No problem. With the tailgate down, our bed extender increases bed length by two feet to fit your longboards and other bulky items. Or you can leave the tailgate up and use it to secure smaller objects.• Powder coat finish enhances appearance and durability• Taillights remain visible when in use, in compliance with DOT lighting requirements• Bed extender cannot be removed when tailgate is up and locked• Angle-release mounting brackets enable easy installation or removal• Adjustable strap latches ensure the bed extender is secured to the tailgate when down.",null,null,null,null,null,null,null,https://s3.amazonaws.com/rp-part-images/assets/d95115a0c28dad508d9f579c0997e322.webp,null,null,null,null,null,null,null,null,null,null,null,null,null,null,null,null,null,null,null,null,null,50,120,5,30000,8,null,Extensor de caja Tundra,El extensor de cama de camión añade dos pies de longitud al abrir la compuerta trasera para acomodar objetos largos como tablas de surf. También puede asegurar objetos más pequeños con la compuerta cerrada. Fabricado con un acabado de recubrimiento en polvo para mayor durabilidad.,null,null,null,Extensor de caja,bed-extender-toyota-pt392-34220-pt39234220
PT58035050SB,"Bed Mat, Short Bed - Toyota (PT580-35050-SB)",130.90,Toyota,Truck Bed Mat,"Minimize damage to your truck bed and cargo with this heavyweight bed mat. It?s made from a high-strength, cord-enhanced rubber compound that can withstand abuse without fading, rusting, cracking or breaking.\
 Pebble Finish minimizes Shifting of cargo\
 Raised, angled ribs ease cargo loading/unloading\
 Knobby underside promotes aeRation and Drainage that keeps the truck bed dry to help preVent rust and mildew\
\
          \
          Fits Tacoma  BED Type: Short Logo: Tacoma  Cargo and load capacity limited by weight and distribution. Always properly secure all items and cargo area.\
          \
          Reduce cargo shifting and protect your truck bed with a durable, rubber bed mat. Designed to resist cracking or breaking features a molded Tacoma logo.Custom-molded, heavyweight bed mat helps protect truck and cargoProvides superior abrasion resistance and tear strength for durable truck bed protectionFeatures stylish pebble finish to help restrict shifting of cargo and raised, angled ribs to facilitate cargo loading/unloadingKnobby underside promotes aeration and drainage to help keep truck bed dry, helping prevent mildewManufactured from a high-strength, cord-enhanced rubber compoundTested to help safeguard against fading, cracking or breaking—even in extreme temperatures.",null,null,null,null,null,null,null,https://s3.amazonaws.com/rp-part-images/assets/4668b2bf9295345a357e80af3afbe6ca.webp,https://s3.amazonaws.com/rp-part-images/assets/27db30ae9ecab86811e10c25f2c7f903.webp,null,null,null,null,null,null,null,null,null,null,null,null,null,null,null,null,null,null,null,null,2,150,100,30000,12,null,Tapete de caja de camioneta,"La alfombrilla de cama de goma duradera protege la caja del camión contra daños y minimiza el desplazamiento de la carga. Fabricada con un compuesto de caucho de alta resistencia, es resistente al desgaste y está diseñada para soportar temperaturas extremas.",null,null,null,"Tapete de caja, cama corta",bed-mat-short-bed-toyota-pt580-35050-sb-pt58035050sb
PT7470821B,Sien Rba - Toyota (PT747-0821B),null,Toyota,null,null,null,null,null,null,null,null,null,null,null,null,null,null,null,null,null,null,null,null,null,null,null,null,null,null,null,null,null,null,null,2,120,5,1200,0.5,null,null,null,null,null,null,Aplique para defensa trasera Sienna,sien-rba-toyota-pt747-0821b-pt7470821b
PT76735121,"Assist Steps, Tube Steps, Short - Toyota (PT767-35121)",565.60,Toyota,Running Board,"Durable five-inch oval tube steps add style and functionality to your Tacoma. Constructed of chip- and rust-resistant aluminum with a chrome or black powder coat finish, the tube steps provide dual molded skid-resistant step pads on both sides of the Tacoma—providing a sturdy lower surface for easy entry and exit of the vehicle. Simple, no-drill installation to your vehicle’s existing mounting locations.",null,null,null,null,null,null,null,https://s3.amazonaws.com/rp-part-images/assets/3de25e7526296aa0285b56042f19b9af.webp,https://s3.amazonaws.com/rp-part-images/assets/5c5e9d3bbf93d3573379f9da3c7efd4b.webp,null,null,null,null,null,null,null,null,null,null,null,null,null,null,null,null,null,null,null,null,10,120,15,18000,6.5,null,Estribo,"Los escalones tubulares ovalados de 5 pulgadas añaden estilo y funcionalidad al Tacoma. Su diseño ligero y resistente a la corrosión permite una instalación sin perforaciones, brindando acceso seguro al vehículo.",null,null,null,"Pasos laterales de ayuda, tubo corto",assist-steps-tube-steps-short-toyota-pt767-35121-pt76735121
PT76735240,Bed Cargo Divider - Toyota (PT767-35240),336.00,Toyota,Taco Cgdvdr,"? Slides along the Tacoma's deck rail system to create the space to fit your needs? Made of lightweight, corrosion-resistant, black-powder-coated aluminum with bold Tacoma logo.",null,null,null,null,null,null,null,https://s3.amazonaws.com/rp-part-images/assets/015fc8e973b5ff3f01d4774dbfb29477.webp,null,null,null,null,null,null,null,null,null,null,null,null,null,null,null,null,null,null,null,null,null,15,120,15,27000,7,null,Tacoma divisor de carga,Se desliza por el sistema de rieles de la Tacoma para crear espacios personalizados. Fabricado en aluminio resistente a la corrosión con recubrimiento en polvo negro y logotipo Tacoma.,null,null,null,Divisor de carga de plataforma,bed-cargo-divider-toyota-pt767-35240-pt76735240
PT90708210DC,Sien Ppf Door Cups - Toyota (PT907-08210-DC),39.16,Toyota,null,null,null,null,null,null,null,null,null,null,null,null,null,null,null,null,null,null,null,null,null,null,null,null,null,null,null,null,null,null,null,2,10,10,200,0.2,null,null,null,null,null,null,"Película protectora para manijas, Sienna",sien-ppf-door-cups-toyota-pt907-08210-dc-pt90708210dc
PT39235920,Bedstepandreg - Toyota (PT392-35920),302.40,Toyota,Taco Bed Step,"Get a leg up when loading or unloading the cargo in your truck’s bed with this BedStep®. It bolts on with no drilling required and tucks neatly under the rear bumper when not in use.• Works with tailgate up or down• Hands-free operation. adjusts easily. Lightweight, high-strength aluminum die-cast construction features a reinforced nylon step pad with ribbed, nonskid stepping surface• 300-lb. load capacity• Weather-resistant, black-anodized and Teflon® powder coat finish for long-term durability• Leaves hitch receiver free for towing.",null,null,null,null,null,null,null,https://s3.amazonaws.com/rp-part-images/assets/73816854c14baa01aa90b1e28d6dbd81.webp,null,null,null,null,null,null,null,null,null,null,null,null,null,null,null,null,null,null,null,null,null,25,35,15,13125,4.5,null,Escalón de caja Tacoma,Facilita la carga o descarga de la caja de tu camión con este escalón trasero. Se instala sin necesidad de perforar y se pliega de manera discreta bajo el parachoques trasero cuando no se utiliza. Construcción ligera de aluminio con superficie antideslizante.,null,null,null,Escalón de caja,bedstepandreg-toyota-pt392-35920-pt39235920
PT998342212F,Trd Wheel Center Cap - Toyota (PT998-34221-2F),10.60,Toyota,Center Cap Tun Seq Trd,Flat Black Center Cap Button Cap Style.,null,null,null,pt280342212f,null,null,null,https://cdn-product-images.revolutionparts.io/assets/51451293edab0a7802d1232b380992d3.webp,null,null,null,null,null,null,null,null,null,null,null,null,null,null,null,null,null,null,null,null,null,12,12,8,1152,0.3,null,Tapón central TRD Tacoma/Sequoia,Tapón central de rin negro mate (tipo botón).,null,Tire and Wheel,null,Tapón central de rin TRD,pt998342212f
PT83K0821004,"Body Side Molding, Cypress - Toyota (PT83K-08210-04)",173.41,Toyota,Sien Bsm 6X5 Green,"Body side moldings help protect against careless door swings, runaway shopping carts, and other parking lot mishaps while adding a little extra exterior style.",null,null,null,null,null,null,null,https://s3.amazonaws.com/rp-part-images/assets/6915c62b5bf733475e314f266edc9e83.webp,null,null,null,null,null,null,null,null,null,null,null,null,null,null,null,null,null,null,null,null,null,2,120,5,1200,0.5,null,Sienna moldura lateral 6X5 verde,Las molduras laterales protegen contra golpes accidentales y están pintadas para combinar con el acabado exterior del vehículo.,null,null,null,"Molduras laterales, Cypress (verde)",body-side-molding-cypress-toyota-pt83k-08210-04-pt83k0821004
PT29A3524006,Body Side Molding - Bronze Oxide - Toyota (PT29A-35240-06),173.41,Toyota,Taco Bsm 6X1 Bronze,"Body side moldings help protect against careless door swings, runaway shopping carts and other parking lot mishaps while adding a little extra exterior style. Color-matched to the exterior paint finish.",null,null,null,null,null,null,null,https://s3.amazonaws.com/rp-part-images/assets/6c15ede158023a26e3f111f21a694493.webp,https://s3.amazonaws.com/rp-part-images/assets/10b519a670978f3c607070f60f829e44.webp,null,null,null,null,null,null,null,null,null,null,null,null,null,null,null,null,null,null,null,null,10,120,5,6000,1.2,null,Tacoma moldura lateral 6X1 bronce,"Los molduras laterales del cuerpo ayudan a proteger contra golpes de puertas, carritos de supermercado y otros percances, mientras añaden un toque de estilo extra. Están pintadas a juego con el color exterior del vehículo.",null,null,null,"Moldura lateral, óxido de bronce",body-side-molding-bronze-oxide-toyota-pt29a-35240-06-pt29a3524006
PT83K0821007,"Body Side Molding, Celestial Silver Metallic - Toyota (PT83K-08210-07)",173.41,Toyota,Sien Bsm 1J9 Silver,"Body side moldings help protect against careless door swings, runaway shopping carts, and other parking lot mishaps while adding a little extra exterior style.",null,null,null,null,null,null,null,https://s3.amazonaws.com/rp-part-images/assets/94603f7caed56d9435c83e5701fa3677.webp,null,null,null,null,null,null,null,null,null,null,null,null,null,null,null,null,null,null,null,null,null,2,120,5,1200,0.5,null,Sienna moldura lateral 1J9 plata,Las molduras laterales protegen contra golpes accidentales y están pintadas para combinar con el acabado exterior del vehículo.,null,null,null,"Molduras laterales, plata metálica Celestial",body-side-molding-celestial-silver-metallic-toyota-pt83k-08210-07-pt83k0821007
PT29A3524004,Body Side Molding - Solar Octane - Toyota (PT29A-35240-04),173.41,Toyota,Taco Bsm 4W5 Orange,"Body side moldings help protect against careless door swings, runaway shopping carts and other parking lot mishaps while adding a little extra exterior style. Color-matched to the exterior paint finish.",null,null,null,null,null,null,null,https://s3.amazonaws.com/rp-part-images/assets/1185a2b2b5793421e907c9a7db66abd1.webp,null,null,null,null,null,null,null,null,null,null,null,null,null,null,null,null,null,null,null,null,null,10,120,5,6000,1.2,null,Tacoma moldura lateral 4W5 naranja,"Los molduras laterales del cuerpo ayudan a proteger contra golpes de puertas, carritos de supermercado y otros percances, mientras añaden un toque de estilo extra. Están pintadas a juego con el color exterior del vehículo.",null,null,null,"Moldura lateral, naranja Solar Octane",body-side-molding-solar-octane-toyota-pt29a-35240-04-pt29a3524004
PT83K0821006,"Body Side Molding, Gray Metallic - Toyota (PT83K-08210-06)",173.41,Toyota,Sien Bsm 1H1 Gray,"Body side moldings help protect against careless door swings, runaway shopping carts, and other parking lot mishaps while adding a little extra exterior style.",null,null,null,null,null,null,null,https://s3.amazonaws.com/rp-part-images/assets/0d99ec4f14b4ad8ebbc252076a0aa2bc.webp,null,null,null,null,null,null,null,null,null,null,null,null,null,null,null,null,null,null,null,null,null,2,120,5,1200,0.5,null,Sienna moldura lateral 1H1 gris,Las molduras laterales protegen contra golpes accidentales y están pintadas para combinar con el acabado exterior del vehículo.,null,null,null,"Molduras laterales, gris metálico",body-side-molding-gray-metallic-toyota-pt83k-08210-06-pt83k0821006
PT29A3524002,Body Side Molding - Toyota (PT29A-35240-02),173.41,Toyota,Taco Bsm 202 Black,"Body side moldings help protect against careless door swings, runaway shopping carts and other parking lot mishaps while adding a little extra exterior styleColor-matched to the exterior paint finish.",null,null,null,null,null,null,null,https://s3.amazonaws.com/rp-part-images/assets/71196734082571bfeff28a3322d0a746.webp,https://s3.amazonaws.com/rp-part-images/assets/82f1760864c6c855dae68baa63899625.webp,null,null,null,null,null,null,null,null,null,null,null,null,null,null,null,null,null,null,null,null,10,120,5,6000,1.2,null,Tacoma moldura lateral 202 negro,"Los molduras laterales del cuerpo ayudan a proteger contra golpes de puertas, carritos de supermercado y otros percances, mientras añaden un toque de estilo extra. Están pintadas a juego con el color exterior del vehículo.",null,null,null,Moldura lateral,body-side-molding-toyota-pt29a-35240-02-pt29a3524002
PT29A3524003,Body Side Molding - Supersonic Red - Toyota (PT29A-35240-03),173.41,Toyota,Taco Bsm 3U5 Red,"Body side moldings help protect against careless door swings, runaway shopping carts and other parking lot mishaps while adding a little extra exterior style. Color-matched to the exterior paint finish..",null,null,null,null,null,null,null,https://s3.amazonaws.com/rp-part-images/assets/2216b983e34cf573b6b82d6ce1018d0e.webp,https://s3.amazonaws.com/rp-part-images/assets/f8a60d035725a137313ab28a7fb052db.webp,null,null,null,null,null,null,null,null,null,null,null,null,null,null,null,null,null,null,null,null,10,120,5,6000,1.2,null,Tacoma moldura lateral 3U5 rojo,"Los molduras laterales del cuerpo ayudan a proteger contra golpes de puertas, carritos de supermercado y otros percances, mientras añaden un toque de estilo extra. Están pintadas a juego con el color exterior del vehículo.",null,null,null,"Moldura lateral, rojo supersónico",body-side-molding-supersonic-red-toyota-pt29a-35240-03-pt29a3524003
PT29A3524011,Body Side Molding - Toyota (PT29A-35240-11),173.41,Toyota,Taco Bsm 1L7 Gray,"Body side moldings help protect against careless door swings, runaway shopping carts and other parking lot mishaps while adding a little extra exterior styleColor-matched to the exterior paint finish.",null,null,null,null,null,null,null,https://s3.amazonaws.com/rp-part-images/assets/4863bd2cc53b80e87fd31a61b1f368ae.webp,null,null,null,null,null,null,null,null,null,null,null,null,null,null,null,null,null,null,null,null,null,10,120,5,6000,1.2,null,Tacoma moldura lateral 1L7 gris,"Los molduras laterales del cuerpo ayudan a proteger contra golpes de puertas, carritos de supermercado y otros percances, mientras añaden un toque de estilo extra. Están pintadas a juego con el color exterior del vehículo.",null,null,null,Moldura lateral,body-side-molding-toyota-pt29a-35240-11-pt29a3524011
PT83K0821000,"Body Side Molding, Sunset Bronze Mica - Toyota (PT83K-08210-00)",173.41,Toyota,Sien Bsm 4U3 Brown,"Body side moldings help protect against careless door swings, runaway shopping carts, and other parking lot mishaps while adding a little extra exterior style.",null,null,null,null,null,null,null,https://s3.amazonaws.com/rp-part-images/assets/6ecd83f0ae04624980878a2ef12d3b88.webp,null,null,null,null,null,null,null,null,null,null,null,null,null,null,null,null,null,null,null,null,null,2,120,5,1200,0.5,null,Sienna moldura lateral 4U3 marrón,"Los molduras laterales protegen contra golpes de puertas y carritos de compras, añadiendo estilo adicional al exterior.",null,null,null,"Molduras laterales, Sunset Bronze Mica",body-side-molding-sunset-bronze-mica-toyota-pt83k-08210-00-pt83k0821000
PT83K0821001,"Body Side Molding, Ruby Flare Pearl - Toyota (PT83K-08210-01)",173.41,Toyota,Door Molding,"Body side moldings help protect against careless door swings, runaway shopping carts, and other parking lot mishaps while adding a little extra exterior style.",null,null,null,null,null,null,null,https://s3.amazonaws.com/rp-part-images/assets/524eb9f307363d3a4b7ae7a639b2ebae.webp,null,null,null,null,null,null,null,null,null,null,null,null,null,null,null,null,null,null,null,null,null,2,120,5,1200,0.5,null,Moldura de puerta,Las molduras laterales protegen contra golpes accidentales y están pintadas para combinar con el acabado exterior del vehículo.,null,null,null,"Molduras laterales, Ruby Flare Pearl",body-side-molding-ruby-flare-pearl-toyota-pt83k-08210-01-pt83k0821001
PT83K0821008,"Body Side Molding, Midnight Black - Toyota (PT83K-08210-08)",173.41,Toyota,Sien Bsm 218 Black,"Body side moldings help protect against careless door swings, runaway shopping carts, and other parking lot mishaps while adding a little extra exterior style.",null,null,null,null,null,null,null,https://s3.amazonaws.com/rp-part-images/assets/a4840af82cfc7d9e6fdb80459102e47e.webp,null,null,null,null,null,null,null,null,null,null,null,null,null,null,null,null,null,null,null,null,null,2,120,5,1200,0.5,null,Sienna moldura lateral 218 negro,Las molduras laterales protegen contra golpes accidentales y están pintadas para combinar con el acabado exterior del vehículo.,null,null,null,"Molduras laterales, negro medianoche",body-side-molding-midnight-black-toyota-pt83k-08210-08-pt83k0821008
PT83K0821009,"Body Side Molding, Super White - Toyota (PT83K-08210-09)",173.41,Toyota,Sien Bsm 040 White,"Body side moldings help protect against careless door swings, runaway shopping carts, and other parking lot mishaps while adding a little extra exterior style.",null,null,null,null,null,null,null,https://s3.amazonaws.com/rp-part-images/assets/f2d14c7f750d32ccefd190853e271464.webp,null,null,null,null,null,null,null,null,null,null,null,null,null,null,null,null,null,null,null,null,null,2,120,5,1200,0.5,null,Sienna moldura lateral 040 blanco,Las molduras laterales protegen contra golpes accidentales y están pintadas para combinar con el acabado exterior del vehículo.,null,null,null,"Molduras laterales, blanco Super White",body-side-molding-super-white-toyota-pt83k-08210-09-pt83k0821009
PT29A1622003,Body Side Moldings - Toyota (PT29A-16220-03),173.41,Toyota,Cor Crs Bsm 3R3 Red,"Body side moldings help protect against careless door swings, runaway shopping carts and other parking lot mishaps while adding a little extra exterior styleColor-matched to the exterior paint finish.",null,null,null,null,null,null,null,https://s3.amazonaws.com/rp-part-images/assets/8d961fe2bbf1ed11ca5af64de1fcab8c.webp,null,null,null,null,null,null,null,null,null,null,null,null,null,null,null,null,null,null,null,null,null,3,120,5,1800,2,null,Corolla Cross moldura lateral 3R3 rojo,"Los molduras laterales del cuerpo ayudan a proteger contra golpes de puertas, carritos de supermercado y otros percances, mientras añaden un toque de estilo extra. Están pintadas a juego con el color exterior del vehículo.",null,null,null,Molduras laterales,body-side-moldings-toyota-pt29a-16220-03-pt29a1622003
PT29A1622006,Body Side Moldings - Toyota (PT29A-16220-06),173.41,Toyota,Cor Crs Bsmd M Dr 4P,"Body side moldings help protect against careless door swings, runaway shopping carts and other parking lot mishaps while adding a little extra exterior styleColor-matched to the exterior paint finish.",null,null,null,null,null,null,null,https://s3.amazonaws.com/rp-part-images/assets/d55d79415b4e890041bc763744b83cb7.webp,null,null,null,null,null,null,null,null,null,null,null,null,null,null,null,null,null,null,null,null,null,3,120,5,1800,2,null,Corolla Cross moldura lateral 4 piezas,"Los molduras laterales del cuerpo ayudan a proteger contra golpes de puertas, carritos de supermercado y otros percances, mientras añaden un toque de estilo extra. Están pintadas a juego con el color exterior del vehículo.",null,null,null,Molduras laterales,body-side-moldings-toyota-pt29a-16220-06-pt29a1622006
PT29A1622008,Body Side Moldings - Toyota (PT29A-16220-08),173.41,Toyota,Cor Crs Bsmd M Dr 4P,"Body side moldings help protect against careless door swings, runaway shopping carts and other parking lot mishaps while adding a little extra exterior styleColor-matched to the exterior paint finish.",null,null,null,null,null,null,null,https://s3.amazonaws.com/rp-part-images/assets/2be1216d3d991d4b62ebd272679831f6.webp,null,null,null,null,null,null,null,null,null,null,null,null,null,null,null,null,null,null,null,null,null,3,120,5,1800,2,null,Corolla Cross moldura lateral 4 piezas,"Los molduras laterales del cuerpo ayudan a proteger contra golpes de puertas, carritos de supermercado y otros percances, mientras añaden un toque de estilo extra. Están pintadas a juego con el color exterior del vehículo.",null,null,null,Molduras laterales,body-side-moldings-toyota-pt29a-16220-08-pt29a1622008
PT29A1622010,Body Side Moldings - Toyota (PT29A-16220-10),173.41,Toyota,Cor Crs Bsmd M Dr 4P,"Body side moldings help protect against careless door swings, runaway shopping carts and other parking lot mishaps while adding a little extra exterior styleColor-matched to the exterior paint finish.",null,null,null,null,null,null,null,https://s3.amazonaws.com/rp-part-images/assets/1424dde9a6f1075d52f8d828b5dc97be.webp,null,null,null,null,null,null,null,null,null,null,null,null,null,null,null,null,null,null,null,null,null,10,120,5,6000,1.2,null,Corolla Cross moldura lateral 4 piezas,"Los molduras laterales del cuerpo ayudan a proteger contra golpes de puertas, carritos de supermercado y otros percances, mientras añaden un toque de estilo extra. Están pintadas a juego con el color exterior del vehículo.",null,null,null,Molduras laterales,body-side-moldings-toyota-pt29a-16220-10-pt29a1622010
PT29A1622011,Body Side Moldings - Toyota (PT29A-16220-11),173.41,Toyota,Cor Crs Bsmd M Dr 4P,"Body side moldings help protect against careless door swings, runaway shopping carts and other parking lot mishaps while adding a little extra exterior styleColor-matched to the exterior paint finish.",null,null,null,null,null,null,null,https://s3.amazonaws.com/rp-part-images/assets/1768a7b3b8f89a358104164008679634.webp,null,null,null,null,null,null,null,null,null,null,null,null,null,null,null,null,null,null,null,null,null,10,120,5,6000,1.2,null,Corolla Cross moldura lateral 4 piezas,"Los molduras laterales del cuerpo ayudan a proteger contra golpes de puertas, carritos de supermercado y otros percances, mientras añaden un toque de estilo extra. Están pintadas a juego con el color exterior del vehículo.",null,null,null,Molduras laterales,body-side-moldings-toyota-pt29a-16220-11-pt29a1622011
PT29A3524010,Body Side Molding - Wind Chill Pearl - Toyota (PT29A-35240-10),173.41,Toyota,Taco Bsm 089 Platinu,"Body side moldings help protect against careless door swings, runaway shopping carts and other parking lot mishaps while adding a little extra exterior style. Color-matched to the exterior paint finish.",null,null,null,null,null,null,null,https://s3.amazonaws.com/rp-part-images/assets/3403d33d30de12111bbc53ee93f24a51.webp,null,null,null,null,null,null,null,null,null,null,null,null,null,null,null,null,null,null,null,null,null,10,120,5,6000,1.2,null,Tacoma moldura lateral 089 platino,"Los molduras laterales del cuerpo ayudan a proteger contra golpes de puertas, carritos de supermercado y otros percances, mientras añaden un toque de estilo extra. Están pintadas a juego con el color exterior del vehículo.",null,null,null,"Moldura lateral, perla Wind Chill",body-side-molding-wind-chill-pearl-toyota-pt29a-35240-10-pt29a3524010
PT29A4723008,Body Side Moldings - Blue - Toyota (PT29A-47230-08),195.79,Toyota,Prs Bsm 8Q4 Dark Blue,"Body side moldings designed to blend seamlessly with exterior paint color Help protect against careless door swings, runaway shopping carts and other parking lot mishaps.",null,null,null,null,null,null,null,https://s3.amazonaws.com/rp-part-images/assets/3117330ed17b4b616f962f7995382b5b.webp,null,null,null,null,null,null,null,null,null,null,null,null,null,null,null,null,null,null,null,null,null,10,120,5,6000,1.2,null,Prius moldura lateral 8Q4 azul oscuro,Las molduras laterales están diseñadas para integrarse perfectamente con el color exterior del vehículo. Ayudan a proteger contra golpes de puertas y percances en estacionamientos.,null,null,null,"Molduras laterales, color azul",body-side-moldings-blue-toyota-pt29a-47230-08-pt29a4723008
PT90708211,"Paint Protection Film, Front Bumper - Toyota (PT907-08211)",392.00,Toyota,Paint Protection Film,"Genuine Toyota paint protection film helps protect the paint finish from chips and scratches.Multiple film layers of durable, nearly invisible urethane help provide protection and resist discolorationDesigned for specific sections of the vehicle that are most prone to chippingAvailable in two sets and each set is sold separately. This is Paint protection for the front bumper.",null,null,null,null,null,null,null,https://s3.amazonaws.com/rp-part-images/assets/1f8ed38ddd52421fa4ae3f2a804a4fe1.webp,null,null,null,null,null,null,null,null,null,null,null,null,null,null,null,null,null,null,null,null,null,5,100,10,5000,1.2,null,Película de protección de pintura,Protección de pintura para el parachoques delantero. Incluye capas de uretano duradero y casi invisible que protegen contra astillas y rayones.,null,null,null,"Película de protección de pintura, defensa delantera",paint-protection-film-front-bumper-toyota-pt907-08211-pt90708211
PT29A1622020,Body Side Moldings - Toyota (PT29A-16220-20),173.41,Toyota,Cor Crs Bsm Son Sil,"Body side moldings help protect against careless door swings, runaway shopping carts and other parking lot mishaps while adding a little extra exterior styleColor-matched to the exterior paint finish.",null,null,null,null,null,null,null,https://s3.amazonaws.com/rp-part-images/assets/f469b9c5aca9dc1239263e53c44143ea.webp,null,null,null,null,null,null,null,null,null,null,null,null,null,null,null,null,null,null,null,null,null,10,120,5,6000,1.2,null,Corolla Cross moldura lateral color plata,"Los molduras laterales del cuerpo ayudan a proteger contra golpes de puertas, carritos de supermercado y otros percances, mientras añaden un toque de estilo extra. Están pintadas a juego con el color exterior del vehículo.",null,null,null,Molduras laterales,body-side-moldings-toyota-pt29a-16220-20-pt29a1622020
PT29A1622021,Body Side Moldings - Toyota (PT29A-16220-21),173.41,Toyota,Cor Crs Bsm Jet Black,"Body side moldings help protect against careless door swings, runaway shopping carts and other parking lot mishaps while adding a little extra exterior styleColor-matched to the exterior paint finish.",null,null,null,null,null,null,null,https://s3.amazonaws.com/rp-part-images/assets/e6442aee976519ae3ed699f2ee1fb1cf.webp,null,null,null,null,null,null,null,null,null,null,null,null,null,null,null,null,null,null,null,null,null,10,120,5,6000,1.2,null,Corolla Cross moldura lateral color negro brillante,"Los molduras laterales del cuerpo ayudan a proteger contra golpes de puertas, carritos de supermercado y otros percances, mientras añaden un toque de estilo extra. Están pintadas a juego con el color exterior del vehículo.",null,null,null,Molduras laterales,body-side-moldings-toyota-pt29a-16220-21-pt29a1622021
PT29A4723002,Body Side Moldings - Toyota (PT29A-47230-02),195.79,Toyota,Prs Bsm 218 Black,"Body side moldings match the vehicle's exterior color. Help protect against careless door swings, runaway shopping carts and other parking lot mishaps.",null,null,null,null,null,null,null,https://s3.amazonaws.com/rp-part-images/assets/e0ed5740b3afb7f567ac31c7dfc6a1b9.webp,https://s3.amazonaws.com/rp-part-images/assets/cd8e5d66d4f838062fe450b99d4e8abb.webp,null,null,null,null,null,null,null,null,null,null,null,null,null,null,null,null,null,null,null,null,10,120,5,6000,1.2,null,Prius moldura lateral 218 negro,Las molduras laterales coinciden con el color exterior del vehículo. Ayudan a proteger contra golpes de puertas y percances en estacionamientos.,null,null,null,Molduras laterales,body-side-moldings-toyota-pt29a-47230-02-pt29a4723002
PT29A4723011,Body Side Moldings - Toyota (PT29A-47230-11),195.79,Toyota,Prs Bsm 1M2 Gray,"Body side moldings match the vehicle's exterior color. Help protect against careless door swings, runaway shopping carts and other parking lot mishaps.",null,null,null,null,null,null,null,https://s3.amazonaws.com/rp-part-images/assets/71fb60873461de9e9846051fe53ebd79.webp,null,null,null,null,null,null,null,null,null,null,null,null,null,null,null,null,null,null,null,null,null,10,120,5,6000,1.2,null,Prius moldura lateral 1M2 gris,Las molduras laterales coinciden con el color exterior del vehículo. Ayudan a proteger contra golpes de puertas y percances en estacionamientos.,null,null,null,Molduras laterales,body-side-moldings-toyota-pt29a-47230-11-pt29a4723011
PT92903182,"Bumper Appliqu?, Rear - Toyota (PT929-03182)",38.04,Toyota,Bumper Trim,"Brings a sporty look and helps keep your rear Bumper looking like new.\
 Helps preVent scuffs and scrapes to your rear Bumper\
 Custom-Tailored for an exact fit to the rear Bumper\
 Available on the?LE?and?XLE?models only\
 \
\
          \
          Fits Camry Appearance: Clear Logo: Camry \
          \
          Made of high-grade, nearly invisible urethane film, the rear bumper appliqué helps protect the top surface from unsightly scrapes and scratchesNew Camry logo helps bring an elegant lookAvailable on LE and XLE models only.",null,null,null,PT929-03180,null,null,null,https://s3.amazonaws.com/rp-part-images/assets/50da8df6310a7694dfbf5289c1bd2e99.webp,null,null,null,null,null,null,null,null,null,null,null,null,null,null,null,null,null,null,null,null,null,2,120,10,2400,1.5,null,Acabado de defensa,"Aporta un aspecto deportivo y ayuda a mantener el parachoques trasero como nuevo. Ayuda a prevenir marcas y rayaduras en el parachoques trasero. Diseñado a medida para un ajuste exacto. Hecho de película de uretano de alta calidad, casi invisible, que protege contra rayaduras antiestéticas.",null,null,null,Aplique de defensa trasera,bumper-appliqu-rear-toyota-pt929-03182-pt92903182
PT7380220002,"Bumper Protector, Rear, Black - Toyota (PT738-02200-02)",50.35,Toyota,Bumper Protection Pad,"Rear Bumper protector helps keep your rear Bumper's top surface free from scrapes and scratches. \
 Made of high-grade, durable Material and custom-fit to your vehicle's rear Bumper \
\
          \
          Fits Corolla Bumper Type: Standard Fascia Color: Black \
          \
          Rear bumper protector helps keep your rear bumper's top surface free from scrapes and scratchesMade of high-grade, durable material and custom-fitted to your vehicle's rear bumper.",null,null,null,null,null,null,null,https://s3.amazonaws.com/rp-part-images/assets/27569c36f3c226549cc7c69cb5f9db89.webp,null,null,null,null,null,null,null,null,null,null,null,null,null,null,null,null,null,null,null,null,null,10,120,5,6000,2.5,null,Almohadilla protectora de defensa,"El protector trasero del parachoques ayuda a mantener la superficie superior libre de rayones y desgaste. Fabricado con material de alta calidad, se adapta perfectamente al diseño del vehículo.",null,null,null,"Protector de defensa trasera, negro",bumper-protector-rear-black-toyota-pt738-02200-02-pt7380220002
PT73816227,"Bumper Protector, Rear - Toyota (PT738-16227)",50.35,Toyota,Cor Crs Rbp Logo,"Rear bumper protector helps keep your rear bumper free from scrapes and scratchesMade of high-grade, durable material and custom-fitted to your vehicle's rear bumper.",null,null,null,null,null,null,null,https://s3.amazonaws.com/rp-part-images/assets/44215d29cf310c5a6c98584d1c902f50.webp,null,null,null,null,null,null,null,null,null,null,null,null,null,null,null,null,null,null,null,null,null,10,120,5,6000,2.5,null,Protector trasero con logotipo Corolla Cross,El protector trasero del parachoques ayuda a prevenir rayones y desgaste. Está hecho de material duradero de alta calidad y está diseñado para ajustarse perfectamente al parachoques trasero del vehículo.,null,null,null,Protector de defensa trasera,bumper-protector-rear-toyota-pt738-16227-pt73816227
PT92903181,"Bumper Protector, Rear, Black - Toyota (PT929-03181)",38.04,Toyota,Bumper Protection Pad,"Brings a sporty look and helps keep your rear Bumper looking like new.\
 Helps preVent scuffs and scrapes to your rear Bumper\
 Custom-Tailored for an exact fit to the rear Bumper\
 Available on the XSE and SE models only\
\
          \
          Fits Camry Appearance: Black Logo: Toyota \
          \
          Brings a sporty look and helps keep your rear bumper looking like new.•Helps prevent scuffs and scrapes to your rear bumperCustom-tailored for an exact fit to the rear bumper Available on the XSE and SE models only.",null,null,null,null,null,null,null,https://s3.amazonaws.com/rp-part-images/assets/7993f2267f91c4a3c399927a77598447.webp,null,null,null,null,null,null,null,null,null,null,null,null,null,null,null,null,null,null,null,null,null,2,120,10,2400,1.5,null,Protección de defensa,Proporciona un aspecto deportivo y ayuda a mantener el parachoques trasero como nuevo. Ayuda a prevenir marcas y rayaduras en el parachoques trasero. Diseñado a medida para un ajuste exacto. Disponible solo para modelos XSE y SE.,null,null,null,"Protector de defensa trasera, negro",bumper-protector-rear-black-toyota-pt929-03181-pt92903181
PU06042016P1,"Bumper Protector, Rear - Toyota (PU060-42016-P1)",105.88,Toyota,Bumper Protection Pad,"Help keep the top surface of the rear Bumper free of scrapes and scratches while adding a touch of style.  \
 Weather resistant, polished stainless steel Finish \
\
          \
          Fits Rav4 Bumper Type: Standard Fascia Color: Black Material: Stainless Steel And Plastic Special Edition: Does not apply \
          \
          Help keep the top surface of the rear bumper free of scrapes and scratches while adding a touch of style. Weather resistant, polished stainless steel finish Special Edition does not apply.",null,null,null,null,null,null,null,https://s3.amazonaws.com/rp-part-images/assets/64eb592269822a663997c00a0f12252a.webp,null,null,null,null,null,null,null,null,null,null,null,null,null,null,null,null,null,null,null,null,null,8,100,15,12000,4,null,Bumper Protection Pad,"Ayuda a mantener la superficie superior del parachoques trasero libre de raspaduras y rayones mientras agrega un toque de estilo.\
 Acabado de acero inoxidable resistente a la intemperie.",null,null,null,Protector de defensa trasera,bumper-protector-rear-toyota-pu060-42016-p1-pu06042016p1
PT2061622520,"Cargo Area Tray, Mid Deck - Toyota (PT206-16225-20)",72.72,Toyota,Cor Crs Ctry Black M D,"The tough, flexible all-weather cargo tray allows you to carry a wide variety of items and helps protect your cargo area Made of durable, easy-to-clean material embossed with a Corolla Cross logo Skid-resistant surface helps secure items in place.",null,null,null,null,null,null,null,https://s3.amazonaws.com/rp-part-images/assets/d3666fe445d08cce823615812a228393.webp,null,null,null,null,null,null,null,null,null,null,null,null,null,null,null,null,null,null,null,null,null,5,120,80,48000,3.5,null,"Bandeja de carga Corolla Cross negra, plataforma media",Bandeja de carga todo clima; protege el área de carga. Material duradero con logo Corolla Cross.. Superficie antideslizante.,null,null,null,"Bandeja de área de carga, plataforma intermedia",cargo-area-tray-mid-deck-toyota-pt206-16225-20-pt2061622520
PT90847161,Cargo Liner - Toyota (PT908-47161),93.77,Toyota,Cargo Area Liner,"Made of durable, easy-to-clean material embossed with a Prius logo  Skid-resistant surface helps secure items in place  Molded perimeter lip helps contain spills Designed to fit the vehicle’s cargo floor  .",null,null,null,null,null,null,null,https://s3.amazonaws.com/rp-part-images/assets/7c4deea554eb79f5953b113c8171fdfb.webp,https://s3.amazonaws.com/rp-part-images/assets/21831048a274ea3c225960627b61e9c8.webp,null,null,null,null,null,null,null,null,null,null,null,null,null,null,null,null,null,null,null,null,2,100,80,16000,3.5,null,Protector de área de carga,null,null,null,null,Revestimiento de cajuela,cargo-liner-toyota-pt908-47161-pt90847161
PT2061622620,"Cargo Area Tray, High Deck - Toyota (PT206-16226-20)",72.72,Toyota,Cor Crs Ctry Black H D,"The tough, flexible all-weather cargo tray allows you to carry a wide variety of items and helps protect your cargo area Made of durable, easy-to-clean material embossed with a Corolla Cross logo Skid-resistant surface helps secure items in place Cargo Tray for High deck.",null,null,null,null,null,null,null,https://s3.amazonaws.com/rp-part-images/assets/62438ad5cb3f2d43a18b416c08ab73b6.webp,null,null,null,null,null,null,null,null,null,null,null,null,null,null,null,null,null,null,null,null,null,5,120,80,48000,3.5,null,"Bandeja de carga Corolla Cross negra, plataforma alta",Bandeja de carga todo clima para nivel alto; protege el área de carga. Material duradero con logo Corolla Cross.. Superficie antideslizante.,null,null,null,"Bandeja de área de carga, plataforma alta",cargo-area-tray-high-deck-toyota-pt206-16226-20-pt2061622620
PT34716220,Cargo Area Spider Net - Toyota (PT347-16220),43.63,Toyota,Toy Cnet Spider,"Versatile, lightweight cargo net helps secure everyday items from rolling aroundQuick and easy attachment and removalFeatures a dual-layer, stain-resistant webbed pocket to hold items in placeSecurely attaches to D-ring anchors in the cargo area.",null,null,null,null,null,null,null,https://s3.amazonaws.com/rp-part-images/assets/f5ca670ff7d1dfb87cef67406cb793bb.webp,null,null,null,null,null,null,null,null,null,null,null,null,null,null,null,null,null,null,null,null,null,10,20,10,2000,0.6,null,Red de carga Toyota tipo araña,La red de carga versátil y ligera asegura los artículos diarios y evita que rueden. Cuenta con un bolsillo de doble capa resistente a manchas para mantener los artículos en su lugar. Se fija de forma segura a los anclajes tipo D en el área de carga.,null,null,null,Red de carga tipo araña,cargo-area-spider-net-toyota-pt347-16220-pt34716220
PT91248200,Cargo Area Cover - Toyota (PT912-48200),139.85,Toyota,Cargo Cover,The retractable cargo area cover conceals your cargo area from view for added peace of mind.UV-resistant material helps protect items from sun damage and fadingRemoves easily to make room for larger itemsStores conveniently in the subfloor compartment designed for the cargo area cover.,null,null,null,null,null,null,null,https://s3.amazonaws.com/rp-part-images/assets/98bd4c2f3642311e29585019a028b8eb.webp,null,null,null,null,null,null,null,null,null,null,null,null,null,null,null,null,null,null,null,null,null,5,120,10,6000,2.5,null,Cubierta de carga,La cubierta retráctil del área de carga oculta tu carga para mayor tranquilidad. El material resistente a los rayos UV ayuda a proteger los objetos de los daños solares y el desvanecimiento. Se retira fácilmente para dar espacio a artículos más grandes y se guarda cómodamente en el compartimento subterráneo diseñado para la cubierta del área de carga.,null,null,null,Cubierta de área de carga,cargo-area-cover-toyota-pt912-48200-pt91248200
PT9261622520,"Cargo Area Mat, Carpet, Mid Deck - Toyota (PT926-16225-20)",72.72,Toyota,Cor Crs Ccrm Black,"The ideal solution for helping keep the Corolla Cross cargo area looking like newHelps prevent premature cargo area wear and tear Durable, skid-resistant backing helps keep the mat in placeCargo Tray for Mid-deck.",null,null,null,null,null,null,null,https://s3.amazonaws.com/rp-part-images/assets/253e3ce0178725a643b488bfce47be77.webp,null,null,null,null,null,null,null,null,null,null,null,null,null,null,null,null,null,null,null,null,null,2,100,80,16000,3.5,null,Corolla Cross ccrm negro,La solución ideal para mantener el área de carga del Corolla Cross como nueva. Ayuda a prevenir el desgaste prematuro del área de carga. Respaldo antideslizante y duradero que mantiene la bandeja en su lugar. Diseñada para configuraciones de altura media.,null,null,null,"Tapete de área de carga, alfombra, plataforma intermedia",cargo-area-mat-carpet-mid-deck-toyota-pt926-16225-20-pt9261622520
PT9261622820,"Cargo Area Mat, Carpet, High Deck - Toyota (PT9261622820)",null,Toyota,null,"The ideal solution for helping keep the Corolla Cross cargo area looking like newHelps prevent premature cargo area wear and tear Durable, skid-resistant backing helps keep the mat in placeCargo Tray for High-deck.",null,null,null,PT926-16226-20,null,null,null,https://s3.amazonaws.com/rp-part-images/assets/150e82d9c670128de6f23151da6e63c4.webp,null,null,null,null,null,null,null,null,null,null,null,null,null,null,null,null,null,null,null,null,null,2,100,80,16000,3.5,null,null,La solución ideal para mantener el área de carga del Corolla Cross como nueva. Ayuda a prevenir el desgaste prematuro del área de carga. Respaldo antideslizante y duradero que mantiene la bandeja en su lugar. Diseñada para configuraciones de altura alta.,null,null,null,"Tapete de área de carga, alfombra, plataforma alta",cargo-area-mat-carpet-high-deck-toyota-pt9261622820-pt9261622820
PT9264820220,"Cargo Area Mat, Carpet, W\\\\/O Rear Speaker - Toyota (PT926-48202-20)",100.69,Toyota,Cargo Area Liner,"The ideal solution for helping keep the cargo area looking like newHelps prevent premature cargo-area wear and tearFits behind third row seatsDurable, skid-resistant backing helps keep the mat in place.",null,null,null,null,null,null,null,https://s3.amazonaws.com/rp-part-images/assets/9cfa9264cab9bcb2e64307a7807de010.webp,null,null,null,null,null,null,null,null,null,null,null,null,null,null,null,null,null,null,null,null,null,2,100,80,16000,3.5,null,Protector de área de carga,La solución ideal para mantener el área de carga como nueva. Ayuda a prevenir el desgaste prematuro del área de carga. Se ajusta detrás de la tercera fila de asientos. Respaldo antideslizante y duradero que mantiene la bandeja en su lugar.,null,null,null,"Tapete de área de carga, alfombra sin bocina trasera",cargo-area-mat-carpet-w-o-rear-speaker-toyota-pt926-48202-20-pt9264820220
PT9264219720,"Cargo Mat, Carpet, Models Without Sub-Woofer - Toyota (PT926-42197-20)",100.69,Toyota,Cargo Area Liner,"The ideal solution for helping keep the RAV4’s cargo area looking like newHelps prevent premature cargo area wear and tearDurable, skid-resistant backing helps keep the mat in place.",null,null,null,PT926-42195-20,null,null,null,https://s3.amazonaws.com/rp-part-images/assets/e83b6f0d61238b68bc0d3d5abf3272fa.webp,https://s3.amazonaws.com/rp-part-images/assets/d6102c141c4a5b08c07c4b36dace0619.webp,null,null,null,null,null,null,null,null,null,null,null,null,null,null,null,null,null,null,null,null,2,100,80,16000,3.5,null,Protector de área de carga,La solución ideal para mantener el área de carga del RAV4 como nueva. Ayuda a prevenir el desgaste prematuro del área de carga. Respaldo antideslizante y duradero que mantiene la bandeja en su lugar.,null,null,null,"Tapete de cajuela, sin subwoofer",cargo-mat-carpet-models-without-sub-woofer-toyota-pt926-42197-20-pt9264219720
PT3470C080,"Cargo Net, Envelope Style - Toyota (PT347-0C080)",43.63,Toyota,Cargo Net,"Lightweight cargo net helps secure everyday items from rolling around.\
 Quick and easy attachment and removal\
 Envelope-style netting accommodates a wide variety of shapes and sizes\
 Stores flat when not in use?\
 \
\
          \
          Fits SequoiaSTYLE: Envelope Cargo and load capacity are limited by weight and distribution. Always properly secure cargo and cargo area.\
\
          \
          The cargo net can be installed or detached in seconds, and folds flat for storage when not in use. The cargo net features a hammock-style design and durable netting that attaches to defined points in the rear cargo area, making it easily accessible. Custom-crafted for the vehicle cargo area, the cargo net is designed to hold a variety of everyday items—from groceries to athletic gear—and ensure they don’t shift around or tip over.",null,null,null,null,null,null,null,https://s3.amazonaws.com/rp-part-images/assets/d203ee064f4e534d8c0ce465cd2a751e.gif,https://s3.amazonaws.com/rp-part-images/assets/214fb65f4c2e4c66521c413892063fcc.webp,null,null,null,null,null,null,null,null,null,null,null,null,null,null,null,null,null,null,null,null,5,50,50,12500,0.5,null,Red de carga,"La red de carga ligera ayuda a asegurar los artículos diarios. Se instala o retira en segundos y se guarda plana para su almacenamiento cuando no se usa. Diseñada específicamente para el área de carga trasera, asegura una variedad de artículos cotidianos.",null,null,null,Red de carga tipo sobre,cargo-net-envelope-style-toyota-pt347-0c080-pt3470c080
PT34747160,"Cargo Net, Envelope Style - Toyota (PT347-47160)",30.36,Toyota,Cargo Net,"Lightweight cargo net helps secure everyday items from rolling around.\
 Quick and easy attachment and removal\
 Envelope-style netting accommodates a wide variety of shapes and sizes\
 Stores flat when not in use?\
 \
\
          \
          Fits PriusColor: Black Location: Trunk POUCH: With STYLE: Envelope T-ANCHOR Color: Black VEHICLE ATTACHMENT STYLE: D - Ring Cargo and load capacity are limited by weight and distribution. Always properly secure cargo and cargo area.\
          \
          Custom fit to the vehicle’s cargo areaEasy to install. attaches to hooks in cargo areaDesigned with Toyota-approved materials for long-term durabilityStores flat when not in use.",null,null,null,null,null,null,null,https://s3.amazonaws.com/rp-part-images/assets/e794252c3147b0451eb11d4996a663cc.webp,https://s3.amazonaws.com/rp-part-images/assets/6776ee4e411b203cdbbbdb4373dddb00.webp,null,null,null,null,null,null,null,null,null,null,null,null,null,null,null,null,null,null,null,null,5,50,50,12500,0.5,null,Red de carga,La red de carga ligera personalizada para el área de carga del vehículo evita que los artículos rueden. Es fácil de instalar y está hecha con materiales aprobados por Toyota para garantizar durabilidad a largo plazo.,null,null,null,Red de carga tipo sobre,cargo-net-envelope-style-toyota-pt347-47160-pt34747160
PT9264219820,"Cargo Mat, Carpet, Models With Sub-Woofer - Toyota (PT926-42198-20)",100.69,Toyota,Cargo Area Liner,"The ideal solution for helping keep the RAV4’s cargo area looking like newHelps prevent premature cargo area wear and tearDurable, skid-resistant backing helps keep the mat in place.",null,null,null,PT926-42196-20,null,null,null,https://s3.amazonaws.com/rp-part-images/assets/a225ee3dc3364804aa3516720124f117.webp,null,null,null,null,null,null,null,null,null,null,null,null,null,null,null,null,null,null,null,null,null,2,100,80,16000,3.5,null,Protector de área de carga,La solución ideal para mantener el área de carga del RAV4 como nueva. Ayuda a prevenir el desgaste prematuro del área de carga. Respaldo antideslizante y duradero que mantiene la bandeja en su lugar.,null,null,null,"Tapete de cajuela, con subwoofer",cargo-mat-carpet-models-with-sub-woofer-toyota-pt926-42198-20-pt9264219820
PT2060214120,Carpet Trunk Mat - Toyota (PT206-02141-20),39.19,Toyota,Trunk Mat,"The ideal solution for helping keep the Corolla trunk area looking like newMade of long wearing materialHelps prevent premature trunk area wear and tearDurable, skid-resitant backing helps keep the mat in place.",null,null,null,null,null,null,null,https://s3.amazonaws.com/rp-part-images/assets/f8b90860d96f07bca6b302d8093751f7.webp,https://s3.amazonaws.com/rp-part-images/assets/448807b7eac56d60d1b7e5d0dae53cec.webp,null,null,null,null,null,null,null,null,null,null,null,null,null,null,null,null,null,null,null,null,3,120,80,28800,2.5,null,Tapete de cajuela,Tapete de cajuela resistente al desgaste para Corolla. Ayuda a mantener el área de carga como nueva.. Base antideslizante duradera.,null,null,null,Tapete de cajuela de alfombra,carpet-trunk-mat-toyota-pt206-02141-20-pt2060214120
PT2060C23520,Carpet Cargo Mat - Black - Toyota (PT206-0C235-20),100.69,Toyota,Seq Ccgmt Black,"The ideal solution for helping keep the Sequoias cargo area looking like new. Made of long wearing material Helps prevent premature cargo area wear and tear Durable, skid-resistant backing helps keep the mat in place.",null,null,null,null,null,null,null,https://s3.amazonaws.com/rp-part-images/assets/7a58b3504ae1a946bd01a96b60c80da7.webp,null,null,null,null,null,null,null,null,null,null,null,null,null,null,null,null,null,null,null,null,null,3,120,80,28800,2.5,null,"Tapete de carga para Sequoia, color negro",Tapete de carga para Sequoia; resistente y duradero. Ayuda a prevenir desgaste prematuro.. Base antideslizante incluida.,null,null,null,Tapete de carga de alfombra - negro,carpet-cargo-mat-black-toyota-pt206-0c235-20-pt2060c23520
PT9080318020,"Floor Mats, All Weather - Toyota (PT908-03180-20)",123.07,Toyota,Floor Mat,"Engineered to precisely fit your vehicle, all-weather Floor liners are made from durable, flexible, weather-resistant Material that Cleans easily.\
 Precise Injection molding uses Toyota's original vehicle design data for a perfect fit\
 Liners feature channels to better hold moisture \
 Skid-resistant backing and Driver-side quarter-turn fasteners help keep the liners in place\
\
          \
          Fits Camry Color: Black Engine Type: Gas Number of Pieces: 4 This Floor mat was designed specifically for use in your model and model year vehicle and SHOULD NOT be used in any other vehicle. To avoid potential interference with Pedal opeRation, each mat must be secured with its fasteners. Do not install a Floor mat on top of an existing Floor mat.\
          \
          Long-wearing, fade-resistant carpet floor mats help keep your carpet neat and cleanPrecisely engineered to fit your vehicle's floorSkid- resistant backing and driver-side quarter-turn fasteners help secure mat in positionRemovable and easy to cleanVehicle logo adds a customized touch.",null,"Front, Rear",null,null,null,null,null,https://s3.amazonaws.com/rp-part-images/assets/aa5eaa6e81882eee28f14eae838f19ee.webp,null,null,null,null,null,null,null,null,null,null,null,null,null,null,null,null,null,null,null,null,null,2,100,70,14000,3,null,Tapete de piso,"Los forros para todo clima están hechos de material duradero y flexible, diseñados para adaptarse perfectamente al vehículo. Incluyen canales para retener la humedad y logotipos personalizados.",null,null,null,"Tapetes de piso, todo clima",floor-mats-all-weather-toyota-pt908-03180-20-pt9080318020
PT34708210,"Cargo Net W/Pouch, Models W/3rd Row - Toyota (PT347-08210)",43.63,Toyota,Cargo Net Sienna,Lightweight cargo net helps secure everyday items from rolling around.Quick and easy attachment and removalEnvelope-style netting accommodates a wide variety of shapes and sizes.,null,null,null,null,null,null,null,https://s3.amazonaws.com/rp-part-images/assets/804d095c5a211dacb4436758d0845819.webp,null,null,null,null,null,null,null,null,null,null,null,null,null,null,null,null,null,null,null,null,null,5,50,50,12500,0.5,null,Red de carga Sienna,La red de carga ligera ayuda a asegurar los artículos diarios y evita que rueden o se deslicen. Se ajusta y retira fácilmente.,null,null,null,"Red de carga con bolsa, modelos con 3ra fila",cargo-net-w-pouch-models-w-3rd-row-toyota-pt347-08210-pt34708210
PT34742130,Cargo Net - Toyota (PT347-42130),18.04,Toyota,Cargo Net,"It is a versatile, lightweight solution to securing everyday items. \
 Quick, easy attachment and removal \
 Envelope-style netting accommodates a wide variety of shapes and sizes \
 Stores flat when not in use  \
\
          \
          Fits Rav4 STYLE: Envelope VEHICLE ATTACHMENT STYLE: Factory Grocery Hook Cargo and load capacity are limited by weight and distribution.?\
          \
          This convenient cargo net helps keep everyday items from rolling around or tipping over. Specifically designed for your RAV4, the envelope-style net can be quickly attached or detached and stores flat when not in use.",null,null,null,null,null,null,null,https://s3.amazonaws.com/rp-part-images/assets/15efdc13e226ded2024a92e278f70379.webp,https://s3.amazonaws.com/rp-part-images/assets/d9193f122ebb50d32856f859b5110e5c.webp,null,null,null,null,null,null,null,null,null,null,null,null,null,null,null,null,null,null,null,null,5,50,50,12500,0.5,null,Red de carga,La red de carga versátil y ligera es una solución práctica para asegurar artículos cotidianos. Su diseño tipo sobre se adapta a una amplia variedad de formas y tamaños. Se guarda plana cuando no se utiliza.,null,null,null,Red de carga,cargo-net-toyota-pt347-42130-pt34742130
PT34742190,Cargo Net - Toyota (PT347-42190),43.63,Toyota,Cargo Net,"Versatile, lightweight cargo net helps secure everyday items from rolling around. \
 Quick and easy attachment and removal \
 Features a dual-layer, stain-resistant webbed pocket to hold items in place \
 Securely attaches to D-ring anchors in the cargo area \
\
          \
          Fits Rav4 , RAV4 PrimePOUCH: With STYLE: Spider VEHICLE ATTACHMENT STYLE: D - Ring Cargo and load capacity are limited by weight and distribution. Always properly secure cargo and cargo area.\
\
          \
          Versatile, lightweight cargo net helps secure everyday items from rolling aroundQuick and easy attachment and removalFeatures a dual-layer, stain-resistant webbed pocket to hold items in placeSecurely attaches to D-ring anchors in the cargo area.",null,null,null,null,null,null,null,https://s3.amazonaws.com/rp-part-images/assets/447c65ee1606d02eda1fe0bc5f6669e2.webp,null,null,null,null,null,null,null,null,null,null,null,null,null,null,null,null,null,null,null,null,null,5,50,50,12500,0.5,null,Red de carga,La red de carga versátil y ligera ayuda a asegurar artículos diarios evitando que rueden. Cuenta con un bolsillo de doble capa resistente a manchas y se fija de forma segura a los anclajes tipo D en el área de carga.,null,null,null,Red de carga,cargo-net-toyota-pt347-42190-pt34742190
PT34748140,Cargo Net - Toyota (PT347-48140),43.63,Toyota,Cargo Net,"Lightweight cargo net helps secure everyday items from rolling around.\
 Quick and easy attachment and removal\
 Envelope-style netting accommodates a wide variety of shapes and sizes\
 Stores flat when not in use\
\
          \
          Fits HighlanderColor: Black Location: Interior STYLE: Envelope THIRD ROW: With Third Row VEHICLE ATTACHMENT STYLE: Factory Grocery Hook Cargo and load capacity are limited by weight and distribution. Always properly secure cargo and cargo area.\
          \
          Helps keep everyday items from rolling around or tipping over, Custom-fit to the vehicle’s cargo area, Easy to install. attaches to hooks and tabs in cargo area,Designed with Toyota-approved materials for long-term durability, stores flat when not in use..",null,null,null,null,null,null,null,https://s3.amazonaws.com/rp-part-images/assets/07d0f2ae4d543619deccd0667e0367a0.webp,null,null,null,null,null,null,null,null,null,null,null,null,null,null,null,null,null,null,null,null,null,5,50,50,12500,0.5,null,Red de carga,"La red de carga ligera ayuda a mantener los artículos cotidianos en su lugar. Diseñada a medida para el área de carga del vehículo, es fácil de instalar y se guarda plana cuando no se utiliza.",null,null,null,Red de carga,cargo-net-toyota-pt347-48140-pt34748140
PT90802145,Cargo Tray - Toyota (PT908-02145),50.38,Toyota,Trunk Mat,"Made of durable, easy-to-clean material, this flexible cargo tray allows you to carry a wide variety of items, and helps protect your trunk area carpetingMolded perimeter lip helps contain spills and skid-resistant surface helps secure items in place .",null,null,null,null,null,null,null,https://s3.amazonaws.com/rp-part-images/assets/7931b30f9ae05df1080a0f5bec4e480d.webp,https://s3.amazonaws.com/rp-part-images/assets/6acbfeefc018f8f12c310bec7bea6993.webp,https://s3.amazonaws.com/rp-part-images/assets/ce7c3e94c43ca1de636b528449bfbfbb.webp,null,null,null,null,null,null,null,null,null,null,null,null,null,null,null,null,null,null,null,2,100,80,16000,3.5,null,Tapete de cajuela,null,null,null,null,Bandeja de carga,cargo-tray-toyota-pt908-02145-pt90802145
PT93835242,Taco Tube Step D Cab - Toyota (PT938-35242),481.60,Toyota,null,null,null,null,null,null,null,null,null,null,null,null,null,null,null,null,null,null,null,null,null,null,null,null,null,null,null,null,null,null,null,12,150,15,27000,8.5,null,null,null,null,null,null,Escalones de tubo Tacoma Doble Cabina,taco-tube-step-d-cab-toyota-pt938-35242-pt93835242
PT20608216,Cargo Tray - Toyota (PT206-08216),108.52,Toyota,Cargo Tray,Cargo Tray fits snugly behind the third-row seats and helps keep the cargo area floor looking new. Features Toyota logo.,null,null,null,null,null,null,null,https://s3.amazonaws.com/rp-part-images/assets/b21e4762f1f69b880551e0005ddbfc04.gif,null,null,null,null,null,null,null,null,null,null,null,null,null,null,null,null,null,null,null,null,null,5,120,80,48000,3.5,null,Bandeja de carga,Bandeja de carga; se ajusta detrás de la tercera fila de asientos. Incluye logo Toyota.. Protege el área de carga.,null,null,null,Bandeja de carga,cargo-tray-toyota-pt206-08216-pt20608216
PT20608217,Cargo Tray - Toyota (PT206-08217),108.52,Toyota,Cargo Tray,"Cargo Tray fits snugly behind the third row seats and helps keep the cargo area floor looking like new.\
Features Toyota Logo \
\
Fits Sienna\
\
Logo: Toyota \
Spare Wheel: w/ Spare Wheel \
THIRD ROW: w/ Third Row \
\
Cargo and load capacity are limited by weight and distribution. Always properly secure cargo and cargo area.",null,null,null,null,null,null,null,https://s3.amazonaws.com/rp-part-images/assets/2b3c59a69bf14a469516e058e1158f67.webp,null,null,null,null,null,null,null,null,null,null,null,null,null,null,null,null,null,null,null,null,null,5,120,80,48000,3.5,null,Bandeja de carga,Bandeja de carga detrás de la tercera fila de asientos. Incluye logo Toyota; diseño ajustado para Sienna.. Capacidad limitada según peso y distribución.,null,null,null,Bandeja de carga,cargo-tray-toyota-pt206-08217-pt20608217
PT90842135,Cargo Tray - Toyota (PT908-42135),51.68,Toyota,Trunk Mat,"Tough and flexible, the cargo tray is uniquely designed to fit your RAV4's cargo area and enables you to carry all types of cargo and other items while helping protect your vehicle's carpeting. It features a RAV4 logo and a skid-resistant surface with perimeter lip to help contain spills while making it easy to clean. .",null,null,null,null,null,null,null,https://s3.amazonaws.com/rp-part-images/assets/f3d5f5f77593f793786935a8868ae4ff.webp,https://s3.amazonaws.com/rp-part-images/assets/18ae5fe92c295d62afbca7bd7e8f4a05.webp,https://s3.amazonaws.com/rp-part-images/assets/fe5851b76c5204abc56e2627aeaba754.webp,null,null,null,null,null,null,null,null,null,null,null,null,null,null,null,null,null,null,null,2,100,80,16000,3.5,null,Tapete de cajuela,La bandeja de carga flexible protege la alfombra del área de carga y permite transportar una amplia variedad de objetos. Incluye un logotipo de RAV4 y un borde moldeado para contener derrames.,null,null,null,Bandeja de carga,cargo-tray-toyota-pt908-42135-pt90842135
PT9084723620,"Cargo Tray, All Weather - Toyota (PT908-47236-20)",95.10,Toyota,Prs Awcm Black Low Dec,"Help protect your cargo area with the cargo liner.Specially contoured to fit the cargo areaMolded from durable, lightweight material.",null,null,null,null,null,null,null,https://s3.amazonaws.com/rp-part-images/assets/129227a1be1e0ae6a0841327664787cd.webp,null,null,null,null,null,null,null,null,null,null,null,null,null,null,null,null,null,null,null,null,null,2,100,80,16000,3.5,null,"Prius todo clima negro, piso bajo",null,null,null,null,Bandeja de carga todo clima,cargo-tray-all-weather-toyota-pt908-47236-20-pt9084723620
PT92408211,Cargo Organizer - Toyota (PT924-08211),159.99,Toyota,Cargo Divider,The cargo organizer features one large and one small solid-sided covered bin that accommodates items in a variety of shapes and sizes. Removes easily for maximum versatility and cleaning ease. Fits easily and securely in the cargo well behind third-row rear seats.,null,null,null,null,null,null,null,https://s3.amazonaws.com/rp-part-images/assets/39d655a63ecec1634e922b6ad8b3fd05.gif,null,null,null,null,null,null,null,null,null,null,null,null,null,null,null,null,null,null,null,null,null,15,60,40,36000,3.5,null,Divisor de carga,"El organizador de carga incluye un compartimento grande y uno pequeño de lados sólidos con tapas, que acomodan objetos de diversas formas y tamaños. Se retira fácilmente para mayor versatilidad y facilidad de limpieza. Se ajusta de forma segura en el área de carga detrás de los asientos traseros de la tercera fila.",null,null,null,Organizador de carga,cargo-organizer-toyota-pt924-08211-pt92408211
PT9190C23020,Carpet Floor Mats - Black - Toyota (PT919-0C230-20),172.30,Toyota,Seq Cflm Black,"Long-wearing, fade-resistant carpet floor mats help keep your carpet neat and clean. Precisely engineered to fit your vehicles floor Skid- resistant backing and driver- side quarter-turn fasteners help secure mat in position Removable and easy to clean Sequoia logo adds a customized touch.",null,null,null,null,null,null,null,https://s3.amazonaws.com/rp-part-images/assets/01306e528a819779e3de8cf0f2ac75c5.webp,null,null,null,null,null,null,null,null,null,null,null,null,null,null,null,null,null,null,null,null,null,2,100,70,14000,3,null,Seq Cflm negro,"Alfombrillas de piso de alfombra duraderas y resistentes al desgaste que ayudan a mantener tu interior limpio. Diseñadas con precisión para ajustarse al piso del vehículo, con respaldo antideslizante y sujetadores de giro de un cuarto en el lado del conductor para mantenerlas en su lugar. Removibles y fáciles de limpiar, incluyen un logotipo de Sequoia para un toque personalizado.",null,null,null,"Tapetes de piso de alfombra, color negro Sequoia",carpet-floor-mats-black-toyota-pt919-0c230-20-pt9190c23020
PT9191622020,"Carpet Floor Mats, Black - Toyota (PT919-16220-20)",130.90,Toyota,Cor Crs Cflm Black 2WD,"Long-wearing, fade-resistant carpet floor mats help keep your interior looking new.Skid-resistant backing and driver-side quarter-turn fasteners help secure mat in position Condition: New",null,null,null,null,null,null,null,https://s3.amazonaws.com/rp-part-images/assets/ebf9c59f682e6b49de93c11a1a9e0b8b.webp,null,null,null,null,null,null,null,null,null,null,null,null,null,null,null,null,null,null,null,null,null,2,100,70,14000,3,null,Corolla Cross cflm negro 2WD,Alfombrillas de alfombra duraderas y resistentes al desgaste que ayudan a mantener tu interior en buen estado. Incluyen respaldo antideslizante y sujetadores de giro de un cuarto en el lado del conductor para asegurar su posición.,null,null,null,"Tapetes de piso, alfombra, negros",carpet-floor-mats-black-toyota-pt919-16220-20-pt9191622020
PT9194716120,Carpet Cargo Mat - Toyota (PT919-47161-20),40.02,Toyota,Cargo Area Liner,"Helps prevent premature cargo area wear and tearMade of durable, fade-resistant carpetSkid-resistant backing helps prevent the mat from slidingFeatures a stylish vehicle logoEasily removable.",null,null,null,null,null,null,null,https://s3.amazonaws.com/rp-part-images/assets/3b93325940782dd2f55314e0130aebff.webp,https://s3.amazonaws.com/rp-part-images/assets/84d343cde33ea4addce7e630b5fe3742.webp,null,null,null,null,null,null,null,null,null,null,null,null,null,null,null,null,null,null,null,null,2,100,70,14000,3,null,Protector de área de carga,"Protegen el área de carga contra desgaste prematuro. Fabricadas con alfombra duradera y resistente al desgaste, incluyen respaldo antideslizante para evitar que se deslicen, y presentan un logotipo estilizado del vehículo. Fáciles de remover.",null,null,null,Tapete de carga de alfombra,carpet-cargo-mat-toyota-pt919-47161-20-pt9194716120
PT9264820120,Carpet Floor Mats For 2nd Row Bench & Captain - Toyota (PT926-48201-20),172.30,Toyota,Floor Mat,"Carpet Floor Mats for 2nd Row Bench & Captain Seats with  3rd Row Long-wearing, fade resistant carpet floor mats help keep your carpet neat and cleanPrecisely engineered to fit your vehicle's floor Skid- resistant backing and driver's-side quarter-turn fasteners help secure mat in positionHighlander logo on the front mats adds a customized touchSecond and third row carpet floor mats accommodates Highlander's seating configurations.",null,"Front, Rear",null,null,null,null,null,https://s3.amazonaws.com/rp-part-images/assets/e9dc9a8a768be54d1736f727ee542245.webp,null,null,null,null,null,null,null,null,null,null,null,null,null,null,null,null,null,null,null,null,null,2,100,70,14000,3,null,Tapete de piso,Alfombrillas de piso de alfombra para la 2da fila (banca y asientos tipo capitán) con 3ra fila. Alfombrillas duraderas y resistentes al desgaste que ayudan a mantener tu alfombra limpia. Diseñadas con precisión para ajustarse al piso del vehículo. Incluyen respaldo antideslizante y sujetadores de giro de un cuarto para mayor seguridad. Logotipo de Highlander en las alfombrillas delanteras para un toque personalizado.,null,null,null,Tapetes de alfombra para segunda fila (banca y capitán),carpet-floor-mats-for-2nd-row-bench-captain-toyota-pt926-48201-20-pt9264820120
PT9080C23520,All Weather Cargo Mat - Toyota (PT908-0C235-20),100.69,Toyota,Seq Awcm Black,"The tough, flexible all-weather cargo mat allows you to carry a wide variety of items and helps protect your cargo area carpeting. Made of durable, easy-to-clean material embossed with a Sequoia logo. Skid-resistant surface helps secure items in place.",null,null,null,null,null,null,null,https://s3.amazonaws.com/rp-part-images/assets/67202ea20c3566d3bc13d5cd887b965e.webp,null,null,null,null,null,null,null,null,null,null,null,null,null,null,null,null,null,null,null,null,null,2,100,80,16000,3.5,null,Seq Awcm negro,La alfombra de carga para todo clima protege el área de carga con un diseño flexible y duradero que incluye un logotipo de Sequoia. Superficie antideslizante y borde moldeado para contener derrames.,null,null,null,Tapete de carga todo clima,all-weather-cargo-mat-toyota-pt908-0c235-20-pt9080c23520
PT73835240,Cast Aluminum Running Boards - Toyota (PT738-35240),924.00,Toyota,Taco Runbrds,Step up and step in. These sturdy running boards with Tacoma logo give you easier access to your Tacoma. Durable aluminum construction with slip-resistant coating.,null,null,null,null,null,null,null,https://s3.amazonaws.com/rp-part-images/assets/21839f6b76199af4adde637858e804b4.webp,null,null,null,null,null,null,null,null,null,null,null,null,null,null,null,null,null,null,null,null,null,10,180,15,27000,8.5,null,Estribos Tacoma,"Las estriberas laterales con logotipo Tacoma ofrecen un acceso más fácil al vehículo. Fabricadas con aluminio duradero y revestimiento antideslizante, son ideales para cualquier terreno.",null,null,null,Estribos de aluminio fundido,cast-aluminum-running-boards-toyota-pt738-35240-pt73835240
PT97134231,Console Safe - Toyota (PT971-34231),256.48,Toyota,Toy Console Safe Int,The console safe helps provide peace of mind by protecting owner’s valuables in their vehicle..Features:Three-digit keyless lock or and spring-assisted door for easy accessSecures inside the center console for quick and convenient installationHeavy gauge cold rolled plate steel with welded tabs and notch seams for superior protectionDesigned to resist prying with triple guard locking system.,null,null,null,PT971-34220,null,null,null,https://s3.amazonaws.com/rp-part-images/assets/034fb27a09b5b454cb237711fbb1535e.webp,null,null,null,null,null,null,null,null,null,null,null,null,null,null,null,null,null,null,null,null,null,15,35,30,15750,5,null,Toy Console Safe Int,La caja fuerte de la consola ayuda a brindar tranquilidad al proteger los objetos de valor del propietario en su vehículo. Características: Cerradura sin llave de tres dígitos y puerta asistida por resorte para facilitar el acceso. Se asegura dentro de la consola central para una instalación rápida y conveniente. Construida con acero laminado en frío de gran calibre y soldaduras para mayor protección. Diseñada para resistir palancas con sistema de bloqueo de triple protección.,null,null,null,Caja fuerte de consola,console-safe-toyota-pt971-34231-pt97134231
PK38916N00TR,Cor Crs Mudg Hrdwr B - Toyota (PK389-16N00-TR),29.92,Toyota,null,null,null,null,null,null,null,null,null,null,null,null,null,null,null,null,null,null,null,null,null,null,null,null,null,null,null,null,null,null,null,5,30,20,3000,0.6,null,N/A,null,null,null,null,Salpicaderas Corolla Cross hardware B,cor-crs-mudg-hrdwr-b-toyota-pk389-16n00-tr-pk38916n00tr
PK38916P00TP,Corcr Hv Mudg Hw 4 - Toyota (PK389-16P00-TP),87.27,Toyota,null,null,null,null,null,null,null,null,null,https://s3.amazonaws.com/rp-part-images/assets/d48f3d000a77bb075ffbbd8742f0f90e.webp,null,null,null,null,null,null,null,null,null,null,null,null,null,null,null,null,null,null,null,null,null,5,30,20,3000,0.6,null,N/A,null,null,null,null,Salpicaderas Corolla Cross híbrido hardware 4,corcr-hv-mudg-hw-4-toyota-pk389-16p00-tp-pk38916p00tp
PT2061623020,Corcrh Awfm Black Hv 4 - Toyota (PT206-16230-20),130.90,Toyota,null,null,null,null,null,null,null,null,null,null,null,null,null,null,null,null,null,null,null,null,null,null,null,null,null,null,null,null,null,null,null,3,120,80,28800,3,null,N/A,null,null,null,null,Tapetes de piso todo clima Corolla Cross híbrido negros (juego de 4),corcrh-awfm-black-hv-4-toyota-pt206-16230-20-pt2061623020
PT97235200,Console Safe - Toyota (PT972-35200),274.40,Toyota,Taco Console Safe,The Console Safe helps provide peace of mind by protecting owner's valuables in their vehicle. Features:Four-digit keyless lock and spring-assisted door for easy accessSecures inside the center console for quick and convenient installationHeavy gauge cold rolled plate steel with welded tabs and notch seams for superior protectionDesigned to resist prying with triple guard locking system.,null,null,null,null,null,null,null,https://s3.amazonaws.com/rp-part-images/assets/cd079bf1065d075afa9c7fb2debb89c5.webp,null,null,null,null,null,null,null,null,null,null,null,null,null,null,null,null,null,null,null,null,null,15,35,30,15750,5,null,Taco Console Safe,La caja fuerte de la consola ayuda a brindar tranquilidad al proteger los objetos de valor del propietario en su vehículo. Características: Cerradura sin llave de cuatro dígitos y puerta asistida por resorte para facilitar el acceso. Se asegura dentro de la consola central para una instalación rápida y conveniente. Construida con acero laminado en frío de gran calibre y soldaduras para mayor protección. Diseñada para resistir palancas con sistema de bloqueo de triple protección.,null,null,null,Caja fuerte de consola,console-safe-toyota-pt972-35200-pt97235200
PT9080214220,Corolla All Weather Mats Black - Toyota (PT908-02142-20),null,Toyota,Awm Cor AT No Heate,Provide superior protection for the interiorHelp keep carpets clean and dryMolded Corolla logo for the front liners Two rear liners help provide more complete coverage Made in the U.S.A.           .,null,null,null,null,null,null,null,https://s3.amazonaws.com/rp-part-images/assets/38e017dc3d04618de569b0121e19a56d.webp,https://s3.amazonaws.com/rp-part-images/assets/9773e63ff9121cd436f4fa96a2ebe0ab.webp,null,null,null,null,null,null,null,null,null,null,null,null,null,null,null,null,null,null,null,null,2,100,70,14000,3,null,Awm Cor AT sin calefacción,Protección superior para el interior. Ayuda a mantener las alfombras limpias y secas con forros diseñados a medida que cuentan con el logotipo de Corolla moldeado.,null,null,null,Tapetes todo clima Corolla negros,corolla-all-weather-mats-black-toyota-pt908-02142-20-pt9080214220
PT9191623020,Corcrh Cflm Black Hv 4 - Toyota (PT919-16230-20),130.90,Toyota,null,null,null,null,null,null,null,null,null,https://s3.amazonaws.com/rp-part-images/assets/110b01d42aa70b1f7ff0b3226cd9f148.webp,null,null,null,null,null,null,null,null,null,null,null,null,null,null,null,null,null,null,null,null,null,2,100,70,14000,3,null,null,null,null,null,null,Tapetes de piso Corolla Cross híbrido negros (4),corcrh-cflm-black-hv-4-toyota-pt919-16230-20-pt9191623020
PT9360220012,"Door Edge Guard, Black - Toyota (PT936-02200-12)",92.86,Toyota,Corolla Deg 218 Midn,Help prevent door edge dings and chipped paint with this protective finishing touch.Thermoplastic-coated stainless steel is precisely matched to the exterior finishCompression-fitted to door edge contours.,null,null,null,null,null,null,null,https://s3.amazonaws.com/rp-part-images/assets/4f7f9cbf233d957c32bca1da08eb90ce.webp,null,null,null,null,null,null,null,null,null,null,null,null,null,null,null,null,null,null,null,null,null,1,100,5,500,0.5,null,Protector de borde Corolla 218 Negro Medianoche,"Proporciona un toque final protector para los bordes de las puertas contra golpes y pintura descascarada. Acero inoxidable recubierto en termoplástico, combinado con el acabado exterior. Ajuste por compresión a los contornos de las puertas.",null,null,null,"Protectores de bordes de puerta, negro Black",door-edge-guard-black-toyota-pt936-02200-12-pt9360220012
PT9363422108,"Door Edge Guard, Blueprint - Toyota (PT936-34221-08)",92.86,Toyota,Tun Deg 8X8 Blueprin,"Helps provide vertical door edge protection from dings and chipped paintColor-matched to the vehicle’s exterior factory paintEncapsulated in thermoplastic to help prevent any metal-to-metal contactDesigned for a perfect fit to door edge contoursCompressed-fit with no need for adhesives or mechanical fastenersSeamlessly blends into the vehicle’s stylingTested for temperature, weather and impact to help prevent cracking, fading and peeling.",null,null,null,null,null,null,null,https://s3.amazonaws.com/rp-part-images/assets/b8e4e416511f5674f1e0982ce8c52503.webp,null,null,null,null,null,null,null,null,null,null,null,null,null,null,null,null,null,null,null,null,null,1,100,5,500,0.5,null,Tundra 8X8 Blueprint,"Ayuda a proporcionar protección vertical a los bordes de las puertas contra golpes y pintura descascarada. Coincide con el color de fábrica del vehículo. Encapsulado en termoplástico para prevenir contacto metal con metal. Diseñado para un ajuste perfecto a los contornos de las puertas. Ajuste por compresión sin adhesivos ni sujetadores mecánicos. Probado contra temperaturas, clima e impactos.",null,null,null,"Protectores de bordes de puerta, azul Blueprint",door-edge-guard-blueprint-toyota-pt936-34221-08-pt9363422108
PT9363422111,"Door Edge Guard, Celestial Silver Metallic - Toyota (PT936-34221-11)",92.86,Toyota,Tun Deg 1J9 Silver D,"Helps provide vertical door edge protection from dings and chipped paintColor-matched to the vehicle’s exterior factory paintEncapsulated in thermoplastic to help prevent any metal-to-metal contactDesigned for a perfect fit to door edge contoursCompressed-fit with no need for adhesives or mechanical fastenersSeamlessly blends into the vehicle’s stylingTested for temperature, weather and impact to help prevent cracking, fading and peeling.",null,null,null,null,null,null,null,https://s3.amazonaws.com/rp-part-images/assets/dc76d9f067ea42dd97709af14b08d272.webp,null,null,null,null,null,null,null,null,null,null,null,null,null,null,null,null,null,null,null,null,null,1,100,5,500,0.5,null,Tundra 1J9 Plata,"Ayuda a proporcionar protección vertical a los bordes de las puertas contra golpes y pintura descascarada. Coincide con el color de fábrica del vehículo. Encapsulado en termoplástico para prevenir contacto metal con metal. Diseñado para un ajuste perfecto a los contornos de las puertas. Ajuste por compresión sin adhesivos ni sujetadores mecánicos. Probado contra temperaturas, clima e impactos.",null,null,null,"Protectores de bordes de puerta, plata Celestial",door-edge-guard-celestial-silver-metallic-toyota-pt936-34221-11-pt9363422111
PT9363517103,"Door Edge Guard, Barcelona Red Metallic - Toyota (PT936-35171-03)",103.39,Toyota,Door Edge Guard,"Helps provide vertical door edge protection from dings and chipped paintColor-matched to the vehicle’s exterior factory paintEncapsulated in thermoplastic to help prevent any metal-to-metal contactDesigned for a perfect fit to door edge contoursCompressed-fit with no need for adhesives or mechanical fastenersSeamlessly blends into the vehicle’s stylingTested for temperature, weather and impact to help prevent cracking, fading and peeling.",null,null,null,null,null,null,null,https://s3.amazonaws.com/rp-part-images/assets/ae43a593c5cf36123858010b8d3d124e.webp,null,null,null,null,null,null,null,null,null,null,null,null,null,null,null,null,null,null,null,null,null,1,100,5,500,0.5,null,Protector de borde de puerta,"Ayuda a proporcionar protección vertical a los bordes de las puertas contra golpes y pintura descascarada. Coincide con el color de fábrica del vehículo. Encapsulado en termoplástico para prevenir contacto metal con metal. Diseñado para un ajuste perfecto a los contornos de las puertas. Ajuste por compresión sin adhesivos ni sujetadores mecánicos. Probado contra temperaturas, clima e impactos.",null,null,null,"Protectores de bordes de puerta, rojo metálico Barcelona",door-edge-guard-barcelona-red-metallic-toyota-pt936-35171-03-pt9363517103
PT9363517128,"Door Edge Guard, Blue Crush Metallic - Toyota (PT936-35171-28)",103.39,Toyota,Taco Deg 8W7 Blue Cr,Help prevent door edge dings and chipped paint with this protective finishing touchThermoplastic-coated stainless steel is precisely matched to the exterior finish Compression-fitted to door edge contours Blend seamlessly to complement exterior styling .,null,null,null,null,null,null,null,https://s3.amazonaws.com/rp-part-images/assets/4f421301fb0b92029aa110d0c005cf64.webp,null,null,null,null,null,null,null,null,null,null,null,null,null,null,null,null,null,null,null,null,null,1,100,5,500,0.5,null,Tacoma 8W7 Azul,Ayuda a prevenir golpes y pintura descascarada en los bordes de las puertas con este toque protector. El acero inoxidable recubierto con termoplástico está perfectamente combinado con el color de la pintura exterior. Ajuste por compresión a los contornos de las puertas. Complementa el estilo exterior.,null,null,null,"Protectores de bordes de puerta, azul metálico Blue Crush",door-edge-guard-blue-crush-metallic-toyota-pt936-35171-28-pt9363517128
PT9364723002,"Door Edge Guard, Black - Toyota (PT936-47230-02)",92.86,Toyota,Prius Deg 218 Midnt,Help prevent door edge dings and chipped paint with this protective finishing touch.Thermoplastic-coated stainless steel is precisely color matched to the exterior paintCompression-fitted to door edge contoursBlend seamlessly to complement exterior styling.,null,null,null,null,null,null,null,https://s3.amazonaws.com/rp-part-images/assets/5048493262e12d46205c46d01388fd9d.webp,https://s3.amazonaws.com/rp-part-images/assets/7b3710ec9b1446bb0abf2d6ff59aeb84.webp,null,null,null,null,null,null,null,null,null,null,null,null,null,null,null,null,null,null,null,null,1,100,5,500,0.5,null,Prius Negro Midnight,Ayuda a prevenir golpes y pintura descascarada en los bordes de las puertas con este toque protector. El acero inoxidable recubierto con termoplástico está perfectamente combinado con el color de la pintura exterior. Ajuste por compresión a los contornos de las puertas. Complementa el estilo exterior.,null,null,null,"Protectores de bordes de puerta, negro 218",door-edge-guard-black-toyota-pt936-47230-02-pt9364723002
PT9360220031,"Door Edge Guard, Dark Gray - Toyota (PT936-02200-31)",92.86,Toyota,Corolla Deg 1L7 Dark G,Help prevent door edge dings and chipped paint with this protective finishing touch.Thermoplastic-coated stainless steel is precisely matched to the exterior finishCompression-fitted to door edge contours.,null,null,null,null,null,null,null,https://s3.amazonaws.com/rp-part-images/assets/678128a6136c612543937bed649ff5d5.webp,https://s3.amazonaws.com/rp-part-images/assets/7f5ef12c1cb38d24c716c5458c678d18.webp,null,null,null,null,null,null,null,null,null,null,null,null,null,null,null,null,null,null,null,null,1,100,5,500,0.5,null,Protector de borde Corolla 1L7 Gris Oscuro,Ayuda a prevenir golpes y pintura descascarada en los bordes de las puertas con este toque protector. Acero inoxidable recubierto con termoplástico combinado con el acabado exterior. Ajuste por compresión a los contornos de los bordes de las puertas. Complementa perfectamente el estilo exterior del vehículo.,null,null,null,"Protectores de bordes de puerta, gris oscuro",door-edge-guard-dark-gray-toyota-pt936-02200-31-pt9360220031
PT9360318131,"Door Edge Guard, Ice Edge - Toyota (PT936-03181-31)",74.96,Toyota,Deg Camry 1K6 Ice Ed,Help prevent door edge dings and chipped paintThermoplastic-coated stainless steel is precisely matched to the exterior finishCompression-fitted to door edge contoursDesigned to complement Camry's exterior styling.,null,null,null,null,null,null,null,https://s3.amazonaws.com/rp-part-images/assets/a0f9ef8fa6fb82c8d86082e2e1df91ad.webp,null,null,null,null,null,null,null,null,null,null,null,null,null,null,null,null,null,null,null,null,null,1,100,5,500,0.5,null,Protector de borde Camry 1K6 Ice Edge,Ayuda a prevenir golpes y pintura descascarada en los bordes de las puertas. Acero inoxidable recubierto con termoplástico combinado con el acabado exterior. Ajuste por compresión a los contornos de los bordes de las puertas. Diseñado para complementar el estilo exterior del Camry.,null,null,null,"Protectores de bordes de puerta, Ice Edge",door-edge-guard-ice-edge-toyota-pt936-03181-31-pt9360318131
PT9363422116,"Door Edge Guard, Lunar Rock - Toyota (PT936-34221-16)",92.86,Toyota,Tun Deg 6X3 Lun Rck,"Helps provide vertical door edge protection from dings and chipped paintColor-matched to the vehicle’s exterior factory paintEncapsulated in thermoplastic to help prevent any metal-to-metal contactDesigned for a perfect fit to door edge contoursCompressed-fit with no need for adhesives or mechanical fastenersSeamlessly blends into the vehicle’s stylingTested for temperature, weather and impact to help prevent cracking, fading and peeling.",null,null,null,null,null,null,null,https://s3.amazonaws.com/rp-part-images/assets/5b25c8f5daf0f4a49f4c472550a6bcf5.webp,null,null,null,null,null,null,null,null,null,null,null,null,null,null,null,null,null,null,null,null,null,1,100,5,500,0.5,null,Tundra 6X3 Roca Lunar,"Ayuda a proporcionar protección vertical a los bordes de las puertas contra golpes y pintura descascarada. Coincide con el color de fábrica del vehículo. Encapsulado en termoplástico para prevenir contacto metal con metal. Diseñado para un ajuste perfecto a los contornos de las puertas. Ajuste por compresión sin adhesivos ni sujetadores mecánicos. Probado contra temperaturas, clima e impactos.",null,null,null,"Protectores de bordes de puerta, Lunar Rock",door-edge-guard-lunar-rock-toyota-pt936-34221-16-pt9363422116
PT9363517121,"Door Edge Guard, Celestial Silver Metallic - Toyota (PT936-35171-21)",103.39,Toyota,Taco Deg 1J9 Cel Sil,"Helps provide vertical door edge protection from dings and chipped paintColor-matched to the vehicle’s exterior factory paintEncapsulated in thermoplastic to help prevent any metal-to-metal contactDesigned for a perfect fit to door edge contoursCompressed-fit with no need for adhesives or mechanical fastenersSeamlessly blends into the vehicle’s stylingTested for temperature, weather and impact to help prevent cracking, fading and peeling.",null,null,null,null,null,null,null,https://s3.amazonaws.com/rp-part-images/assets/52076ed4331dcf6e5d5e0103385722b3.webp,null,null,null,null,null,null,null,null,null,null,null,null,null,null,null,null,null,null,null,null,null,1,100,5,500,0.5,null,Tacoma 1J9 Plata,"Ayuda a proporcionar protección vertical a los bordes de las puertas contra golpes y pintura descascarada. Coincide con el color de fábrica del vehículo. Encapsulado en termoplástico para prevenir contacto metal con metal. Diseñado para un ajuste perfecto a los contornos de las puertas. Ajuste por compresión sin adhesivos ni sujetadores mecánicos. Probado contra temperaturas, clima e impactos.",null,null,null,"Protectores de bordes de puerta, plata metálica Celestial",door-edge-guard-celestial-silver-metallic-toyota-pt936-35171-21-pt9363517121
PT9363422102,"Door Edge Guard, Midnight Black Metallic - Toyota (PT936-34221-02)",92.86,Toyota,Tun Deg 218 Black D,"Helps provide vertical door edge protection from dings and chipped paintColor-matched to the vehicle’s exterior factory paintEncapsulated in thermoplastic to help prevent any metal-to-metal contactDesigned for a perfect fit to door edge contoursCompressed-fit with no need for adhesives or mechanical fastenersSeamlessly blends into the vehicle’s stylingTested for temperature, weather and impact to help prevent cracking, fading and peeling.",null,null,null,null,null,null,null,https://s3.amazonaws.com/rp-part-images/assets/73b904baf42b7f356ff36867bb2140f9.webp,null,null,null,null,null,null,null,null,null,null,null,null,null,null,null,null,null,null,null,null,null,1,100,5,500,0.5,null,Tundra 218 Negro,"Ayuda a proporcionar protección vertical a los bordes de las puertas contra golpes y pintura descascarada. Coincide con el color de fábrica del vehículo. Encapsulado en termoplástico para prevenir contacto metal con metal. Diseñado para un ajuste perfecto a los contornos de las puertas. Ajuste por compresión sin adhesivos ni sujetadores mecánicos. Probado contra temperaturas, clima e impactos.",null,null,null,"Protectores de bordes de puerta, negro metálico Midnight",door-edge-guard-midnight-black-metallic-toyota-pt936-34221-02-pt9363422102
PT9363422202,"Door Edge Guard, Midnight Black Metallic - Toyota (PT936-34222-02)",92.86,Toyota,Tun Deg 218 Black Pl,"Helps provide vertical door edge protection from dings and chipped paintColor-matched to the vehicle’s exterior factory paintEncapsulated in thermoplastic to help prevent any metal-to-metal contactDesigned for a perfect fit to door edge contoursCompressed-fit with no need for adhesives or mechanical fastenersSeamlessly blends into the vehicle’s stylingTested for temperature, weather and impact to help prevent cracking, fading and peeling.",null,null,null,null,null,null,null,https://s3.amazonaws.com/rp-part-images/assets/301445795ebee14a9dc7b8f7a8c8c647.webp,null,null,null,null,null,null,null,null,null,null,null,null,null,null,null,null,null,null,null,null,null,1,100,5,500,0.5,null,Tundra 218 Negro Plat,"Ayuda a proporcionar protección vertical a los bordes de las puertas contra golpes y pintura descascarada. Coincide con el color de fábrica del vehículo. Encapsulado en termoplástico para prevenir contacto metal con metal. Diseñado para un ajuste perfecto a los contornos de las puertas. Ajuste por compresión sin adhesivos ni sujetadores mecánicos. Probado contra temperaturas, clima e impactos.",null,null,null,"Protectores de bordes de puerta, negro midnight",door-edge-guard-midnight-black-metallic-toyota-pt936-34222-02-pt9363422202
PT9363517111,"Door Edge Guard, Magnetic Gray Metallic - Toyota (PT936-35171-11)",77.20,Toyota,Door Edge Guard,"Help preVent door edge dings and chipped paint with this protective Finishing touch.\
 Thermoplastic-coated stainless steel is precisely matched to the exterior Finish\
 Compression-fitted to door edge contours\
 Blend seamlessly to complement exterior styling?\
\
          \
          Fits Tacoma  CAB SIZE: D-Cab Color: MagnetIC Gray METALLIC Color Code: 01G3 Number of Pieces: 4 Position: Driver Side and Passenger Side \
          \
          For driver side and passenger side. (4 Pieces). This is a Door Edge Guard part for the Tacoma.",null,null,null,null,null,null,null,https://s3.amazonaws.com/rp-part-images/assets/cbde641b85333cad849cc1a83e704340.webp,null,null,null,null,null,null,null,null,null,null,null,null,null,null,null,null,null,null,null,null,null,1,100,5,500,0.5,null,Protector de borde de puerta,Ayuda a prevenir golpes y pintura descascarada en los bordes de las puertas con este toque protector. El acero inoxidable recubierto con termoplástico está perfectamente combinado con el color de la pintura exterior. Ajuste por compresión a los contornos de las puertas. Complementa el estilo exterior. Para los lados del conductor y pasajero (4 piezas).,null,null,null,"Protectores de bordes de puerta, gris metálico Magnetic",door-edge-guard-magnetic-gray-metallic-toyota-pt936-35171-11-pt9363517111
PT9363517126,"Door Edge Guard, Lunar Rock - Toyota (PT936-35171-26)",103.39,Toyota,Taco Deg 6X3 Lunar R,"Helps provide vertical door edge protection from dings and chipped paintColor-matched to the vehicle’s exterior factory paintEncapsulated in thermoplastic to help prevent any metal-to-metal contactDesigned for a perfect fit to door edge contoursCompressed-fit with no need for adhesives or mechanical fastenersSeamlessly blends into the vehicle’s stylingTested for temperature, weather and impact to help prevent cracking, fading and peeling.",null,null,null,null,null,null,null,https://s3.amazonaws.com/rp-part-images/assets/ce9fd6f98b4be2c9297802e0ee91ac18.webp,null,null,null,null,null,null,null,null,null,null,null,null,null,null,null,null,null,null,null,null,null,1,100,5,500,0.5,null,Tacoma 6X3 Roca Lunar,"Ayuda a proporcionar protección vertical a los bordes de las puertas contra golpes y pintura descascarada. Coincide con el color de fábrica del vehículo. Encapsulado en termoplástico para prevenir contacto metal con metal. Diseñado para un ajuste perfecto a los contornos de las puertas. Ajuste por compresión sin adhesivos ni sujetadores mecánicos. Probado contra temperaturas, clima e impactos.",null,null,null,"Protectores de bordes de puerta, Lunar Rock",door-edge-guard-lunar-rock-toyota-pt936-35171-26-pt9363517126
PT9364219102,"Door Edge Guard, Midnight Black - Toyota (PT936-42191-02)",92.86,Toyota,Door Edge Guard,Help prevent door edge dings and chipped paint with this protective finishing touchThermoplastic-coated stainless steel is precisely color matched to the exterior paintCompression-fitted to door edge contoursBlend seamlessly to complement exterior styling.,null,null,null,null,null,null,null,https://s3.amazonaws.com/rp-part-images/assets/ba4dac449b859a5d96b18873e1666676.webp,null,null,null,null,null,null,null,null,null,null,null,null,null,null,null,null,null,null,null,null,null,1,100,5,500,0.5,null,Protector de borde de puerta,Ayuda a prevenir golpes y pintura descascarada en los bordes de las puertas con este toque protector. El acero inoxidable recubierto con termoplástico está perfectamente combinado con el color de la pintura exterior. Ajuste por compresión a los contornos de las puertas. Complementa el estilo exterior.,null,null,null,"Protectores de bordes de puerta, negro Midnight",door-edge-guard-midnight-black-toyota-pt936-42191-02-pt9364219102
PT9363422100,"Door Edge Guard, Super White - Toyota (PT936-34221-00)",92.86,Toyota,Tun Deg 040 White D,"• Helps provide vertical door edge protection from dings and chipped paint• Color-matched to the vehicle’s exterior factory paint• Encapsulated in thermoplastic to help prevent any metal-to-metal contact• Designed for a perfect fit to door edge contours• Compressed-fit with no need for adhesives or mechanical fasteners• Seamlessly blends into the vehicle’s styling• Tested for temperature, weather and impact to help prevent cracking, fading and peeling.",null,null,null,null,null,null,null,https://s3.amazonaws.com/rp-part-images/assets/fd3fc2b701d6843d9551594a2966f5f9.webp,null,null,null,null,null,null,null,null,null,null,null,null,null,null,null,null,null,null,null,null,null,1,100,5,500,0.5,null,Tundra 040 Blanco D,"Ayuda a proporcionar protección vertical a los bordes de las puertas contra golpes y pintura descascarada. Coincide con el color de fábrica del vehículo. Encapsulado en termoplástico para prevenir contacto metal con metal. Diseñado para un ajuste perfecto a los contornos de las puertas. Ajuste por compresión sin adhesivos ni sujetadores mecánicos. Probado contra temperaturas, clima e impactos.",null,null,null,"Protectores de bordes de puerta, blanco Super White",door-edge-guard-super-white-toyota-pt936-34221-00-pt9363422100
PT9363422103,"Door Edge Guard, Supersonic Red - Toyota (PT936-34221-03)",92.86,Toyota,Tun Deg 3U5 Red D Ca,"Helps provide vertical door edge protection from dings and chipped paintColor-matched to the vehicle’s exterior factory paintEncapsulated in thermoplastic to help prevent any metal-to-metal contactDesigned for a perfect fit to door edge contoursCompressed-fit with no need for adhesives or mechanical fastenersSeamlessly blends into the vehicle’s stylingTested for temperature, weather and impact to help prevent cracking, fading and peeling.",null,null,null,null,null,null,null,https://s3.amazonaws.com/rp-part-images/assets/166689a2df7968b2f1605ad3f9c29ee2.webp,null,null,null,null,null,null,null,null,null,null,null,null,null,null,null,null,null,null,null,null,null,1,100,5,500,0.5,null,Tundra 3U5 Rojo,"Ayuda a proporcionar protección vertical a los bordes de las puertas contra golpes y pintura descascarada. Coincide con el color de fábrica del vehículo. Encapsulado en termoplástico para prevenir contacto metal con metal. Diseñado para un ajuste perfecto a los contornos de las puertas. Ajuste por compresión sin adhesivos ni sujetadores mecánicos. Probado contra temperaturas, clima e impactos.",null,null,null,"Protectores de bordes de puerta, rojo Supersónico",door-edge-guard-supersonic-red-toyota-pt936-34221-03-pt9363422103
PT9363422104,"Door Edge Guard, Smoked Mesquite - Toyota (PT936-34221-04)",92.86,Toyota,Tun Deg D Cab 4X4 Me,"Helps provide vertical door edge protection from dings and chipped paintColor-matched to the vehicle’s exterior factory paintEncapsulated in thermoplastic to help prevent any metal-to-metal contactDesigned for a perfect fit to door edge contoursCompressed-fit with no need for adhesives or mechanical fastenersSeamlessly blends into the vehicle’s stylingTested for temperature, weather and impact to help prevent cracking, fading and peeling.",null,null,null,null,null,null,null,https://s3.amazonaws.com/rp-part-images/assets/fb9c35e0c11ba8ee17eb585440a860a0.webp,null,null,null,null,null,null,null,null,null,null,null,null,null,null,null,null,null,null,null,null,null,1,100,5,500,0.5,null,Tundra doble cabina 4X4,"Ayuda a proporcionar protección vertical a los bordes de las puertas contra golpes y pintura descascarada. Coincide con el color de fábrica del vehículo. Encapsulado en termoplástico para prevenir contacto metal con metal. Diseñado para un ajuste perfecto a los contornos de las puertas. Ajuste por compresión sin adhesivos ni sujetadores mecánicos. Probado contra temperaturas, clima e impactos.",null,null,null,"Protectores de bordes de puerta, marrón ahumado Mesquite",door-edge-guard-smoked-mesquite-toyota-pt936-34221-04-pt9363422104
PT9363517110,"Door Edge Guard, Super White - Toyota (PT936-35171-10)",103.39,Toyota,Door Edge Guard,"Helps provide vertical door edge protection from dings and chipped paintColor-matched to the vehicle’s exterior factory paintEncapsulated in thermoplastic to help prevent any metal-to-metal contactDesigned for a perfect fit to door edge contoursCompressed-fit with no need for adhesives or mechanical fastenersSeamlessly blends into the vehicle’s stylingTested for temperature, weather and impact to help prevent cracking, fading and peeling.",null,null,null,null,null,null,null,https://s3.amazonaws.com/rp-part-images/assets/b85e00655d150b93ee9aef56ede7735e.webp,null,null,null,null,null,null,null,null,null,null,null,null,null,null,null,null,null,null,null,null,null,1,100,5,500,0.5,null,Protector de borde de puerta,"Ayuda a proporcionar protección vertical a los bordes de las puertas contra golpes y pintura descascarada. Coincide con el color de fábrica del vehículo. Encapsulado en termoplástico para prevenir contacto metal con metal. Diseñado para un ajuste perfecto a los contornos de las puertas. Ajuste por compresión sin adhesivos ni sujetadores mecánicos. Probado contra temperaturas, clima e impactos.",null,null,null,"Protectores de bordes de puerta, blanco Super White",door-edge-guard-super-white-toyota-pt936-35171-10-pt9363517110
PT9364217003,"Door Edge Guard, Ruby Flare Pearl - Toyota (PT936-42170-03)",73.71,Toyota,Door Edge Guard,Help prevent door edge dings and chipped paint with this protective finishing touch.Thermoplastic-coated stainless steel is precisely matched to the exterior finishCompression-fitted to door edge contoursBlends seamlessly to complement exterior paint.,null,null,null,null,null,null,null,https://s3.amazonaws.com/rp-part-images/assets/3a4bec5d7fa68d25c8c7bd3c64ee6317.webp,null,null,null,null,null,null,null,null,null,null,null,null,null,null,null,null,null,null,null,null,null,1,100,5,500,0.5,null,Protector de borde de puerta,Ayuda a prevenir golpes y pintura descascarada en los bordes de las puertas con este toque protector. El acero inoxidable recubierto con termoplástico está perfectamente combinado con el color de la pintura exterior. Ajuste por compresión a los contornos de las puertas. Complementa el estilo exterior.,null,null,null,"Protectores de bordes de puerta, rojo perla Ruby Flare",door-edge-guard-ruby-flare-pearl-toyota-pt936-42170-03-pt9364217003
PT9363422110,"Door Edge Guard, Wind Chill Pearl - Toyota (PT936-34221-10)",92.86,Toyota,Tun Deg 089 White D,"• Helps provide vertical door edge protection from dings and chipped paint• Color-matched to the vehicle’s exterior factory paint• Encapsulated in thermoplastic to help prevent any metal-to-metal contact• Designed for a perfect fit to door edge contours• Compressed-fit with no need for adhesives or mechanical fasteners• Seamlessly blends into the vehicle’s styling• Tested for temperature, weather and impact to help prevent cracking, fading and peeling.",null,null,null,null,null,null,null,https://s3.amazonaws.com/rp-part-images/assets/d18d462061c20af56ecf828ad90b9015.webp,null,null,null,null,null,null,null,null,null,null,null,null,null,null,null,null,null,null,null,null,null,1,100,5,500,0.5,null,Tundra 089 Blanco,"Ayuda a proporcionar protección vertical a los bordes de las puertas contra golpes y pintura descascarada. Coincide con el color de fábrica del vehículo. Encapsulado en termoplástico para prevenir contacto metal con metal. Diseñado para un ajuste perfecto a los contornos de las puertas. Ajuste por compresión sin adhesivos ni sujetadores mecánicos. Probado contra temperaturas, clima e impactos.",null,null,null,"Protectores de bordes de puerta, blanco perla Wind Chill",door-edge-guard-wind-chill-pearl-toyota-pt936-34221-10-pt9363422110
PT9363422203,"Door Edge Guard, Supersonic Red - Toyota (PT936-34222-03)",92.86,Toyota,Tun Deg 3U5 Red Plat,"Helps provide vertical door edge protection from dings and chipped paintColor-matched to the vehicle’s exterior factory paintEncapsulated in thermoplastic to help prevent any metal-to-metal contactDesigned for a perfect fit to door edge contoursCompressed-fit with no need for adhesives or mechanical fastenersSeamlessly blends into the vehicle’s stylingTested for temperature, weather and impact to help prevent cracking, fading and peeling.",null,null,null,null,null,null,null,https://s3.amazonaws.com/rp-part-images/assets/b50614db579904ee13b7e1a03100be2b.webp,null,null,null,null,null,null,null,null,null,null,null,null,null,null,null,null,null,null,null,null,null,1,100,5,500,0.5,null,Tundra 3U5 Rojo Plat,"Ayuda a proporcionar protección vertical a los bordes de las puertas contra golpes y pintura descascarada. Coincide con el color de fábrica del vehículo. Encapsulado en termoplástico para prevenir contacto metal con metal. Diseñado para un ajuste perfecto a los contornos de las puertas. Ajuste por compresión sin adhesivos ni sujetadores mecánicos. Probado contra temperaturas, clima e impactos.",null,null,null,"Protectores de bordes de puerta, rojo Supersónico",door-edge-guard-supersonic-red-toyota-pt936-34222-03-pt9363422203
PT9364217002,Door Edge Guard - Toyota (PT936-42170-02),73.71,Toyota,Door Edge Guard,Help prevent door edge dings and chipped paint with this protective finishing touch.Thermoplastic-coated stainless steel is precisely matched to the exterior finishCompression-fitted to door edge contoursBlends seamlessly to complement exterior paint.,null,null,null,null,null,null,null,https://s3.amazonaws.com/rp-part-images/assets/6f85b717c23e6e87eb24eb3093aaf063.webp,null,null,null,null,null,null,null,null,null,null,null,null,null,null,null,null,null,null,null,null,null,1,100,5,500,0.5,null,Protector de borde de puerta,Ayuda a prevenir golpes y pintura descascarada en los bordes de las puertas con este toque protector. El acero inoxidable recubierto con termoplástico está perfectamente combinado con el color de la pintura exterior. Ajuste por compresión a los contornos de las puertas. Complementa el estilo exterior.,null,null,null,Protectores de bordes de puerta,door-edge-guard-toyota-pt936-42170-02-pt9364217002
PT9364723003,"Door Edge Guard, Supersonic Red - Toyota (PT936-47230-03)",92.86,Toyota,Prius Deg 3U5 Sonic,Help prevent door edge dings and chipped paint with this protective finishing touch.Thermoplastic-coated stainless steel is precisely color matched to the exterior paintCompression-fitted to door edge contoursBlend seamlessly to complement exterior styling.,null,null,null,null,null,null,null,https://s3.amazonaws.com/rp-part-images/assets/15f5225d5373868af07b4fde0f7b9d39.webp,https://s3.amazonaws.com/rp-part-images/assets/a4671c2c5f023bb3f8d9c7ba88642577.webp,null,null,null,null,null,null,null,null,null,null,null,null,null,null,null,null,null,null,null,null,1,100,5,500,0.5,null,Prius 3U5 Sonic,Ayuda a prevenir golpes y pintura descascarada en los bordes de las puertas con este toque protector. El acero inoxidable recubierto con termoplástico está perfectamente combinado con el color de la pintura exterior. Ajuste por compresión a los contornos de las puertas. Complementa el estilo exterior.,null,null,null,"Protectores de bordes de puerta, rojo Supersonic",door-edge-guard-supersonic-red-toyota-pt936-47230-03-pt9364723003
PT9364723011,Door Edge Guard - Toyota (PT936-47230-11),92.86,Toyota,Prius Deg 1M2 Gray,Help prevent door edge dings and chipped paint with this protective finishing touch. Thermoplastic-coated stainless steel is precisely matched to the exterior finish. Compression-fitted to door edge contours.,null,null,null,null,null,null,null,https://s3.amazonaws.com/rp-part-images/assets/46b1713b88b7b491d5b198c8ebfcacad.webp,https://s3.amazonaws.com/rp-part-images/assets/fd5b668ebc8a06a50539443877584b39.webp,null,null,null,null,null,null,null,null,null,null,null,null,null,null,null,null,null,null,null,null,1,100,5,500,0.5,null,Prius Gray,Ayuda a prevenir golpes y pintura descascarada en los bordes de las puertas con este toque protector. El acero inoxidable recubierto con termoplástico está perfectamente combinado con el color de la pintura exterior. Ajuste por compresión a los contornos de las puertas.,null,null,null,"Protectores de bordes de puerta, gris 1M2",door-edge-guard-toyota-pt936-47230-11-pt9364723011
PT9360811020,Door Edge Guards (2-Pc Set) - Toyota (PT936-08110-20),36.72,Toyota,Door Edge Guard,"Help protect the vehicle’s vertical door edges from dings and paint chips with exclusive, body color-matched Genuine Toyota Door Edge Guards.",null,null,null,null,null,null,null,https://s3.amazonaws.com/rp-part-images/assets/ed7d11477157fa8818247d2710089467.webp,https://s3.amazonaws.com/rp-part-images/assets/d795de3a52fba40cb3dbdd6f4a2cda66.webp,null,null,null,null,null,null,null,null,null,null,null,null,null,null,null,null,null,null,null,null,1,100,5,500,0.5,null,Protector de borde de puerta,Ayuda a proteger los bordes verticales de las puertas del vehículo contra golpes y descascarado de pintura con los exclusivos protectores de bordes de puerta de Toyota. Coinciden con el color de fábrica del vehículo.,null,null,null,Protectores de bordes de puerta (2 piezas),door-edge-guards-2-pc-set-toyota-pt936-08110-20-pt9360811020
PT9363422210,"Door Edge Guard, Wind Chill Pearl - Toyota (PT936-34222-10)",92.86,Toyota,Tun Deg 089 Wnd Chil,"• Helps provide vertical door edge protection from dings and chipped paint• Color-matched to the vehicle’s exterior factory paint• Encapsulated in thermoplastic to help prevent any metal-to-metal contact• Designed for a perfect fit to door edge contours• Compressed-fit with no need for adhesives or mechanical fasteners• Seamlessly blends into the vehicle’s styling• Tested for temperature, weather and impact to help prevent cracking, fading and peeling.",null,null,null,null,null,null,null,https://s3.amazonaws.com/rp-part-images/assets/343ca8a435b95405cf376dc9582db104.webp,null,null,null,null,null,null,null,null,null,null,null,null,null,null,null,null,null,null,null,null,null,1,100,5,500,0.5,null,Tundra 089 Wnd Chill,"Ayuda a proporcionar protección vertical a los bordes de las puertas contra golpes y pintura descascarada. Coincide con el color de fábrica del vehículo. Encapsulado en termoplástico para prevenir contacto metal con metal. Diseñado para un ajuste perfecto a los contornos de las puertas. Ajuste por compresión sin adhesivos ni sujetadores mecánicos. Probado contra temperaturas, clima e impactos.",null,null,null,"Protectores de bordes de puerta, blanco perla Wind Chill",door-edge-guard-wind-chill-pearl-toyota-pt936-34222-10-pt9363422210
PT9363517100,"Door Edge Guard, Wind Chill Pearl - Toyota (PT936-35171-00)",103.39,Toyota,Taco Deg 089 Wind Ch,"Helps provide vertical door edge protection from dings and chipped paintColor-matched to the vehicle’s exterior factory paintEncapsulated in thermoplastic to help prevent any metal-to-metal contactDesigned for a perfect fit to door edge contoursCompressed-fit with no need for adhesives or mechanical fastenersSeamlessly blends into the vehicle’s stylingTested for temperature, weather and impact to help prevent cracking, fading and peeling.",null,null,null,null,null,null,null,https://s3.amazonaws.com/rp-part-images/assets/bedc175075db297ea5ea824c8cf5ba21.webp,null,null,null,null,null,null,null,null,null,null,null,null,null,null,null,null,null,null,null,null,null,1,100,5,500,0.5,null,Tacoma 089 Wind Chill,"Ayuda a proporcionar protección vertical a los bordes de las puertas contra golpes y pintura descascarada. Coincide con el color de fábrica del vehículo. Encapsulado en termoplástico para prevenir contacto metal con metal. Diseñado para un ajuste perfecto a los contornos de las puertas. Ajuste por compresión sin adhesivos ni sujetadores mecánicos. Probado contra temperaturas, clima e impactos.",null,null,null,"Protectores de bordes de puerta, blanco perla Wind Chill",door-edge-guard-wind-chill-pearl-toyota-pt936-35171-00-pt9363517100
PT9360214003,"Door Edge Guards, Barcelona Red Metallic - Toyota (PT936-02140-03)",71.39,Toyota,Door Edge Guard,"Help protect your vehicle’s front door edges from dings and chipped paint with Genuine Toyota door edge guards. Engineered for a compressed-fit, they are formed from stainless steel and coated with color-matched thermoplastic designed to prevent cracking, fading and peeling..",null,null,null,null,null,null,null,https://s3.amazonaws.com/rp-part-images/assets/f51cb923cfe741198535d5d008827833.webp,https://s3.amazonaws.com/rp-part-images/assets/859ac0e11ad769e8c07e23bb6ea176cd.webp,https://s3.amazonaws.com/rp-part-images/assets/1a616b54dbe57a99576a81bc0277a3d2.webp,null,null,null,null,null,null,null,null,null,null,null,null,null,null,null,null,null,null,null,1,100,5,500,0.5,null,Protector de borde de puerta,"Protege los bordes de las puertas delanteras de tu vehículo contra golpes y pintura descascarada con protectores de bordes de puerta de Toyota. Diseñados con ajuste por compresión, hechos de acero inoxidable recubierto con termoplástico del color del vehículo para prevenir grietas, desvanecimientos y peladuras.",null,null,null,"Protectores de bordes de puerta, rojo metálico Barcelona",door-edge-guards-barcelona-red-metallic-toyota-pt936-02140-03-pt9360214003
PT9364213002,"Door Edge Guards, Black - Toyota (PT936-42130-02)",73.71,Toyota,Door Edge Guard,"Help protect your RAV4’s door edges from dings and chipped paint with Genuine Toyota door edge guards. Engineered for a compression fit, they are formed from stainless steel and coated with color-matched thermoplastic designed to resist cracking, fading and peeling..",null,null,null,null,null,null,null,https://s3.amazonaws.com/rp-part-images/assets/0962f5461b86aef8875a3ea613b72014.webp,https://s3.amazonaws.com/rp-part-images/assets/99c1f2fb6d97033618d217b662307627.webp,https://s3.amazonaws.com/rp-part-images/assets/83d049c2c9646c66f1879680e37e5688.webp,https://s3.amazonaws.com/rp-part-images/assets/1ee88c299db8ed705865c42c37260859.jpg,null,null,null,null,null,null,null,null,null,null,null,null,null,null,null,null,null,null,1,100,5,500,0.5,null,Protector de borde de puerta,"Ayuda a proteger los bordes de las puertas de tu RAV4 contra golpes y pintura descascarada con los protectores de bordes originales de Toyota. Diseñados para un ajuste por compresión, están formados con acero inoxidable recubierto de termoplástico color-matched para resistir agrietamientos, desvanecimiento y pelado.",null,null,null,"Protectores de bordes de puerta, negro",door-edge-guards-black-toyota-pt936-42130-02-pt9364213002
PT9364213010,"Door Edge Guards, Blizzard Pearl - Toyota (PT936-42130-10)",73.71,Toyota,Door Edge Guard,"Help protect your RAV4’s door edges from dings and chipped paint with Genuine Toyota door edge guards. Engineered for a compression fit, they are formed from stainless steel and coated with color-matched thermoplastic designed to resist cracking, fading and peeling..",null,null,null,null,null,null,null,https://s3.amazonaws.com/rp-part-images/assets/2fe5e6a931b963233e90366f258e1f2a.webp,https://s3.amazonaws.com/rp-part-images/assets/00ab55d645bc6b4fa7b3d78e38b720e8.webp,https://s3.amazonaws.com/rp-part-images/assets/7f2b08a63f19af26b3405077e2d3647a.webp,null,null,null,null,null,null,null,null,null,null,null,null,null,null,null,null,null,null,null,1,100,5,500,0.5,null,Protector de borde de puerta,"Ayuda a proteger los bordes de las puertas de tu RAV4 contra golpes y pintura descascarada con los protectores de bordes originales de Toyota. Diseñados para un ajuste por compresión, están formados con acero inoxidable recubierto de termoplástico color-matched para resistir agrietamientos, desvanecimiento y pelado.",null,null,null,"Protectores de bordes de puerta, blanco perlado Blizzard",door-edge-guards-blizzard-pearl-toyota-pt936-42130-10-pt9364213010
PT9364716010,"Door Edge Guards, Blizzard Pearl - Toyota (PT936-47160-10)",73.75,Toyota,Door Edge Guard,"Helps provide vertical door edge protection from dings and chipped paintThermoplastic-coated stainless steel is precisely matched to the exterior finishCompression-fitted to door edge contoursBlend seamlessly to complement exterior stylingTested for temperature, weather and impact to help prevent cracking, fading and peeling.",null,null,null,null,null,null,null,https://s3.amazonaws.com/rp-part-images/assets/36e90a5b46df6c5acd84d9089b32fe61.webp,https://s3.amazonaws.com/rp-part-images/assets/17f7ceb036bb0c882a872a89d63c0d1a.webp,https://s3.amazonaws.com/rp-part-images/assets/6e18e866024035a96439af49a10d6056.webp,null,null,null,null,null,null,null,null,null,null,null,null,null,null,null,null,null,null,null,1,100,5,500,0.5,null,Protector de borde de puerta,"Ayuda a proporcionar protección vertical a los bordes de las puertas contra golpes y pintura descascarada. El acero inoxidable recubierto con termoplástico está perfectamente combinado con el color de la pintura exterior. Ajuste por compresión a los contornos de las puertas. Probado contra temperaturas, clima e impactos.",null,null,null,"Protectores de bordes de puerta, blanco perlado Blizzard",door-edge-guards-blizzard-pearl-toyota-pt936-47160-10-pt9364716010
PT9360318111,Door Edge Guards - Celestial Silver Metallic - Toyota (PT936-03181-11),89.50,Toyota,Door Edge Guard,Help prevent door edge dings and chipped paint with this protective finishing touchThermoplastic-coated stainless steel is precisely matched to the exterior finish Compression-fitted to door edge contours Blend seamlessly to complement exterior styling.,null,null,null,"PT936-03180-11, PT936-03182-11",null,null,null,https://s3.amazonaws.com/rp-part-images/assets/b028200a059fa2184034bdcf80f50d5b.webp,null,null,null,null,null,null,null,null,null,null,null,null,null,null,null,null,null,null,null,null,null,1,100,5,500,0.5,null,Protector de borde de puerta,Ayuda a prevenir golpes y pintura descascarada en los bordes de las puertas con este toque protector. Acero inoxidable recubierto con termoplástico combinado con el acabado exterior. Ajuste por compresión a los contornos de los bordes de las puertas. Complementa perfectamente el estilo exterior del vehículo.,null,null,null,"Protectores de bordes de puerta, plata metálica Celestial",door-edge-guards-celestial-silver-metallic-toyota-pt936-03181-11-pt9360318111
PT9360811021,"Door Edge Guards, Celestial Silver Metallic - Toyota (PT936-08110-21)",36.72,Toyota,Door Edge Guard,Help prevent door edge dings and chipped paint with this protective finishing touchThermoplastic-coated stainless steel is precisely color matched to the exterior paintCompression-fitted to door edge contoursBlend seamlessly to complement exterior styling.,null,null,null,null,null,null,null,https://s3.amazonaws.com/rp-part-images/assets/e91769a94b16a2475a23b3680d9bbfad.webp,https://s3.amazonaws.com/rp-part-images/assets/eef663cdad29ff784d67c610a3dc3217.webp,null,null,null,null,null,null,null,null,null,null,null,null,null,null,null,null,null,null,null,null,1,100,5,500,0.5,null,Protector de borde de puerta,Ayuda a prevenir golpes y pintura descascarada en los bordes de las puertas con este toque protector. Acero inoxidable recubierto con termoplástico combinado con el acabado exterior. Ajuste por compresión a los contornos de los bordes de las puertas. Complementa perfectamente el estilo exterior del vehículo.,null,null,null,"Protectores de bordes de puerta, plata metálica Celestial",door-edge-guards-celestial-silver-metallic-toyota-pt936-08110-21-pt9360811021
PT9364219018,"Door Edge Guards, Blueprint - Toyota (PT936-42190-18)",92.86,Toyota,Door Edge Guard,Help prevent door edge dings and chipped paint with this protective finishing touchThermoplastic-coated stainless steel is precisely color matched to the exterior paintCompression-fitted to door edge contoursBlend seamlessly to complement exterior styling.,null,null,null,null,null,null,null,https://s3.amazonaws.com/rp-part-images/assets/77ae4a592ce379fb188348cb27db60e0.webp,https://s3.amazonaws.com/rp-part-images/assets/8ec9d5a746cc3e256c9ff0fad3654ccf.webp,null,null,null,null,null,null,null,null,null,null,null,null,null,null,null,null,null,null,null,null,1,100,5,500,0.5,null,Protector de borde de puerta,Ayuda a prevenir golpes y pintura descascarada en los bordes de las puertas con este toque protector. El acero inoxidable recubierto con termoplástico está perfectamente combinado con el color de la pintura exterior. Ajuste por compresión a los contornos de las puertas. Complementa el estilo exterior.,null,null,null,"Protectores de bordes de puerta, azul Blueprint",door-edge-guards-blueprint-toyota-pt936-42190-18-pt9364219018
PT9364716008,"Door Edge Guards, Blue Crush Metallic - Toyota (PT936-47160-08)",73.75,Toyota,Door Edge Guard,"Helps provide vertical door edge protection from dings and chipped paintThermoplastic-coated stainless steel is precisely matched to the exterior finishCompression-fitted to door edge contoursBlend seamlessly to complement exterior stylingTested for temperature, weather and impact to help prevent cracking, fading and peeling.",null,null,null,null,null,null,null,https://s3.amazonaws.com/rp-part-images/assets/4753dbfa6d17b5dd0ddab0d2fd3abee6.webp,null,null,null,null,null,null,null,null,null,null,null,null,null,null,null,null,null,null,null,null,null,1,100,5,500,0.5,null,Protector de borde de puerta,"Ayuda a proporcionar protección vertical a los bordes de las puertas contra golpes y pintura descascarada. El acero inoxidable recubierto con termoplástico está perfectamente combinado con el color de la pintura exterior. Ajuste por compresión a los contornos de las puertas. Probado contra temperaturas, clima e impactos.",null,null,null,"Protectores de bordes de puerta, azul metálico Blue Crush",door-edge-guards-blue-crush-metallic-toyota-pt936-47160-08-pt9364716008
PT9364820108,Door Edge Guards - Blueprint - Toyota (PT936-48201-08),92.86,Toyota,Door Edge Guard,Help prevent door edge dings and chipped paint with this protective finishing touchThermoplastic-coated stainless steel is precisely matched to the exterior paint finishCompression-fitted to door edge contoursBlend seamlessly to complement exterior styling.,null,null,null,PT936-48200-08,null,null,null,https://s3.amazonaws.com/rp-part-images/assets/16c54a5ef3966085df355317e2fe0b8d.webp,null,null,null,null,null,null,null,null,null,null,null,null,null,null,null,null,null,null,null,null,null,1,100,5,500,0.5,null,Protector de borde de puerta,Ayuda a prevenir abolladuras y pintura desconchada en los bordes de las puertas con este toque de acabado protector. El acero inoxidable recubierto con termoplástico coincide con precisión con el acabado de pintura exterior. Se ajusta a los contornos de los bordes de las puertas y se integra perfectamente con el estilo exterior.,null,null,null,"Protectores de bordes de puerta, color Blueprint",door-edge-guards-blueprint-toyota-pt936-48201-08-pt9364820108
PT9364820111,Door Edge Guards - Celestial Silver Metallic - Toyota (PT936-48201-11),92.86,Toyota,Door Edge Guard,Help prevent door edge dings and chipped paint with this protective finishing touchThermoplastic-coated stainless steel is precisely matched to the exterior paint finishCompression-fitted to door edge contoursBlend seamlessly to complement exterior styling.,null,null,null,null,null,null,null,https://s3.amazonaws.com/rp-part-images/assets/c5c4073a27d111bd2ab7813f1e6b4d03.webp,null,null,null,null,null,null,null,null,null,null,null,null,null,null,null,null,null,null,null,null,null,1,100,5,500,0.5,null,Protector de borde de puerta,Ayuda a prevenir abolladuras y pintura desconchada en los bordes de las puertas con este toque de acabado protector. El acero inoxidable recubierto con termoplástico coincide con precisión con el acabado de pintura exterior. Se ajusta a los contornos de los bordes de las puertas y se integra perfectamente con el estilo exterior.,null,null,null,"Protectores de bordes de puerta, color plata Celestial",door-edge-guards-celestial-silver-metallic-toyota-pt936-48201-11-pt9364820111
PT9361622006,"Door Edge Guards, Cypress Green - Toyota (PT936-16220-06)",92.86,Toyota,Cor Crs Deg 6X5 Green,Help prevent door edge dings and chipped paint with this protective finishing touchThermoplastic-coated stainless steel is precisely color matched to the exterior paint Compression-fitted to door edge contours Blend seamlessly to complement exterior styling.,null,null,null,null,null,null,null,https://s3.amazonaws.com/rp-part-images/assets/313f7b57c8e577b7dc832ff1c453d586.webp,null,null,null,null,null,null,null,null,null,null,null,null,null,null,null,null,null,null,null,null,null,1,100,5,500,0.5,null,Protector de borde Corolla 6X5 Verde,Ayuda a prevenir golpes y pintura descascarada en los bordes de las puertas con este toque protector. Acero inoxidable recubierto con termoplástico combinado con el acabado exterior. Ajuste por compresión a los contornos de los bordes de las puertas. Complementa perfectamente el estilo exterior del vehículo.,null,null,null,"Protectores de bordes de puerta, verde Cypress",door-edge-guards-cypress-green-toyota-pt936-16220-06-pt9361622006
PT9364716001,"Door Edge Guards, Classic Silver Metallic - Toyota (PT936-47160-01)",73.75,Toyota,Door Edge Guard,"Helps provide vertical door edge protection from dings and chipped paintThermoplastic-coated stainless steel is precisely matched to the exterior finishCompression-fitted to door edge contoursBlend seamlessly to complement exterior stylingTested for temperature, weather and impact to help prevent cracking, fading and peeling.",null,null,null,null,null,null,null,https://s3.amazonaws.com/rp-part-images/assets/8cf6a425cb15fb203bcffcaaa6818e0e.webp,https://s3.amazonaws.com/rp-part-images/assets/0b5b8a92f8890da9692fe54af57af20c.webp,https://s3.amazonaws.com/rp-part-images/assets/b2d4afda4c34698fec29aec6797c71ad.webp,null,null,null,null,null,null,null,null,null,null,null,null,null,null,null,null,null,null,null,1,100,5,500,0.5,null,Protector de borde de puerta,"Ayuda a proporcionar protección vertical a los bordes de las puertas contra golpes y pintura descascarada. El acero inoxidable recubierto con termoplástico está perfectamente combinado con el color de la pintura exterior. Ajuste por compresión a los contornos de las puertas. Probado contra temperaturas, clima e impactos.",null,null,null,"Protectores de bordes de puerta, plata metálica Classic",door-edge-guards-classic-silver-metallic-toyota-pt936-47160-01-pt9364716001
PT9364716003,"Door Edge Guards, Emotional Red - Toyota (PT936-47160-03)",73.75,Toyota,Door Edge Guard,"Helps provide vertical door edge protection from dings and chipped paintThermoplastic-coated stainless steel is precisely matched to the exterior finishCompression-fitted to door edge contoursBlend seamlessly to complement exterior stylingTested for temperature, weather and impact to help prevent cracking, fading and peeling.",null,null,null,null,null,null,null,https://s3.amazonaws.com/rp-part-images/assets/9f53cc2f15c7a54071d3ae5e2c1a9c60.webp,https://s3.amazonaws.com/rp-part-images/assets/e12bfccd1d3ea83d0a47936c8b3e3146.webp,https://s3.amazonaws.com/rp-part-images/assets/4a9ee28798a23676bab258242c20b813.webp,null,null,null,null,null,null,null,null,null,null,null,null,null,null,null,null,null,null,null,1,100,5,500,0.5,null,Protector de borde de puerta,"Ayuda a proporcionar protección vertical a los bordes de las puertas contra golpes y pintura descascarada. El acero inoxidable recubierto con termoplástico está perfectamente combinado con el color de la pintura exterior. Ajuste por compresión a los contornos de las puertas. Probado contra temperaturas, clima e impactos.",null,null,null,"Protectores de bordes de puerta, rojo Emotional",door-edge-guards-emotional-red-toyota-pt936-47160-03-pt9364716003
PT9364820106,Door Edge Guards - Cyress - Toyota (PT936-48201-06),92.86,Toyota,Handler Deg Cypress 4P,Help prevent door edge dings and chipped paint with this protective finishing touch. Thermoplastic-coated stainless steel is precisely matched to the exterior finish Compression-fitted to door edge contours.,null,null,null,null,null,null,null,https://s3.amazonaws.com/rp-part-images/assets/b755a5e760f949e4c585e4374e6a3c5d.webp,null,null,null,null,null,null,null,null,null,null,null,null,null,null,null,null,null,null,null,null,null,1,100,5,500,0.5,null,Handler protector de borde Cypress 4P,Ayuda a prevenir golpes y pintura descascarada en los bordes de las puertas con este toque protector. El acero inoxidable recubierto con termoplástico está perfectamente combinado con el color de la pintura exterior. Ajuste por compresión a los contornos de las puertas.,null,null,null,"Protectores de bordes de puerta, verde Cypress",door-edge-guards-cyress-toyota-pt936-48201-06-pt9364820106
PT9360217002,"Door Edge Guards, Galactic Aqua Mica - Toyota (PT936-02170-02)",71.39,Toyota,Door Edge Guard,Help prevent door edge dings and chipped paintThermoplastic-coated stainless steel is precisely color matched to the exterior paintCompression-fitted to door edge contoursDesigned to complement exterior stylingPicture for representation only. Actual paart may very..,null,null,null,null,null,null,null,https://s3.amazonaws.com/rp-part-images/assets/9e629997cc3dfcd5a0c35e08c018282f.webp,https://s3.amazonaws.com/rp-part-images/assets/351661d261fd930da3774bf3ac24d4ef.webp,null,null,null,null,null,null,null,null,null,null,null,null,null,null,null,null,null,null,null,null,1,100,5,500,0.5,null,Protector de borde de puerta,Protege los bordes de las puertas contra golpes y pintura descascarada. Acero inoxidable recubierto con termoplástico del color del vehículo para un ajuste exacto. Diseño comprimido sin necesidad de adhesivos o sujetadores mecánicos. Complementa el estilo exterior del vehículo.,null,null,null,"Protectores de bordes de puerta, azul mica Galactic Aqua",door-edge-guards-galactic-aqua-mica-toyota-pt936-02170-02-pt9360217002
PT9364213011,"Door Edge Guards, Magnetic Gray Metallic - Toyota (PT936-42130-11)",73.71,Toyota,Door Edge Guard,"Help protect your RAV4’s door edges from dings and chipped paint with Genuine Toyota door edge guards. Engineered for a compression fit, they are formed from stainless steel and coated with color-matched thermoplastic designed to resist cracking, fading and peeling..",null,null,null,null,null,null,null,https://s3.amazonaws.com/rp-part-images/assets/4a5c371e5d63dd02feb7db5ba9160459.webp,https://s3.amazonaws.com/rp-part-images/assets/0758e31abd0d3a4541c0c1ede576b2eb.webp,https://s3.amazonaws.com/rp-part-images/assets/0a96ec042c4029c15784282c38d06744.webp,null,null,null,null,null,null,null,null,null,null,null,null,null,null,null,null,null,null,null,1,100,5,500,0.5,null,Protector de borde de puerta,"Ayuda a proteger los bordes de las puertas de tu RAV4 contra golpes y pintura descascarada con los protectores de bordes originales de Toyota. Diseñados para un ajuste por compresión, están formados con acero inoxidable recubierto de termoplástico color-matched para resistir agrietamientos, desvanecimiento y pelado.",null,null,null,"Protectores de bordes de puerta, gris metálico Magnetic",door-edge-guards-magnetic-gray-metallic-toyota-pt936-42130-11-pt9364213011
PT9364219006,"Door Edge Guards, Lunar Rock - Toyota (PT936-42190-06)",98.73,Toyota,Door Edge Guard,Help prevent door edge dings and chipped paint with this protective finishing touchThermoplastic-coated stainless steel is precisely color matched to the exterior paintCompression-fitted to door edge contoursBlend seamlessly to complement exterior styling.,null,null,null,null,null,null,null,https://s3.amazonaws.com/rp-part-images/assets/332ae7dac8d844c3e9721a66ef3da17f.webp,null,null,null,null,null,null,null,null,null,null,null,null,null,null,null,null,null,null,null,null,null,1,100,5,500,0.5,null,Protector de borde de puerta,Ayuda a prevenir golpes y pintura descascarada en los bordes de las puertas con este toque protector. El acero inoxidable recubierto con termoplástico está perfectamente combinado con el color de la pintura exterior. Ajuste por compresión a los contornos de las puertas. Complementa el estilo exterior.,null,null,null,"Protectores de bordes de puerta, Lunar Rock",door-edge-guards-lunar-rock-toyota-pt936-42190-06-pt9364219006
PT9364219106,"Door Edge Guards, Lunar Rock - Toyota (PT936-42191-06)",92.86,Toyota,Door Edge Guard,Help prevent door edge dings and chipped paint with this protective finishing touchThermoplastic-coated stainless steel is precisely color matched to the exterior paintCompression-fitted to door edge contoursBlend seamlessly to complement exterior styling.,null,null,null,null,null,null,null,https://s3.amazonaws.com/rp-part-images/assets/85d47c34b86386f55eaa5514a75b341f.webp,null,null,null,null,null,null,null,null,null,null,null,null,null,null,null,null,null,null,null,null,null,1,100,5,500,0.5,null,Protector de borde de puerta,Ayuda a prevenir golpes y pintura descascarada en los bordes de las puertas con este toque protector. El acero inoxidable recubierto con termoplástico está perfectamente combinado con el color de la pintura exterior. Ajuste por compresión a los contornos de las puertas. Complementa el estilo exterior.,null,null,null,"Protectores de bordes de puerta, Lunar Rock",door-edge-guards-lunar-rock-toyota-pt936-42191-06-pt9364219106
PT9364219112,"Door Edge Guards, Magnetic Gray Metallic - Toyota (PT936-42191-12)",92.86,Toyota,Door Edge Guard,Help prevent door edge dings and chipped paint with this protective finishing touchThermoplastic-coated stainless steel is precisely color-matched to the exterior paintDoor edge guards have been optimized for more protection Blend seamlessly to complement the exterior styling.,null,null,null,null,null,null,null,https://s3.amazonaws.com/rp-part-images/assets/2f239f2e75000cf6a644d20569fde124.webp,null,null,null,null,null,null,null,null,null,null,null,null,null,null,null,null,null,null,null,null,null,1,100,5,500,0.5,null,Protector de borde de puerta,Ayuda a prevenir golpes y pintura descascarada en los bordes de las puertas con este toque protector. El acero inoxidable recubierto con termoplástico está perfectamente combinado con el color de la pintura exterior. Los protectores de bordes de puerta han sido optimizados para mayor protección. Complementan perfectamente el estilo exterior.,null,null,null,"Protectores de bordes de puerta, gris metálico Magnetic",door-edge-guards-magnetic-gray-metallic-toyota-pt936-42191-12-pt9364219112
PT9364219002,"Door Edge Guards, Midnight Black Metallic - Toyota (PT936-42190-02)",92.86,Toyota,Door Edge Guard,Help prevent door edge dings and chipped paint with this protective finishing touchThermoplastic-coated stainless steel is precisely color matched to the exterior paintCompression-fitted to door edge contoursBlend seamlessly to complement exterior styling.,null,null,null,null,null,null,null,https://s3.amazonaws.com/rp-part-images/assets/e7b7113cd0e19ba4a781fc119a1500ce.webp,https://s3.amazonaws.com/rp-part-images/assets/74ae3372479265c5eaacd32b5a3008bb.webp,null,null,null,null,null,null,null,null,null,null,null,null,null,null,null,null,null,null,null,null,1,100,5,500,0.5,null,Protector de borde de puerta,Ayuda a prevenir golpes y pintura descascarada en los bordes de las puertas con este toque protector. El acero inoxidable recubierto con termoplástico está perfectamente combinado con el color de la pintura exterior. Ajuste por compresión a los contornos de las puertas. Complementa el estilo exterior.,null,null,null,"Protectores de bordes de puerta, negro metálico Midnight",door-edge-guards-midnight-black-metallic-toyota-pt936-42190-02-pt9364219002
PT9364716002,"Door Edge Guards, Midnight Black Metallic - Toyota (PT936-47160-02)",73.75,Toyota,Door Edge Guard,"Helps provide vertical door edge protection from dings and chipped paintThermoplastic-coated stainless steel is precisely matched to the exterior finishCompression-fitted to door edge contoursBlend seamlessly to complement exterior stylingTested for temperature, weather and impact to help prevent cracking, fading and peeling.",null,null,null,null,null,null,null,https://s3.amazonaws.com/rp-part-images/assets/a1aa9287176a1f7ed751f538cb5b4ec2.webp,https://s3.amazonaws.com/rp-part-images/assets/7a31711f6702c914f38556d432dc0eb1.webp,https://s3.amazonaws.com/rp-part-images/assets/cc08c6530f6a0fd888c361899ad09acb.webp,null,null,null,null,null,null,null,null,null,null,null,null,null,null,null,null,null,null,null,1,100,5,500,0.5,null,Protector de borde de puerta,"Ayuda a proporcionar protección vertical a los bordes de las puertas contra golpes y pintura descascarada. El acero inoxidable recubierto con termoplástico está perfectamente combinado con el color de la pintura exterior. Ajuste por compresión a los contornos de las puertas. Probado contra temperaturas, clima e impactos.",null,null,null,"Protectores de bordes de puerta, negro metálico Midnight",door-edge-guards-midnight-black-metallic-toyota-pt936-47160-02-pt9364716002
PT9364716011,"Door Edge Guards, Magnetic Gray Metallic - Toyota (PT936-47160-11)",73.75,Toyota,Door Edge Guard,"Helps provide vertical door edge protection from dings and chipped paintThermoplastic-coated stainless steel is precisely matched to the exterior finishCompression-fitted to door edge contoursBlend seamlessly to complement exterior stylingTested for temperature, weather and impact to help prevent cracking, fading and peeling.",null,null,null,null,null,null,null,https://s3.amazonaws.com/rp-part-images/assets/038f24f4c04177cb480c8ad3cd08927a.webp,https://s3.amazonaws.com/rp-part-images/assets/10e99bb23a5bd7df26477f1b14458741.webp,https://s3.amazonaws.com/rp-part-images/assets/4874080a60174210d23495fe3a432882.webp,null,null,null,null,null,null,null,null,null,null,null,null,null,null,null,null,null,null,null,1,100,5,500,0.5,null,Protector de borde de puerta,"Ayuda a proporcionar protección vertical a los bordes de las puertas contra golpes y pintura descascarada. El acero inoxidable recubierto con termoplástico está perfectamente combinado con el color de la pintura exterior. Ajuste por compresión a los contornos de las puertas. Probado contra temperaturas, clima e impactos.",null,null,null,"Protectores de bordes de puerta, gris metálico Magnetic",door-edge-guards-magnetic-gray-metallic-toyota-pt936-47160-11-pt9364716011
PT9364820101,Door Edge Guards - Magnetic Gray Metallic - Toyota (PT936-48201-01),92.86,Toyota,Door Edge Guard,Help prevent door edge dings and chipped paint with this protective finishing touchThermoplastic-coated stainless steel is precisely matched to the exterior paint finishCompression-fitted to door edge contoursBlend seamlessly to complement exterior styling.,null,null,null,PT936-48200-01,null,null,null,https://s3.amazonaws.com/rp-part-images/assets/9d3a1b64a580ec49e56dc4f697536e4a.webp,null,null,null,null,null,null,null,null,null,null,null,null,null,null,null,null,null,null,null,null,null,1,100,5,500,0.5,null,Protector de borde de puerta,Ayuda a prevenir golpes y pintura descascarada en los bordes de las puertas con este toque protector. El acero inoxidable recubierto con termoplástico está perfectamente combinado con el color de la pintura exterior. Ajuste por compresión a los contornos de las puertas. Complementa el estilo exterior.,null,null,null,"Protectores de bordes de puerta, gris metálico Magnetic",door-edge-guards-magnetic-gray-metallic-toyota-pt936-48201-01-pt9364820101
PT9364820102,Door Edge Guards - Midnight Black Metallic - Toyota (PT936-48201-02),92.86,Toyota,Door Edge Guard,Help prevent door edge dings and chipped paint with this protective finishing touchThermoplastic-coated stainless steel is precisely matched to the exterior paint finishCompression-fitted to door edge contoursBlend seamlessly to complement exterior styling.,null,null,null,PT936-48200-02,null,null,null,https://s3.amazonaws.com/rp-part-images/assets/75c2496590afaf48b7fd17ac90bb3d9c.webp,null,null,null,null,null,null,null,null,null,null,null,null,null,null,null,null,null,null,null,null,null,1,100,5,500,0.5,null,Protector de borde de puerta,Ayuda a prevenir golpes y pintura descascarada en los bordes de las puertas con este toque protector. El acero inoxidable recubierto con termoplástico está perfectamente combinado con el color de la pintura exterior. Ajuste por compresión a los contornos de las puertas. Complementa el estilo exterior.,null,null,null,"Protectores de bordes de puerta, negro metálico Midnight",door-edge-guards-midnight-black-metallic-toyota-pt936-48201-02-pt9364820102
PT9364820121,Door Edge Guards - Moon Dust - Toyota (PT936-48201-21),92.86,Toyota,Door Edge Guard,Help prevent door edge dings and chipped paint with this protective finishing touchThermoplastic-coated stainless steel is precisely matched to the exterior paint finishCompression-fitted to door edge contoursBlend seamlessly to complement exterior styling.,null,null,null,PT936-48200-21,null,null,null,https://s3.amazonaws.com/rp-part-images/assets/2835552cb4527d43fa4f572e7a92165d.webp,null,null,null,null,null,null,null,null,null,null,null,null,null,null,null,null,null,null,null,null,null,1,100,5,500,0.5,null,Protector de borde de puerta,Ayuda a prevenir abolladuras y pintura desconchada en los bordes de las puertas con este toque de acabado protector. El acero inoxidable recubierto con termoplástico coincide con precisión con el acabado de pintura exterior. Se ajusta a los contornos de los bordes de las puertas y se integra perfectamente con el estilo exterior.,null,null,null,"Protectores de bordes de puerta, color Moon Dust",door-edge-guards-moon-dust-toyota-pt936-48201-21-pt9364820121
PT9360811009,"Door Edge Guards, Parisian Night Pearl - Toyota (PT936-08110-09)",36.72,Toyota,Door Edge Guard,Help prevent door edge dings and chipped paint with this protective finishing touch.Thermoplastic-coated stainless steel is precisely color matched to the exterior paintCompression-fitted to door edge contoursBlend seamlessly to complement exterior paint finish.,null,null,null,null,null,null,null,https://s3.amazonaws.com/rp-part-images/assets/bf3aeff1ad0b742d4773e4cddede42e4.webp,https://s3.amazonaws.com/rp-part-images/assets/224b6f4d0f781da2cecdf9e2ad4fa945.webp,https://s3.amazonaws.com/rp-part-images/assets/ac1c09e912cb2eb73f511665aae1050b.webp,null,null,null,null,null,null,null,null,null,null,null,null,null,null,null,null,null,null,null,1,100,5,500,0.5,null,Protector de borde de puerta,Ayuda a prevenir golpes y pintura descascarada en los bordes de las puertas con este toque protector. Acero inoxidable recubierto con termoplástico combinado con el acabado exterior. Ajuste por compresión a los contornos de los bordes de las puertas. Complementa perfectamente el estilo exterior del vehículo.,null,null,null,"Protectores de bordes de puerta, azul perlado Parisian Night",door-edge-guards-parisian-night-pearl-toyota-pt936-08110-09-pt9360811009
PT9360811011,"Door Edge Guards, Predawn Gray Mica - Toyota (PT936-08110-11)",36.72,Toyota,Door Edge Guard,"Help protect the vehicle’s vertical door edges from dings and paint chips with exclusive, body color-matched Genuine Toyota Door Edge Guards.",null,null,null,null,null,null,null,https://s3.amazonaws.com/rp-part-images/assets/138349f5f63e7b4b60b1a31a5bc93a35.webp,https://s3.amazonaws.com/rp-part-images/assets/936125889ae40de73cfb9b0c0f8ed87b.webp,https://s3.amazonaws.com/rp-part-images/assets/b96b53593b16711abc0d551d8b864e82.webp,null,null,null,null,null,null,null,null,null,null,null,null,null,null,null,null,null,null,null,1,100,5,500,0.5,null,Protector de borde de puerta,Ayuda a proteger los bordes verticales de las puertas del vehículo contra golpes y descascarado de pintura con los exclusivos protectores de bordes de puerta de Toyota. Coinciden con el color de fábrica del vehículo.,null,null,null,"Protectores de bordes de puerta, gris mica Predawn",door-edge-guards-predawn-gray-mica-toyota-pt936-08110-11-pt9360811011
PT9363422114,"Door Edge Guards, Orange - Toyota (PT936-34221-14)",92.86,Toyota,Tun Deg 4W5 Orange D,Help prevent door edge dings and chipped paint with this protective finishing touch.Thermoplastic-coated stainless steel is precisely matched to the exterior finishCompression-fitted to door edge contoursBlend seamlessly to complement exterior styling.,null,null,null,null,null,null,null,null,null,null,null,null,null,null,null,null,null,null,null,null,null,null,null,null,null,null,null,null,null,1,100,5,500,0.5,null,Tundra 4W5 Orange,Ayuda a prevenir golpes y pintura descascarada en los bordes de las puertas con este toque protector. El acero inoxidable recubierto con termoplástico está perfectamente combinado con el color de la pintura exterior. Ajuste por compresión a los contornos de las puertas. Complementa el estilo exterior.,null,null,null,"Protectores de bordes de puerta, naranja 4W5",door-edge-guards-orange-toyota-pt936-34221-14-pt9363422114
PT9364219003,"Door Edge Guards, Ruby Flare Pearl - Toyota (PT936-42190-03)",92.86,Toyota,Door Edge Guard,"Help preVent door edge dings and chipped paint with this protective Finishing touch. \
 Thermoplastic-coated stainless steel is precisely Color matched to the exterior paint \
 Compression-fitted to door edge contours \
 Blend seamlessly to complement exterior styling \
\
          \
          Fits Rav4 Color: Red MC. Color Code: 03T3 Number of Pieces: 4 Position: Door \
          \
          Help prevent door edge dings and chipped paint with this protective finishing touchThermoplastic-coated stainless steel is precisely matched to the exterior finishCompression-fitted to door edge contoursBlend+E5 sea+E5mlessly to complement exterior paint.",null,null,null,null,null,null,null,https://s3.amazonaws.com/rp-part-images/assets/83f9e6ad89d469f4637f6fea482fc8df.webp,https://s3.amazonaws.com/rp-part-images/assets/0c4f9979103b68ebe023e920d9a95f5b.webp,null,null,null,null,null,null,null,null,null,null,null,null,null,null,null,null,null,null,null,null,1,100,5,500,0.5,null,Protector de borde de puerta,Ayuda a prevenir golpes y pintura descascarada en los bordes de las puertas con este toque protector. El acero inoxidable recubierto con termoplástico está perfectamente combinado con el color de la pintura exterior. Ajuste por compresión a los contornos de las puertas. Complementa el estilo exterior.,null,null,null,"Protectores de bordes de puerta, rojo perla Ruby Flare",door-edge-guards-ruby-flare-pearl-toyota-pt936-42190-03-pt9364219003
PT9364219103,"Door Edge Guards, Ruby Flare Pearl - Toyota (PT936-42191-03)",92.86,Toyota,Door Edge Guard,Help prevent door edge dings and chipped paint with this protective finishing touchThermoplastic-coated stainless steel is precisely color matched to the exterior paintCompression-fitted to door edge contoursBlend seamlessly to complement exterior styling.,null,null,null,null,null,null,null,https://s3.amazonaws.com/rp-part-images/assets/7cd811cb5dbd3c4493b80d568b9cea77.webp,null,null,null,null,null,null,null,null,null,null,null,null,null,null,null,null,null,null,null,null,null,1,100,5,500,0.5,null,Protector de borde de puerta,Ayuda a prevenir golpes y pintura descascarada en los bordes de las puertas con este toque protector. El acero inoxidable recubierto con termoplástico está perfectamente combinado con el color de la pintura exterior. Ajuste por compresión a los contornos de las puertas. Complementa el estilo exterior.,null,null,null,"Protectores de bordes de puerta, rojo perla Ruby Flare",door-edge-guards-ruby-flare-pearl-toyota-pt936-42191-03-pt9364219103
PT9364820103,Door Edge Guards - Ruby Flare Pearl - Toyota (PT936-48201-03),92.86,Toyota,Door Edge Guard,Help prevent door edge dings and chipped paint with this protective finishing touchThermoplastic-coated stainless steel is precisely matched to the exterior paint finishCompression-fitted to door edge contoursBlend seamlessly to complement exterior styling.,null,null,null,PT936-48200-03,null,null,null,https://s3.amazonaws.com/rp-part-images/assets/6f5c76ddf9a98b3304c081209f8c931a.webp,null,null,null,null,null,null,null,null,null,null,null,null,null,null,null,null,null,null,null,null,null,1,100,5,500,0.5,null,Protector de borde de puerta,Ayuda a prevenir golpes y pintura descascarada en los bordes de las puertas con este toque protector. El acero inoxidable recubierto con termoplástico está perfectamente combinado con el color de la pintura exterior. Ajuste por compresión a los contornos de las puertas. Complementa el estilo exterior.,null,null,null,"Protectores de bordes de puerta, rojo perla Ruby Flare",door-edge-guards-ruby-flare-pearl-toyota-pt936-48201-03-pt9364820103
PT9360214011,"Door Edge Guards, Slate Metallic - Toyota (PT936-02140-11)",71.39,Toyota,Door Edge Guard,"Help protect your vehicle’s front door edges from dings and chipped paint with Genuine Toyota door edge guards. Engineered for a compressed-fit, they are formed from stainless steel and coated with color-matched thermoplastic designed to prevent cracking, fading and peeling..",null,null,null,null,null,null,null,https://s3.amazonaws.com/rp-part-images/assets/3dd74ac950f70c45b0f77e6fc3e91e40.webp,https://s3.amazonaws.com/rp-part-images/assets/30a7d4278649b791acc21cd7037d24e7.webp,https://s3.amazonaws.com/rp-part-images/assets/ae8fe614eb8ca7efa11a2528e880d832.webp,null,null,null,null,null,null,null,null,null,null,null,null,null,null,null,null,null,null,null,1,100,5,500,0.5,null,Protector de borde de puerta,"Protege los bordes de las puertas delanteras de tu vehículo contra golpes y pintura descascarada con protectores de bordes de puerta de Toyota. Diseñados con ajuste por compresión, hechos de acero inoxidable recubierto con termoplástico del color del vehículo para prevenir grietas, desvanecimientos y peladuras.",null,null,null,"Protectores de bordes de puerta, gris metálico Slate",door-edge-guards-slate-metallic-toyota-pt936-02140-11-pt9360214011
PT9360811003,"Door Edge Guards, Salsa Red Pearl - Toyota (PT936-08110-03)",36.72,Toyota,Door Edge Guard,"Help protect the vehicle’s vertical door edges from dings and paint chips with exclusive, body color-matched Genuine Toyota Door Edge Guards.",null,null,null,null,null,null,null,https://s3.amazonaws.com/rp-part-images/assets/bf7178af821395649bd7cf17ae181ccc.webp,https://s3.amazonaws.com/rp-part-images/assets/ff1e80298c0bfddf5c7351d5d421f587.webp,https://s3.amazonaws.com/rp-part-images/assets/9d85f6ab0f558e30bd4b4c373434ddb8.webp,null,null,null,null,null,null,null,null,null,null,null,null,null,null,null,null,null,null,null,1,100,5,500,0.5,null,Protector de borde de puerta,Ayuda a proteger los bordes verticales de las puertas del vehículo contra golpes y descascarado de pintura con los exclusivos protectores de bordes de puerta de Toyota. Coinciden con el color de fábrica del vehículo.,null,null,null,"Protectores de bordes de puerta, rojo perlado Salsa",door-edge-guards-salsa-red-pearl-toyota-pt936-08110-03-pt9360811003
PT9364213024,"Door Edge Guards, Silver Sky Metallic - Toyota (PT936-42130-24)",73.71,Toyota,Door Edge Guard,Help prevent door edge dings and chipped paint with this protective finishing touch.Thermoplastic-coated stainless steel is precisely matched to the exterior finishCompression-fitted to door edge contoursBlends seamlessly to complement exterior styling.,null,null,null,null,null,null,null,https://s3.amazonaws.com/rp-part-images/assets/a9df861afcb76ab03e639956bfe8c231.webp,https://s3.amazonaws.com/rp-part-images/assets/610de11efa589d14f3c8dacd641d1c6e.webp,https://s3.amazonaws.com/rp-part-images/assets/38360243c10b838ac204fa79a39eb8f5.webp,https://s3.amazonaws.com/rp-part-images/assets/455abd278f21642d2b97b18cba06da10.webp,null,null,null,null,null,null,null,null,null,null,null,null,null,null,null,null,null,null,1,100,5,500,0.5,null,Protector de borde de puerta,Ayuda a prevenir golpes y pintura descascarada en los bordes de las puertas con este toque protector. El acero inoxidable recubierto con termoplástico está perfectamente combinado con el color de la pintura exterior. Ajuste por compresión a los contornos de las puertas. Complementa el estilo exterior.,null,null,null,"Protectores de bordes de puerta, plata metálica Silver Sky",door-edge-guards-silver-sky-metallic-toyota-pt936-42130-24-pt9364213024
PT9364716007,"Door Edge Guards, Sea Glass Pearl - Toyota (PT936-47160-07)",73.75,Toyota,Door Edge Guard,"Helps provide vertical door edge protection from dings and chipped paintThermoplastic-coated stainless steel is precisely matched to the exterior finishCompression-fitted to door edge contoursBlend seamlessly to complement exterior stylingTested for temperature, weather and impact to help prevent cracking, fading and peeling.",null,null,null,null,null,null,null,https://s3.amazonaws.com/rp-part-images/assets/bc7af1a6e24a98dab9a1c83e53c1bfd3.webp,null,null,null,null,null,null,null,null,null,null,null,null,null,null,null,null,null,null,null,null,null,1,100,5,500,0.5,null,Protector de borde de puerta,"Ayuda a proporcionar protección vertical a los bordes de las puertas contra golpes y pintura descascarada. El acero inoxidable recubierto con termoplástico está perfectamente combinado con el color de la pintura exterior. Ajuste por compresión a los contornos de las puertas. Probado contra temperaturas, clima e impactos.",null,null,null,"Protectores de bordes de puerta, verde perlado Sea Glass",door-edge-guards-sea-glass-pearl-toyota-pt936-47160-07-pt9364716007
PT9360811005,"Door Edge Guards, Toasted Walnut Pearl - Toyota (PT936-08110-05)",36.72,Toyota,Door Edge Guard,Help prevent door edge dings and chipped paint with this protective finishing touchThermoplastic-coated stainless steel is precisely color matched to the exterior paintCompression-fitted to door edge contoursBlend seamlessly to complement exterior paint finish.,null,null,null,null,null,null,null,https://s3.amazonaws.com/rp-part-images/assets/c3cc7b9d3fbbd6affcc575f1099aae61.webp,https://s3.amazonaws.com/rp-part-images/assets/49fd07a2186f6b40a9c6cf4b8193ecb0.webp,https://s3.amazonaws.com/rp-part-images/assets/d94fc04e8e959d0fa7dc8a0fdfecd3d8.webp,null,null,null,null,null,null,null,null,null,null,null,null,null,null,null,null,null,null,null,1,100,5,500,0.5,null,Protector de borde de puerta,Ayuda a prevenir golpes y pintura descascarada en los bordes de las puertas con este toque protector. Acero inoxidable recubierto con termoplástico combinado con el acabado exterior. Ajuste por compresión a los contornos de los bordes de las puertas. Complementa perfectamente el estilo exterior del vehículo.,null,null,null,"Protectores de bordes de puerta, marrón perlado Toasted Walnut",door-edge-guards-toasted-walnut-pearl-toyota-pt936-08110-05-pt9360811005
PT9360811010,"Door Edge Guards, Super White - Toyota (PT936-08110-10)",36.72,Toyota,Door Edge Guard,"Help protect the vehicle’s vertical door edges from dings and paint chips with exclusive, body color-matched Genuine Toyota Door Edge Guards.",null,null,null,null,null,null,null,https://s3.amazonaws.com/rp-part-images/assets/defb1ae62360791a79685d8455f8f391.webp,https://s3.amazonaws.com/rp-part-images/assets/3d1264ca5c4ff0e395634d280c5533b2.webp,https://s3.amazonaws.com/rp-part-images/assets/de3cbb2b931f6a5a82bc716802a02989.webp,null,null,null,null,null,null,null,null,null,null,null,null,null,null,null,null,null,null,null,1,100,5,500,0.5,null,Protector de borde de puerta,Ayuda a proteger los bordes verticales de las puertas del vehículo contra golpes y descascarado de pintura con los exclusivos protectores de bordes de puerta de Toyota. Coinciden con el color de fábrica del vehículo.,null,null,null,"Protectores de bordes de puerta, blanco Super White",door-edge-guards-super-white-toyota-pt936-08110-10-pt9360811010
PT9361622003,Door Edge Guards - Toyota (PT936-16220-03),89.50,Toyota,Cor Crs Deg 3R3 Red,Help prevent door edge dings and chipped paint with this protective finishing touchThermoplastic-coated stainless steel is precisely color matched to the exterior paint Compression-fitted to door edge contours Blend seamlessly to complement exterior styling.,null,null,null,null,null,null,null,https://s3.amazonaws.com/rp-part-images/assets/95c709ac20ba2cbcf5ac46c57d2c4c6b.webp,null,null,null,null,null,null,null,null,null,null,null,null,null,null,null,null,null,null,null,null,null,1,100,5,500,0.5,null,Protector de borde Corolla 3R3 Rojo,Ayuda a prevenir golpes y pintura descascarada en los bordes de las puertas con este toque protector. Acero inoxidable recubierto con termoplástico combinado con el acabado exterior. Ajuste por compresión a los contornos de los bordes de las puertas. Complementa perfectamente el estilo exterior del vehículo.,null,null,null,"Protectores de bordes de puerta, rojo 3R3",door-edge-guards-toyota-pt936-16220-03-pt9361622003
PT9364219000,"Door Edge Guards, Super White - Toyota (PT936-42190-00)",92.86,Toyota,Door Edge Guard,"Help preVent door edge dings and chipped paint with this protective Finishing touch.\
 Thermoplastic-coated stainless steel is precisely Color matched to the exterior paint\
 Compression-fitted to door edge contours\
 Blend seamlessly to complement exterior styling\
\
          \
          Fits Rav4 , RAV4 PrimeColor: Super White 2 Color Code: 0040 Number of Pieces: 4 Position: Door \
          \
          Help prevent door edge dings and chipped paint with this protective finishing touchThermoplastic-coated stainless steel is precisely color matched to the exterior paintCompression-fitted to door edge contoursBlend seamlessly to complement exterior styling.",null,null,null,null,null,null,null,https://s3.amazonaws.com/rp-part-images/assets/ee8d3312529508106f34da9fe8314799.webp,null,null,null,null,null,null,null,null,null,null,null,null,null,null,null,null,null,null,null,null,null,1,100,5,500,0.5,null,Protector de borde de puerta,Ayuda a prevenir golpes y pintura descascarada en los bordes de las puertas con este toque protector. El acero inoxidable recubierto con termoplástico está perfectamente combinado con el color de la pintura exterior. Ajuste por compresión a los contornos de las puertas. Complementa el estilo exterior. Incluye 4 piezas para las puertas del conductor y pasajero.,null,null,null,"Protectores de bordes de puerta, blanco Super White",door-edge-guards-super-white-toyota-pt936-42190-00-pt9364219000
PT9364219100,"Door Edge Guards, Super White - Toyota (PT936-42191-00)",92.86,Toyota,Door Edge Guard,Help prevent door edge dings and chipped paint with this protective finishing touchThermoplastic-coated stainless steel is precisely color-matched to the exterior paintDoor edge guards have been optimized for more protection Blend seamlessly to complement the exterior styling.,null,null,null,null,null,null,null,https://s3.amazonaws.com/rp-part-images/assets/75d5b0c2c7928413cfac147788390959.webp,null,null,null,null,null,null,null,null,null,null,null,null,null,null,null,null,null,null,null,null,null,1,100,5,500,0.5,null,Protector de borde de puerta,Ayuda a prevenir golpes y pintura descascarada en los bordes de las puertas con este toque protector. El acero inoxidable recubierto con termoplástico está perfectamente combinado con el color de la pintura exterior. Los protectores de bordes de puerta han sido optimizados para mayor protección. Complementan perfectamente el estilo exterior.,null,null,null,"Protectores de bordes de puerta, blanco Super White",door-edge-guards-super-white-toyota-pt936-42191-00-pt9364219100
PT9361622010,Door Edge Guards - Toyota (PT936-16220-10),92.86,Toyota,Cor Crs Deg 089 Wd C,Help prevent door edge dings and chipped paint with this protective finishing touchThermoplastic-coated stainless steel is precisely color matched to the exterior paint Compression-fitted to door edge contours Blend seamlessly to complement exterior styling.,null,null,null,null,null,null,null,https://s3.amazonaws.com/rp-part-images/assets/8369fb7351bed10b7f2f2aa1f07c2fc4.webp,null,null,null,null,null,null,null,null,null,null,null,null,null,null,null,null,null,null,null,null,null,1,100,5,500,0.5,null,Protector de borde Corolla 089 Blanco,Ayuda a prevenir golpes y pintura descascarada en los bordes de las puertas con este toque protector. El acero inoxidable recubierto con termoplástico está perfectamente combinado con el color de la pintura exterior. Ajuste por compresión a los contornos de los bordes de las puertas. Se integra perfectamente con el estilo exterior.,null,null,null,"Protectores de bordes de puerta, blanco Wind Chill",door-edge-guards-toyota-pt936-16220-10-pt9361622010
PT9361622011,Door Edge Guards - Toyota (PT936-16220-11),92.86,Toyota,Cor Crs Deg 1K3 Cele,Help prevent door edge dings and chipped paint with this protective finishing touchThermoplastic-coated stainless steel is precisely color matched to the exterior paint Compression-fitted to door edge contours Blend seamlessly to complement exterior styling.,null,null,null,null,null,null,null,https://s3.amazonaws.com/rp-part-images/assets/dd204957da7c79cf8b8c7b70474faf0c.webp,null,null,null,null,null,null,null,null,null,null,null,null,null,null,null,null,null,null,null,null,null,1,100,5,500,0.5,null,Protector de borde Corolla 1K3 Gris,Ayuda a prevenir golpes y pintura descascarada en los bordes de las puertas con este toque protector. El acero inoxidable recubierto con termoplástico está perfectamente combinado con el color de la pintura exterior. Ajuste por compresión a los contornos de los bordes de las puertas. Se integra perfectamente con el estilo exterior.,null,null,null,"Protectores de bordes de puerta, gris Celestite",door-edge-guards-toyota-pt936-16220-11-pt9361622011
PT9361622020,Door Edge Guards - Toyota (PT936-16220-20),92.86,Toyota,Cor Crs Deg D10 Silver,Help prevent door edge dings and chipped paint with this protective finishing touchThermoplastic-coated stainless steel is precisely color matched to the exterior paint Compression-fitted to door edge contours Blend seamlessly to complement exterior styling.,null,null,null,null,null,null,null,https://s3.amazonaws.com/rp-part-images/assets/45ca6405b09ef3900589996f64674bf9.webp,null,null,null,null,null,null,null,null,null,null,null,null,null,null,null,null,null,null,null,null,null,1,100,5,500,0.5,null,Protector de borde Corolla D10 Plata,Ayuda a prevenir golpes y pintura descascarada en los bordes de las puertas con este toque protector. El acero inoxidable recubierto con termoplástico está perfectamente combinado con el color de la pintura exterior. Ajuste por compresión a los contornos de los bordes de las puertas. Se integra perfectamente con el estilo exterior.,null,null,null,"Protectores de bordes de puerta, plata D10",door-edge-guards-toyota-pt936-16220-20-pt9361622020
PT9361622021,Door Edge Guards - Toyota (PT936-16220-21),92.86,Toyota,Cor Crs Deg D11 Blac,Help prevent door edge dings and chipped paint with this protective finishing touchThermoplastic-coated stainless steel is precisely color matched to the exterior paint Compression-fitted to door edge contours Blend seamlessly to complement exterior styling.,null,null,null,null,null,null,null,https://s3.amazonaws.com/rp-part-images/assets/64b95d3b1da2cd49cce8ef5c1e83c13d.webp,null,null,null,null,null,null,null,null,null,null,null,null,null,null,null,null,null,null,null,null,null,1,100,5,500,0.5,null,Protector de borde Corolla D11 Negro,Ayuda a prevenir golpes y pintura descascarada en los bordes de las puertas con este toque protector. El acero inoxidable recubierto con termoplástico está perfectamente combinado con el color de la pintura exterior. Ajuste por compresión a los contornos de los bordes de las puertas. Se integra perfectamente con el estilo exterior.,null,null,null,"Protectores de bordes de puerta, negro D11",door-edge-guards-toyota-pt936-16220-21-pt9361622021
PT9363524101,Door Edge Guards - Toyota (PT936-35241-01),92.86,Toyota,Deg Taco 1L7 D Cab,Help prevent door edge dings and chipped paint with this protective finishing touch. Thermoplastic-coated stainless steel is precisely matched to the exterior finish Compression-fitted to door edge contours Blend seamlessly to complement exterior styling .,null,null,null,null,null,null,null,https://s3.amazonaws.com/rp-part-images/assets/ee18691299867ad5da063be84bfdf4bd.webp,null,null,null,null,null,null,null,null,null,null,null,null,null,null,null,null,null,null,null,null,null,1,100,5,500,0.5,null,Deg Tacoma 1L7 D Cab,Ayuda a prevenir golpes y pintura descascarada en los bordes de las puertas con este toque protector. El acero inoxidable recubierto con termoplástico está perfectamente combinado con el color de la pintura exterior. Ajuste por compresión a los contornos de las puertas. Complementa el estilo exterior.,null,null,null,"Protectores de bordes de puerta, color 1L7",door-edge-guards-toyota-pt936-35241-01-pt9363524101
PT9363524102,Door Edge Guards - Toyota (PT936-35241-02),92.86,Toyota,Deg Taco 202 Black D,Help prevent door edge dings and chipped paint with this protective finishing touch. Thermoplastic-coated stainless steel is precisely matched to the exterior finish Compression-fitted to door edge contours Blend seamlessly to complement exterior styling .,null,null,null,null,null,null,null,https://s3.amazonaws.com/rp-part-images/assets/348242044d44beaa062afc8e11653d4b.webp,null,null,null,null,null,null,null,null,null,null,null,null,null,null,null,null,null,null,null,null,null,1,100,5,500,0.5,null,Deg Tacoma 202 Black,Ayuda a prevenir golpes y pintura descascarada en los bordes de las puertas con este toque protector. El acero inoxidable recubierto con termoplástico está perfectamente combinado con el color de la pintura exterior. Ajuste por compresión a los contornos de las puertas. Complementa el estilo exterior.,null,null,null,"Protectores de bordes de puerta, color 202",door-edge-guards-toyota-pt936-35241-02-pt9363524102
PT9363524103,Door Edge Guards - Toyota (PT936-35241-03),92.86,Toyota,Deg Taco 3U5 Red D C,Help prevent door edge dings and chipped paint with this protective finishing touch. Thermoplastic-coated stainless steel is precisely matched to the exterior finish Compression-fitted to door edge contours Blend seamlessly to complement exterior styling .,null,null,null,null,null,null,null,https://s3.amazonaws.com/rp-part-images/assets/38cc8c310111c58ccb00af9f7a372f39.webp,null,null,null,null,null,null,null,null,null,null,null,null,null,null,null,null,null,null,null,null,null,1,100,5,500,0.5,null,Deg Tacoma 3U5 Red,Ayuda a prevenir golpes y pintura descascarada en los bordes de las puertas con este toque protector. El acero inoxidable recubierto con termoplástico está perfectamente combinado con el color de la pintura exterior. Ajuste por compresión a los contornos de las puertas. Complementa el estilo exterior.,null,null,null,"Protectores de bordes de puerta, rojo 3U5",door-edge-guards-toyota-pt936-35241-03-pt9363524103
PT9363524110,Door Edge Guards - Toyota (PT936-35241-10),92.86,Toyota,Deg Taco 040 White D,Help prevent door edge dings and chipped paint with this protective finishing touch. Thermoplastic-coated stainless steel is precisely matched to the exterior finish Compression-fitted to door edge contours Blend seamlessly to complement exterior styling .,null,null,null,null,null,null,null,https://s3.amazonaws.com/rp-part-images/assets/e6ce88e4a76149edf3c95d5cebd8bc2f.webp,null,null,null,null,null,null,null,null,null,null,null,null,null,null,null,null,null,null,null,null,null,1,100,5,500,0.5,null,Deg Tacoma 040 White,Ayuda a prevenir golpes y pintura descascarada en los bordes de las puertas con este toque protector. El acero inoxidable recubierto con termoplástico está perfectamente combinado con el color de la pintura exterior. Ajuste por compresión a los contornos de las puertas. Complementa el estilo exterior.,null,null,null,"Protectores de bordes de puerta, blanco 040",door-edge-guards-toyota-pt936-35241-10-pt9363524110
PT9363524111,Door Edge Guards - Toyota (PT936-35241-11),92.86,Toyota,Deg Taco 1J9 Silver,Help prevent door edge dings and chipped paint with this protective finishing touch. Thermoplastic-coated stainless steel is precisely matched to the exterior finish Compression-fitted to door edge contours Blend seamlessly to complement exterior styling .,null,null,null,null,null,null,null,https://s3.amazonaws.com/rp-part-images/assets/402334b99fd928a876b221b24b864f60.webp,null,null,null,null,null,null,null,null,null,null,null,null,null,null,null,null,null,null,null,null,null,1,100,5,500,0.5,null,Deg Tacoma 1J9 Silver,Ayuda a prevenir golpes y pintura descascarada en los bordes de las puertas con este toque protector. El acero inoxidable recubierto con termoplástico está perfectamente combinado con el color de la pintura exterior. Ajuste por compresión a los contornos de las puertas. Complementa el estilo exterior.,null,null,null,"Protectores de bordes de puerta, plata 1J9",door-edge-guards-toyota-pt936-35241-11-pt9363524111
PT9364723008,Door Edge Guards - Toyota (PT936-47230-08),92.86,Toyota,Prius Deg 8Q4 Dark Blu,Help prevent door edge dings and chipped paint with this protective finishing touch.Thermoplastic-coated stainless steel is precisely color matched to the exterior paintCompression-fitted to door edge contoursBlend seamlessly to complement exterior styling.,null,null,null,null,null,null,null,https://s3.amazonaws.com/rp-part-images/assets/e903a33d5f7d0ab1e3398d47a38c7d0f.webp,null,null,null,null,null,null,null,null,null,null,null,null,null,null,null,null,null,null,null,null,null,1,100,5,500,0.5,null,Prius Dark Blue,Ayuda a prevenir golpes y pintura descascarada en los bordes de las puertas con este toque protector. El acero inoxidable recubierto con termoplástico está perfectamente combinado con el color de la pintura exterior. Ajuste por compresión a los contornos de las puertas. Complementa el estilo exterior.,null,null,null,"Protectores de bordes de puerta, azul oscuro 8Q4",door-edge-guards-toyota-pt936-47230-08-pt9364723008
PT9364820110,Door Edge Guards - Wind Chill Pearl - Toyota (PT936-48201-10),92.86,Toyota,Handler Deg 089 Wd Ch P,Help prevent door edge dings and chipped paint with this protective finishing touchThermoplastic-coated stainless steel is precisely matched to the exterior paint finishCompression-fitted to door edge contoursBlend seamlessly to complement exterior styling.,null,null,null,null,null,null,null,https://s3.amazonaws.com/rp-part-images/assets/c8f6b7d93e032f94594bef2a6bb1f430.webp,null,null,null,null,null,null,null,null,null,null,null,null,null,null,null,null,null,null,null,null,null,1,100,5,500,0.5,null,Handler protector de borde 089 blanco Wind Chill,Ayuda a prevenir abolladuras y pintura desconchada en los bordes de las puertas con este toque de acabado protector. El acero inoxidable recubierto con termoplástico coincide con precisión con el acabado de pintura exterior. Se ajusta a los contornos de los bordes de las puertas y se integra perfectamente con el estilo exterior.,null,null,null,"Protectores de bordes de puerta, color Wind Chill Pearl",door-edge-guards-wind-chill-pearl-toyota-pt936-48201-10-pt9364820110
PT9384213012,Door Molding - Toyota (PT938-42130-12),null,Toyota,"Molding, Body Side, Galactic Aqua Mica","The two-tone design features vehicle exterior color with Piano Black accent. Help protect against careless door swings, runaway shopping carts and other parking lot mishaps.",null,null,null,null,null,null,null,https://s3.amazonaws.com/rp-part-images/assets/a93247439c1bccc3f690bc20252332c5.webp,https://s3.amazonaws.com/rp-part-images/assets/27f9ba18106e78fd248cadc2e8ae2cdc.webp,null,null,null,null,null,null,null,null,null,null,null,null,null,null,null,null,null,null,null,null,2,120,4,960,1,null,"Moldura lateral, Galactic Aqua Mica","El diseño bicolor incluye el color exterior del vehículo con un acento en Piano Black. Ayuda a proteger contra golpes descuidados de puertas, carritos de compras descontrolados y otros percances en estacionamientos.",null,null,null,"Moldura de puerta, azul mica Galactic Aqua",door-molding-toyota-pt938-42130-12-pt9384213012
PT9384213013,Door Molding - Toyota (PT938-42130-13),null,Toyota,"Molding, Body Side, Ruby Flare Pearl","Color-matched body side moldings help protect against careless door swings, runaway shopping carts and other parking-lot mishaps while adding a little extra exterior style.",null,null,null,null,null,null,null,https://s3.amazonaws.com/rp-part-images/assets/44c3d252d419abf5b97622999a542a3c.webp,https://s3.amazonaws.com/rp-part-images/assets/24427b9b98ae550717636a526c411c6d.webp,null,null,null,null,null,null,null,null,null,null,null,null,null,null,null,null,null,null,null,null,2,120,4,960,1,null,"Moldura lateral, Ruby Flare Pearl","Las molduras laterales combinadas en color ayudan a proteger contra golpes descuidados de puertas, carritos de compras descontrolados y otros percances en estacionamientos, mientras añaden un toque extra de estilo al exterior.",null,null,null,"Moldura de puerta, rojo perla Ruby Flare",door-molding-toyota-pt938-42130-13-pt9384213013
PT9384213021,Door Molding - Toyota (PT938-42130-21),null,Toyota,"Molding, Body Side, Silver Sky Metallic","Helps provide exterior door protection from scratches, dents and chippingColor-matched to the factory paint of the vehicleSet of four.",null,null,null,null,null,null,null,https://s3.amazonaws.com/rp-part-images/assets/d7cacd898268ef6688271acbe32dde52.webp,https://s3.amazonaws.com/rp-part-images/assets/94c19e8aebbb50f5448c78d0f3940c40.webp,null,null,null,null,null,null,null,null,null,null,null,null,null,null,null,null,null,null,null,null,2,120,4,960,1,null,"Moldura lateral, Silver Sky Metallic","Ayuda a proteger las puertas exteriores contra rayones, abolladuras y desconchaduras de pintura. Combinadas con el color de fábrica del vehículo. Juego de cuatro piezas.",null,null,null,"Moldura de puerta, plata Silver Sky",door-molding-toyota-pt938-42130-21-pt9384213021
PT9080C23020,Floor Mats - All Weather - Black - Toyota (PT908-0C230-20),172.30,Toyota,Seq Awfl Black,"Engineered to precisely fit your vehicle, all-weather floor liners are made from durable, flexible, weather-resistant material that cleans easily. Precise injection molding uses Toyotas original vehicle design data for a perfect fit. Liners feature ribbed channels to better hold moisture and a stylish vehicle logo. Skid-resistant backing and driver-side quarter-turn fasteners help keep the liners in place.",null,null,null,null,null,null,null,https://s3.amazonaws.com/rp-part-images/assets/d60a377e9bb686379b9180bfc50c6292.webp,null,null,null,null,null,null,null,null,null,null,null,null,null,null,null,null,null,null,null,null,null,2,100,70,14000,3,null,Seq Awfl negro,null,null,null,null,"Tapetes de piso, todo clima, negros Sequoia",floor-mats-all-weather-black-toyota-pt908-0c230-20-pt9080c23020
PT41347230,Door Sill Protector - Toyota (PT413-47230),162.23,Toyota,Prs Ds Enh Stnstl,"Door sill protectors help guard against interior door scuffs, scrapes and scratches.Premium polished finish adds durability and styleFeatures a Prius logo for a customized look.",null,null,null,null,null,null,null,https://s3.amazonaws.com/rp-part-images/assets/372fd6fc09080cfaf28db27715583d5a.webp,null,null,null,null,null,null,null,null,null,null,null,null,null,null,null,null,null,null,null,null,null,5,70,2,700,0.3,null,Prius protector de umbral en acero inoxidable,"Los protectores de umbral de puerta ayudan a proteger contra rayones y desgaste. Su acabado pulido premium añade durabilidad y estilo, mientras que el logotipo de Prius añade un toque personalizado.",null,null,null,Protector de umbral de puerta,door-sill-protector-toyota-pt413-47230-pt41347230
PT74742130,"Door Sill Protectors, Set Of Four - Toyota (PT747-42130)",29.51,Toyota,Door Sill Plate,"The easy-to-install door sill appliqu? helps keep your RAV4 looking like new. \
 Helps preVent door sill scuffs and scratches \
 Features a stylish weave pattern \
\
          \
          Fits Rav4 Color: Black Logo Type: Raised Material: PVC Film Number of Pieces: 4 \
          \
          The vehicle door sill appliqué adds a sporty touch that complements the vehicle interior appearance. With its carbon fiber-style pattern, it also helps to protect the vehicle's interior from everyday scuffs and scratches..",null,null,null,null,null,null,null,https://s3.amazonaws.com/rp-part-images/assets/b6363647fa0aac4106091c894d92ab45.webp,https://s3.amazonaws.com/rp-part-images/assets/b47c07b6fbc96745dc68acd0386d600c.webp,https://s3.amazonaws.com/rp-part-images/assets/70c248f2538a83eea566e399436e2c64.webp,null,null,null,null,null,null,null,null,null,null,null,null,null,null,null,null,null,null,null,5,70,2,700,0.3,null,Placa de umbral de puerta,"La aplicación protectora para el umbral de la puerta agrega un toque deportivo que complementa el diseño interior del RAV4. Con su patrón de fibra de carbono, también protege contra rayones diarios.",null,null,null,"Protectores de umbral de puerta, juego de 4",door-sill-protectors-set-of-four-toyota-pt747-42130-pt74742130
PU06042141P1,Door Sill Enhancements - Toyota (PU060-42141-P1),121.13,Toyota,Door Sill Plate,"Helps preVent door sill scuffs and scratches with these easy to install door sill protectors. ?Featuring a brushed aluminum overlay with polished accents that are both stylish and protective.?\
          \
          Fits Rav4 Logo: With Logo Material: Stainless Steel And Plastic Number of Pieces: 4 Position: Front and Rear \
          \
          Featuring a brushed aluminum overlay with polished accentsHelps protect door sills from unsightly scuffs and scratches during vehicle entry and exitSimple installation includes self-adhesive backingSet of four.",null,null,null,null,null,null,null,https://s3.amazonaws.com/rp-part-images/assets/40b28f39d06278572636f3a3495cd191.webp,https://s3.amazonaws.com/rp-part-images/assets/4b74659c43e305f87d03fb54b659a02e.webp,null,null,null,null,null,null,null,null,null,null,null,null,null,null,null,null,null,null,null,null,1,80,8,640,0.7,null,Door Sill Plate,"Ayuda a prevenir raspaduras y arañazos en los umbrales de las puertas con estos protectores fáciles de instalar.\
 Incluyen un diseño cepillado de aluminio con detalles pulidos, tanto estilizados como protectores.\
 El juego incluye cuatro piezas autoadhesivas.",null,null,null,Mejoras de umbral de puerta,door-sill-enhancements-toyota-pu060-42141-p1-pu06042141p1
PK38242K01,Door Sill Protectors - Toyota (PK382-42K01),111.88,Toyota,Door Sill Strip,"Door sill protectors help guard against Interior door scuffs, scrapes and scratches. Etched aluminum Finish adds durability and style. Features a RAV4 Logo for a customized look. Includes Drivers and passenger sides - 4 pieces \
          \
          Fits Rav4 , RAV4 PrimeMaterial: Stainless Steel And Plastic Number of Pieces: 4 Position: Driver Side and Passenger Side \
          \
          Features a RAV4 logo for a customized look.",null,null,null,null,null,null,null,https://s3.amazonaws.com/rp-part-images/assets/a5fa2a6f0d64706e970d1830a1b46490.webp,null,null,null,null,null,null,null,null,null,null,null,null,null,null,null,null,null,null,null,null,null,2,50,10,1000,0.8,null,Tira protectora de umbral de puerta,Protectores de umbral de puerta; protegen contra rasguños y desgaste. Acabado en aluminio con logo RAV4 para un estilo personalizado.. Incluye 4 piezas: conductor y pasajero.,null,null,null,Protectores de umbral de puerta,door-sill-protectors-toyota-pk382-42k01-pk38242k01
PT41316220,Door Sill Protectors - Toyota (PT413-16220),117.47,Toyota,Cor Crs Dspt Stn Stl,"Door sill protectors help guard against interior door scuffs, scrapes and scratchesPolished finish adds durability and styleFeatures a Corolla Cross logo for a customized look Added protection when entering and exiting your vehicle.",null,null,null,null,null,null,null,https://s3.amazonaws.com/rp-part-images/assets/05ff80ca316ac6886d8cd4313e865d61.webp,null,null,null,null,null,null,null,null,null,null,null,null,null,null,null,null,null,null,null,null,null,5,70,2,700,0.3,null,Protectores de umbral Corolla Cross acero inoxidable,"Los protectores de umbral de puerta ofrecen protección adicional al entrar o salir del vehículo. Su acabado pulido añade estilo y durabilidad, mientras que el logotipo de Corolla Cross brinda un toque personalizado.",null,null,null,Protectores de umbral de puerta,door-sill-protectors-toyota-pt413-16220-pt41316220
PT7470821002,Door Sill Protectors - Toyota (PT747-08210-02),55.94,Toyota,Sien Dappl 2P,"Door sill protectors help guard against interior door scuffs, scrapes and scratches.Made of durable, skid-resistant materialsFeatures a Sienna logo for a customized look.",null,null,null,null,null,null,null,https://s3.amazonaws.com/rp-part-images/assets/46a22cd2e318044edeafe5426a30817f.webp,https://s3.amazonaws.com/rp-part-images/assets/310e131631de4edda8f19bef9a97ee33.webp,null,null,null,null,null,null,null,null,null,null,null,null,null,null,null,null,null,null,null,null,5,70,2,700,0.3,null,Umbral Sienna (2 piezas),"Los protectores de umbral de puerta ayudan a evitar rayones y desgaste en el interior. Hechos de materiales duraderos y antideslizantes, presentan un logotipo de Sienna para un estilo personalizado.",null,null,null,Protectores de umbral de puerta,door-sill-protectors-toyota-pt747-08210-02-pt7470821002
PT94448200,"Door Sills, Illuminated - Toyota (PT944-48200)",201.38,Toyota,Door Sill Strip,Highlander LED logo illuminates icy white when the front doors are open to help with entry into your HighlanderDurable corrosion-resistant finish features brushed polished accentsThis smart and stylish addition helps prevent door sill scuffs and scrapes.,null,null,null,null,null,null,null,https://s3.amazonaws.com/rp-part-images/assets/97263c843164e1a353b634c9e28e0b92.webp,null,null,null,null,null,null,null,null,null,null,null,null,null,null,null,null,null,null,null,null,null,1,80,8,640,0.7,null,Door Sill Strip,"El logotipo LED de Highlander se ilumina en blanco helado cuando se abren las puertas delanteras, ayudando a entrar en tu Highlander. El acabado duradero y resistente a la corrosión cuenta con detalles cepillados y pulidos. Este complemento inteligente y elegante ayuda a prevenir raspaduras y arañazos en los umbrales de las puertas.",null,null,null,Umbrales de puerta iluminados,door-sills-illuminated-toyota-pt944-48200-pt94448200
PK38942K01TP,"Splash Guards, Adventure - Toyota (PK389-42K01-TP)",83.91,Toyota,Mud Guard Set,Help protect the paint finish from road debris and the damage it causesDesigned to integrate with exterior stylingSet includes four mudguards.,null,"Front, Rear",null,null,null,null,null,https://s3.amazonaws.com/rp-part-images/assets/03fe0ebae6852a565a8aeba0dd4b75be.webp,null,null,null,null,null,null,null,null,null,null,null,null,null,null,null,null,null,null,null,null,null,5,30,20,3000,0.6,null,Juego de salpicaderas,Protege la pintura contra desechos del camino. Incluye 4 guardafangos.. Guardafangos completos.,null,null,null,"Guardabarros, versión Adventure",splash-guards-adventure-toyota-pk389-42k01-tp-pk38942k01tp
PT9084221002,Cargo Tray - Toyota (PT908-42210-02),100.69,Toyota,Trunk Mat,"The tough, flexible cargo liner allows you to carry a wide variety of items and helps protect your cargo area carpeting. \
 Made of durable, easy-to-Clean Material, embossed with a RAV4 Logo \
 Skid-resistant surface helps secure items in place \
 Molded perimeter lip helps contain spills \
 Advanced design helps protect the cargo area and the rear seatback \
\
          \
          Fits Rav4 Color: Black Logo: Rav4  Cargo and load capacity are limited by weight and distribution. Always properly secure cargo and cargo area.\
\
          \
          The tough, flexible cargo liner allows you to carry a wide variety of items and helps protect your cargo area carpetingMade of durable, easy-to-clean material, embossed with a RAV4 logoSkid-resistant surface helps secure items in placeMolded perimeter lip helps contain spillsAdvanced design helps protect the cargo area and the rear seatback.",null,null,null,"PT908-42195-02, PT908-42196-02",null,null,null,https://s3.amazonaws.com/rp-part-images/assets/ac698d1bedb59d4deb1c221e2367b465.gif,null,null,null,null,null,null,null,null,null,null,null,null,null,null,null,null,null,null,null,null,null,2,100,80,16000,3.5,null,Tapete de cajuela,El revestimiento de carga resistente protege el área de carga y la parte trasera de los asientos. Incluye un diseño avanzado que contiene derrames y asegura los objetos en su lugar.,null,null,null,Bandeja de carga,cargo-tray-toyota-pt908-42210-02-pt9084221002
PT9323422102,"Exhaust Tip, Black Chrome - Toyota (PT932-34221-02)",79.43,Toyota,Tun Etip Black Chrome,"Finish off the Tundra’s bold style with these shiny exhaust tipsConstructed of polished, corrosion-resistant single-walled 304 stainless steelEasy bolt-on installation. no cutting, drilling, or welding.",null,null,null,null,null,null,null,https://s3.amazonaws.com/rp-part-images/assets/e7f0d5a41e1a9db0fec62d5931d09d83.webp,null,null,null,null,null,null,null,null,null,null,null,null,null,null,null,null,null,null,null,null,null,10,15,10,1500,2,null,Tundra punta de escape cromo negro,"Completa el estilo audaz de la Tundra con estas puntas de escape brillantes. Construidas de acero inoxidable 304 de una sola pared, pulido y resistente a la corrosión. Instalación fácil con pernos, sin necesidad de cortes, perforaciones o soldaduras.",null,null,null,"Punta de escape, cromo negro",exhaust-tip-black-chrome-toyota-pt932-34221-02-pt9323422102
PT93235162,"Exhaust Tip, Chrome - Toyota (PT932-35162)",61.53,Toyota,Exhaust Tail Pipe Tip,"Finish off the Tacoma 's bold style with this shiny exhaust tip.\
 Constructed of polished, corrosion-resistant single-walled 304 stainless steel\
 Easy bolt-on installation; no cutting, drilling, or welding\
\
          \
          Fits Tacoma  CONSTRUCTION: Single Wall Finish: Chrome Material: Stainless Steel \
          \
          Constructed of polished, corrosion-resistant chromed 304 stainless steelFeatures embossed Toyota logoEasy, clamp on installation.",null,null,null,null,null,null,null,https://s3.amazonaws.com/rp-part-images/assets/2d644fe822d51bd845d1e498321e4c9e.webp,https://s3.amazonaws.com/rp-part-images/assets/b65338c1ddae822c4da9f95bd80159a4.webp,null,null,null,null,null,null,null,null,null,null,null,null,null,null,null,null,null,null,null,null,10,15,10,1500,2,null,Punta de tubo de escape,"Complementa el estilo audaz del Tacoma con esta punta de escape brillante. Construida de acero inoxidable 304 de una sola pared, cromado y resistente a la corrosión. Instalación fácil con abrazaderas, sin necesidad de cortes, perforaciones o soldaduras.",null,null,null,"Punta de escape, cromo",exhaust-tip-chrome-toyota-pt932-35162-pt93235162
PT9323518002,"Exhaust Tip, Black Chrome - Toyota (PT932-35180-02)",67.13,Toyota,Exhaust Tail Pipe Tip,"Finish off the Tacoma 's bold style with this shiny exhaust tip.\
 Constructed of polished, corrosion-resistant, single-walled 304 stainless steel\
 Easy bolt-on installation; no cutting, drilling or welding\
\
          \
          Fits Tacoma  Color: Black Chrome CONSTRUCTION: Single Wall Finish: Blk Chrome Special Edition: Blackout Package \
          \
          This is an Exhaust Tip part for the Tacoma in Black Chrome. . Constructed of polished, corrosion-resistant chromed 304 stainless steelFeatures a finely etched Toyota logoEasy, clamp on installationAlso available in Chrome.",null,null,null,null,null,null,null,https://s3.amazonaws.com/rp-part-images/assets/1433fd763dc0dc421554544f85c9aa4c.webp,null,null,null,null,null,null,null,null,null,null,null,null,null,null,null,null,null,null,null,null,null,10,15,10,1500,2,null,Punta de tubo de escape,Complementa el estilo audaz del Tacoma con esta punta de escape cromada en negro. Construida de acero inoxidable 304 pulido y resistente a la corrosión. Instalación fácil con abrazaderas. También disponible en acabado cromado estándar.,null,null,null,"Punta de escape, cromo negro",exhaust-tip-black-chrome-toyota-pt932-35180-02-pt9323518002
PT9483422002,"Exterior Badge, Tailgate Insert, Black - Toyota (PT948-34220-02)",60.42,Toyota,Tun Bdge Black Tailgate,"Tailgate inserts emphasize the Tundra stamp in the tailgate and are an easy way to customize the look of your truck. Individual letters strongly adhere into the stamped tailgate logo.Attached with strong adhesive backingTwo colors available, bright chrome or flat black.",null,null,null,null,null,null,null,https://s3.amazonaws.com/rp-part-images/assets/e05fcf7be99049a9fa99472606d7eaf1.webp,null,null,null,null,null,null,null,null,null,null,null,null,null,null,null,null,null,null,null,null,null,0.5,20,5,50,0.1,null,Tun Bdge Black Tailgate,"Las inserciones en la compuerta trasera enfatizan el grabado ""Tundra"" en la compuerta trasera y son una forma sencilla de personalizar el aspecto de tu camioneta. Las letras individuales se adhieren firmemente al logotipo grabado en la compuerta. Se adhieren con un respaldo adhesivo fuerte. Disponibles en dos colores: cromo brillante o negro mate.",null,null,null,"Inserto de emblema exterior, negro",exterior-badge-tailgate-insert-black-toyota-pt948-34220-02-pt9483422002
PT9484820C02,"Exterior Emblem, Blackout Overlay, Le - Toyota (PT948-4820C-02)",123.07,Toyota,Hldrh Bdge Le Black,"Molded from tough and durable black ABS plastic, blackout emblem overlays are engineered to precisely fit over existing badges, making it easy to customize in minutesIncludes overlays for the Model name, Model grade, Toyota logo, AWD and Hybrid if applicable.",null,null,null,null,null,null,null,https://s3.amazonaws.com/rp-part-images/assets/308c803698bfdacd17303b801af32c10.webp,null,null,null,null,null,null,null,null,null,null,null,null,null,null,null,null,null,null,null,null,null,0.5,20,5,50,0.1,null,Hldrh Bdge Le Black,"Moldeadas en plástico ABS negro resistente y duradero, las cubiertas de emblemas en negro están diseñadas para ajustarse con precisión sobre las insignias existentes, lo que facilita la personalización en minutos. Incluye cubiertas para el nombre del modelo, grado del modelo, logotipo de Toyota, AWD y Hybrid si corresponde.",null,null,null,"Emblema exterior en negro, LE",exterior-emblem-blackout-overlay-le-toyota-pt948-4820c-02-pt9484820c02
PT9484820902,"Exterior Emblem, Blackout Overlay, Limited - Toyota (PT948-48209-02)",123.07,Toyota,Hldrh Bdge Limited B,"Molded from tough and durable black ABS plastic, blackout emblem overlays are engineered to precisely fit over existing badges, making it easy to customize in minutesIncludes overlays for the Model name, Model grade, Toyota logo, AWD and Hybrid if applicable.",null,null,null,null,null,null,null,https://s3.amazonaws.com/rp-part-images/assets/99b8df5f689e9385974f78484df5ad9a.webp,null,null,null,null,null,null,null,null,null,null,null,null,null,null,null,null,null,null,null,null,null,0.5,20,5,50,0.1,null,Hldrh Bdge Limited B,"Moldeadas en plástico ABS negro resistente y duradero, las cubiertas de emblemas en negro están diseñadas para ajustarse con precisión sobre las insignias existentes, lo que facilita la personalización en minutos. Incluye cubiertas para el nombre del modelo, grado del modelo, logotipo de Toyota, AWD y Hybrid si corresponde.",null,null,null,"Emblema exterior en negro, Limited",exterior-emblem-blackout-overlay-limited-toyota-pt948-48209-02-pt9484820902
PT2061622020,"Floor Liners, All-Weather, Fwd - Toyota (PT206-16220-20)",130.90,Toyota,"Floor Liners, All-Weather, Front & Rear, Fwd, Cor Crs Awfl Mat Black","Engineered to precisely fit your vehicle, all-weather floor liners are made from durable, flexible, weather-resistant material that cleans easily Precise injection molding uses Toyota's original vehicle design data for a comfortable fit Includes two front liners and one rear liner Liners feature ribbed channels to better hold moisture and a stylish vehicle logo Skid-resistant backing and driver-side quarter-turn fasteners help keep the liners in place.",null,"Front, Rear",null,null,null,null,null,https://s3.amazonaws.com/rp-part-images/assets/a3e6fe0027891cb9e026d26268498f27.webp,null,null,null,null,null,null,null,null,null,null,null,null,null,null,null,null,null,null,null,null,null,3,120,80,28800,3,null,"Tapetes de piso todo clima, delanteros y traseros, FWD, Corolla Cross, negros",Alfombrillas todo clima diseñadas para encajar perfectamente. Incluye 2 delanteras y 1 trasera con canales para contener humedad.. Logo del vehículo incluido.,null,null,null,"Tapetes de piso, todo clima, FWD",floor-liners-all-weather-fwd-toyota-pt206-16220-20-pt2061622020
PT41342130,Floor Lighting Kit - Toyota (PT413-42130),56.41,Toyota,Footwell Light Kit,This lighting kit brightens the front floor area every time you enter your RAV4 or the front doors are opened. The kit adds an elegant touch of light to your RAV4 while clearly illuminating the front footwells..,null,null,null,null,null,null,null,https://s3.amazonaws.com/rp-part-images/assets/93abc903eb7a155a7e448bdd95238056.webp,https://s3.amazonaws.com/rp-part-images/assets/0e3e3bdb1b4ee51fb7ea9791a51c1618.webp,null,null,null,null,null,null,null,null,null,null,null,null,null,null,null,null,null,null,null,null,10,15,5,750,0.5,null,Kit de luces de piso,"Este kit de iluminación ilumina el área del piso delantero cada vez que se abre una puerta, añadiendo un toque elegante al interior del RAV4 y mejorando la visibilidad.",null,null,null,Kit de iluminación de piso,floor-lighting-kit-toyota-pt413-42130-pt41342130
PT9083521302,"Floor Mats, All Weather, AT - Toyota (PT908-35213-02)",123.07,Toyota,Floor Mat,"The Tub Style configuration is uniquely engineered using the latest “raw data” from the vehicle floor specifications.Tested and approved, the Tub Style mat provides maximum protection for the original vehicle floor carpet from soiling do to dirt, mud, sand, and snow.“Tub Style” perimeter design and function provides an ideal fit to the floor to help eliminate any unnecessary movement.Tub Style all weather mats are constructed from a durable, lightweight, and completely recyclable TPE material and can be easily washed using soap and water.The front mats are highlighted with a custom-molded logo that provides a distinctive OE look.We are proud to say these mats are “Made in the USA”!.",null,"Front, Rear",null,PT908-35174-20,null,null,null,https://s3.amazonaws.com/rp-part-images/assets/cb21075af8231d8553e6fb6fce2f7793.webp,null,null,null,null,null,null,null,null,null,null,null,null,null,null,null,null,null,null,null,null,null,2,100,70,14000,3,null,Tapete de piso,null,null,null,null,"Tapetes de piso, todo clima, transmisión automática",floor-mats-all-weather-at-toyota-pt908-35213-02-pt9083521302
PT2060821002,"Floor Liners, All-Weather - Toyota (PT206-08210-02)",179.01,Toyota,Floor Liner,"Engineered to precisely fit your vehicle, all-weather floor liners are made from durable, flexible, weather-resistant material that cleans easily.Precise injection molding uses Toyota's original vehicle design data for a perfect fitLiners feature ribbed channels to better hold moistureSkid-resistant backing and driver-side quarter-turn fasteners help keep the liners in place.",null,null,null,null,null,null,null,https://s3.amazonaws.com/rp-part-images/assets/7f09e10958a779ff130e7b44b5ff1d4b.webp,null,null,null,null,null,null,null,null,null,null,null,null,null,null,null,null,null,null,null,null,null,3,120,80,28800,3,null,Tapete de piso,Alfombrillas todo clima diseñadas para ajustarse al vehículo. Material duradero y canales acanalados para contener humedad.. Base antideslizante y fijadores de seguridad incluidos.,null,null,null,"Tapetes de piso, todo clima",floor-liners-all-weather-toyota-pt206-08210-02-pt2060821002
PT2060821920,"Floor Liners, Carpet - Toyota (PT206-08219-20)",179.01,Toyota,Sien Hv Cflm Black 8 P,"Long-wearing, fade-resistant carpet floor mats help keep your carpet neat and clean.Precisely engineered to fit your vehicle's floorSkid-resistant backing and driver-side quarter-turn fasteners help secure mat in positionRemovable and easy to cleanVehicle logo adds a customized touch.",null,"Front, Rear",null,PT206-08215-20,null,null,null,https://s3.amazonaws.com/rp-part-images/assets/a79f8919a1a4b1aaa1bcdbd8f27010f7.webp,null,null,null,null,null,null,null,null,null,null,null,null,null,null,null,null,null,null,null,null,null,3,120,80,28800,2.5,null,"Tapetes de piso para Sienna híbrida, color negro, 8 pasajeros",Alfombrillas de moqueta resistentes al desgaste. Ajuste preciso y respaldo antideslizante.. Logo del vehículo incluido.,null,null,null,"Tapetes de piso, alfombra",floor-liners-carpet-toyota-pt206-08219-20-pt2060821920
PT2063422020,"Floor Liners, All-Weather - Toyota (PT206-34220-20)",139.85,Toyota,"Floor Liners, All-Weather, Front & Rear, Tun Awfl Black","Engineered to precisely fit your vehicle, all-weather floor liners are made from durable, flexible, weather-resistant material that cleans easily. •Precise injection molding uses Toyota's original vehicle design data for a perfect fit •Includes two rear liners to help provide more complete coverage •Liners feature ribbed channels to better hold moisture and a stylish vehicle logo •Skid-resistant backing and driver- side quarter-turn fasteners help keep the liners in place• Made in the U.S.A..",null,"Front, Rear",null,null,null,null,null,https://s3.amazonaws.com/rp-part-images/assets/78810c9c1507398c659375dcde0b14fc.webp,null,null,null,null,null,null,null,null,null,null,null,null,null,null,null,null,null,null,null,null,null,3,120,80,28800,3,null,"Tapetes de piso todo clima, delanteros y traseros, Tundra negros",Alfombrillas todo clima duraderas y de ajuste preciso. Material flexible con canales para contener humedad.. Incluye fijadores de seguridad y logo del vehículo.,null,null,null,"Tapetes de piso, todo clima",floor-liners-all-weather-toyota-pt206-34220-20-pt2063422020
PT9084723020,"Floor Liners, All Weather - Toyota (PT908-47230-20)",130.90,Toyota,Prs Prsp Awfl Black 4P,"Engineered to precisely fit your vehicle, all-weather floor liners are made from durable, flexible, weather-resistant material.Precise injection molding uses Toyota's original vehicle design data for a perfect fitIncludes two rear liners for more complete coverage                            Skid-resistant backing and driver-side quarter turn fasteners help keep the liners in place..",null,null,null,null,null,null,null,https://s3.amazonaws.com/rp-part-images/assets/102b75ad42e19f450e563725abc33211.webp,null,null,null,null,null,null,null,null,null,null,null,null,null,null,null,null,null,null,null,null,null,2,100,70,14000,3,null,Prius Prime todo clima negro (4p),Forros para todo clima fabricados con materiales duraderos y resistentes al clima. Incluyen inyección precisa para un ajuste perfecto y un diseño antideslizante que ayuda a mantener los forros en su lugar.,null,null,null,"Tapetes de piso, todo clima",floor-liners-all-weather-toyota-pt908-47230-20-pt9084723020
PT9084820120,"Floor Liners, All-Weather - Toyota (PT908-48201-20)",172.30,Toyota,Floor Liner,"Engineered to precisely fit your vehicle, all-weather floor liners are made from durable, flexible, weather-resistant material that cleans easilyPrecise injection molding uses Toyota's original vehicle design data for a perfect fitIncludes one piece 2nd-row liner and one-piece 3-row liner for more complete coverageLiners feature ribbed channels to better hold moisture and a stylish vehicle logo for front linersSkid-resistant backing and driver-side quarter-turn fasteners help keep the liners in place  .",null,null,null,null,null,null,null,https://s3.amazonaws.com/rp-part-images/assets/2f68d229f2f5cfb84364ba0fc7b6c90f.webp,null,null,null,null,null,null,null,null,null,null,null,null,null,null,null,null,null,null,null,null,null,2,100,70,14000,3,null,Protector de piso,null,null,null,null,"Tapetes de piso, todo clima",floor-liners-all-weather-toyota-pt908-48201-20-pt9084820120
PT9080318120,"Floor Mats, All-Weather, Hybrid - Toyota (PT908-03181-20)",123.07,Toyota,Floor Mat,"Engineered to precisely fit your vehicle, all-weather Floor liners are made from durable, flexible, weather-resistant Material that Cleans easily.\
 Precise Injection molding uses Toyota's original vehicle design data for a perfect fit\
 Liners feature channels to better hold moisture \
 Skid-resistant backing and Driver-side quarter-turn fasteners help keep the liners in place\
\
          \
          Fits Camry Color: Black Engine Type: Hybrid Number of Pieces: 4 This Floor mat/liner was designed specifically for use in your model and model year vehicle and SHOULD NOT be used in any other vehicle. To avoid potential interference with Pedal opeRation, each mat must be secured with its fasteners. Do not install a Floor mat/liner on top of an existing Floor mat.\
          \
          An advanced concept in superior protection for the interior. They cover the floor and surrounding edges on all sides to help keep your carpets clean and dry.Precise injection molding utilizing Toyota’s own vehicle design data helps ensure a perfect fitMolded Camry logo for the front matsMade in the U.S.A..",null,"Front, Rear",null,null,null,null,null,https://s3.amazonaws.com/rp-part-images/assets/64dd43eb13a7a2cf2fccbda2df6095fb.webp,null,null,null,null,null,null,null,null,null,null,null,null,null,null,null,null,null,null,null,null,null,2,100,70,14000,3,null,Tapete de piso,"Forros para todo clima diseñados específicamente para vehículos híbridos. Incluyen un diseño avanzado que canaliza agua, barro y escombros fuera del área de los pies.",null,null,null,"Tapetes de piso, todo clima para híbrido",floor-mats-all-weather-hybrid-toyota-pt908-03181-20-pt9080318120
PT9083521402,"Floor Mats, All Weather, Mt - Toyota (PT908-35214-02)",123.07,Toyota,Floor Mat,"The Tub Style configuration is uniquely engineered using the latest “raw data” from the vehicle floor specifications.Tested and approved, the Tub Style mat provides maximum protection for the original vehicle floor carpet from soiling do to dirt, mud, sand, and snow.“Tub Style” perimeter design and function provides an ideal fit to the floor to help eliminate any unnecessary movement.Tub Style all weather mats are constructed from a durable, lightweight, and completely recyclable TPE material and can be easily washed using soap and water.The front mats are highlighted with a custom-molded logo that provides a distinctive OE look.We are proud to say these mats are “Made in the USA”.",null,"Front, Rear",null,PT908-35175-20,null,null,null,https://s3.amazonaws.com/rp-part-images/assets/082a57cb5d58a72ca8766737fbf9d50d.webp,null,null,null,null,null,null,null,null,null,null,null,null,null,null,null,null,null,null,null,null,null,2,100,70,14000,3,null,Tapete de piso,null,null,null,null,"Tapetes de piso, todo clima, transmisión manual",floor-mats-all-weather-mt-toyota-pt908-35214-02-pt9083521402
PT9084216520,"Floor Mats, All-Weather - Toyota (PT908-42165-20)",88.69,Toyota,Floor Mat,"These all-weather Floor liners are an advanced concept in Superior protection for your Interior. They cover the Floor and surrounding edges on all sides to help keep your carpets Clean and dry. Precise Injection molding utilizing Toyota?s own vehicle design data helps ensure a perfect fit. The high-tech composite Materials help channel water, mud and debris away from your shoes and clothing. \
 Molded RAV4 Logo for the front mats \
 One piece rear mat to help provide more complete coverage \
 Made in the U.S.A. \
\
          \
          Fits Rav4 Color: Black Floor Type: Carpet Logo: With Logo Number of Pieces: 3 This Floor liner was designed specifically for use in your model and model year vehicle and SHOULD NOT be used in any other vehicle. To avoid potential interference with Pedal opeRation, each liner must be secured with its fasteners. Do not install a Floor liner on top of an existing Floor mat/liner.\
          \
          Help protect your original factory carpet with a set of durable, all-weather floor liners. Quarter-turn fasteners (on the driver's side) and nibbed backing on all mats help hold them in position. The liners feature a RAV4 logo and a ribbed channel design that helps contain moisture, dirt and other debris.",null,null,null,PT908-42130-20,null,null,null,https://s3.amazonaws.com/rp-part-images/assets/e836761a97215835ffbbc801134077cf.webp,https://s3.amazonaws.com/rp-part-images/assets/df8bdb464026aecfc11548eeb1bf6315.webp,null,null,null,null,null,null,null,null,null,null,null,null,null,null,null,null,null,null,null,null,2,100,70,14000,3,null,Tapete de piso,null,null,null,null,"Tapetes de piso, todo clima",floor-mats-all-weather-toyota-pt908-42165-20-pt9084216520
PT9121622002,"Cargo Area Cover, Retractable - Toyota (PT912-16220-02)",60.42,Toyota,Cor Crs Cgcr Black Ret,The retractable cargo cover conceals your cargo from view for added peace of mindUV-resistant material helps protect items from sun damage and fadingRemoves easily to make room for larger itemsStores conveniently in the subfloor compartment designed for the cargo cover.,null,null,null,null,null,null,null,https://s3.amazonaws.com/rp-part-images/assets/dc93c615ddbb3b9d8a6228b7af1321f9.webp,null,null,null,null,null,null,null,null,null,null,null,null,null,null,null,null,null,null,null,null,null,5,120,10,6000,2.5,null,Funda de carga Corolla Cross negra,La cubierta retráctil de carga oculta tu carga para mayor tranquilidad. El material resistente a los rayos UV ayuda a proteger los objetos de los daños solares y el desvanecimiento. Se retira fácilmente para dar espacio a artículos más grandes y se guarda cómodamente en el compartimento subterráneo diseñado para la cubierta de carga.,null,null,null,Cubierta retráctil de área de carga,cargo-area-cover-retractable-toyota-pt912-16220-02-pt9121622002
PT2060318001,"Floor Mats, Carpet, Gray, 2WD - Toyota (PT206-03180-01)",123.07,Toyota,Floor Mat,"Long-wearing, fade-resistant carpet Floor mats help keep your carpet neat and Clean.\
 Precisely Engineered to fit your vehicle's Floor?\
 Skid- resistant backing and Driver-side quarter-turn fasteners help secure mat in position\
 Removable and easy to Clean\
 Vehicle Logo adds a customized touch\
 \
\
          \
          Fits Camry Color: Gray Logo: Camry Number of Pieces: 4 Transmission: 2 Wheel Drive This Floor mat was designed specifically for use in your model and model year vehicle and SHOULD NOT be used in any other vehicle. To avoid potential interference with Pedal opeRation, each mat must be secured with its fasteners. Do not install a Floor mat on top of an existing Floor mat.\
          \
          These plush, long-wearing carpet floor mats help protect and dress up the interior.Durable, fade-resistant carpet features a Camry logoDriver’s-side quarter-turn fasteners and skid-resistant backing on all mats help keep them in place.",null,"Front, Rear",null,null,null,null,null,https://s3.amazonaws.com/rp-part-images/assets/37537cd7f245d36c4517e327ca8dced2.webp,https://s3.amazonaws.com/rp-part-images/assets/c8167c5eda50006c97e1237691ab55cb.webp,null,null,null,null,null,null,null,null,null,null,null,null,null,null,null,null,null,null,null,null,3,120,80,28800,2.5,null,Tapete de piso,Alfombrillas de moqueta duraderas; protegen y mejoran el interior. Diseño resistente al desvanecimiento con logo Camry.. Incluye fijadores de cuarto de vuelta para mayor seguridad.,null,null,null,"Tapetes de piso, alfombra, gris, 2WD",floor-mats-carpet-gray-2wd-toyota-pt206-03180-01-pt2060318001
PT34535170,Splash Guards - Toyota (PT345-35170),59.30,Toyota,Mud Flap Kit,"Help protect your paint Finish from road debris and the damage it causes.\
 Designed to integrate with Sienna exterior styling\
 Set includes four mudguards\
\
          \
          Fits Tacoma  Quantity: 4 \
          \
          Help protect your paint finish from road debris and the damage it causesDesigned to integrate with exterior stylingSet includes four mudguardsThis part number does not apply to vehicles without over fenders.. Helps provide protection to vehicle paint from mud, road debris, dirt and stone chippingPrecise fit to match vehicle body panels and structureCorrosion-resistant mounting hardwareSet of fourNOTE: May Conflict with Ground Effects, Lack of Overfenders.",null,"Front, Rear",null,null,null,null,null,https://s3.amazonaws.com/rp-part-images/assets/bb207d21eca8547cc2599cd57cd343d6.webp,https://s3.amazonaws.com/rp-part-images/assets/3d8314c14cb66f6bcbc19b15e2197c2c.webp,null,null,null,null,null,null,null,null,null,null,null,null,null,null,null,null,null,null,null,null,10,120,5,6000,1.2,null,Kit de loderas,Los guardabarros ayudan a proteger el acabado de pintura de tu vehículo contra residuos del camino y los daños que estos pueden causar. Diseñados para integrarse con el estilo exterior de la Sienna. Incluye un juego de cuatro guardabarros.,null,null,null,Salpicaderas,splash-guards-toyota-pt345-35170-pt34535170
PT91203180,"Cargo Net, Hideaway - Toyota (PT912-03180)",31.33,Toyota,Cargo Net,"A versatile, lightweight solution to securing everyday items. \
 Quick and easy attachment and removal \
 Envelope-style netting accommodates a wide variety of shapes and sizes \
 When not needed, this hideaway cargo net fits easily into a compact, zippered pouch for convenient storage \
\
          \
          Fits Camry STYLE: Envelope Cargo and load capacity are limited by weight and distribution.\
\
          \
          A versatile, lightweight solution to securing everyday items.Quick and easy attachment and removalEnvelope-style netting accommodates a wide variety of shapes and sizesWhen not needed, this hideaway cargo net fits easilyinto a compact, zippered pouch for convenient storage.",null,null,null,null,null,null,null,https://s3.amazonaws.com/rp-part-images/assets/338fcd00a01e654828a1741bace7fc20.webp,https://s3.amazonaws.com/rp-part-images/assets/d9894c36403fe265e9787e86d6b505f0.webp,null,null,null,null,null,null,null,null,null,null,null,null,null,null,null,null,null,null,null,null,2,80,80,12800,0.8,null,Red de carga,La red de carga tipo sobre asegura objetos cotidianos y se puede guardar fácilmente en una bolsa con cierre compacto cuando no se usa.,null,null,null,Red de carga oculta,cargo-net-hideaway-toyota-pt912-03180-pt91203180
PT9194716020,"Floor Mats, Carpet - Toyota (PT919-47160-20)",58.17,Toyota,Floor Mat,"Long-wearing, fade-resistant carpet Floor mats help keep your Interior looking new.\
 Precisely Engineered to fit your vehicle's Floor?\
 Skid- resistant backing and Driver-side quarter-turn fasteners help secure mat in position\
 Includes two front and two rear mats?\
 Features a Prius Logo with Hybrid Synergy Drive (HSD) pattern throughout the carpet\
 \
\
          \
          Fits PriusColor: Black Logo: Prius This Floor mat/liner was designed specifically for use in your model and model year vehicle and SHOULD NOT be used in any other vehicle. To avoid potential interference with Pedal opeRation, each mat must be secured with its fasteners. Do not install a Floor mat on top of an existing Floor mat/liner.?\
          \
          Helps protect the original carpet from wear and stainsDesigned to fit the vehicle’s floor patternMade of durable, fade resistant carpetingNibbed backing and quarter-turn fasteners (on the driver’s side) help keep mats in positionRemovable and easy to cleanFeatures a stylish vehicle logo.",null,"Front, Rear",null,null,null,null,null,https://s3.amazonaws.com/rp-part-images/assets/0f510af5da8073b7f3b82139c4ba4572.webp,https://s3.amazonaws.com/rp-part-images/assets/731f44a0188cfda15ea56ddee685281b.webp,null,null,null,null,null,null,null,null,null,null,null,null,null,null,null,null,null,null,null,null,2,100,70,14000,3,null,Tapete de piso,"Alfombrillas de alfombra duraderas y resistentes al desgaste que ayudan a mantener tu interior limpio. Diseñadas con precisión para ajustarse al patrón del piso del vehículo, incluyen un logotipo de Prius con el patrón de Hybrid Synergy Drive (HSD). Con respaldo antideslizante y sujetadores de giro de un cuarto en el lado del conductor para mantenerlas en posición. Removibles y fáciles de limpiar.",null,null,null,"Tapetes de piso, alfombra",floor-mats-carpet-toyota-pt919-47160-20-pt9194716020
PU06003180TP,Splash Guards - Toyota (PU060-03180-TP),83.91,Toyota,Mud Flap,"Help protect your paint Finish from road debris and the damage it causes. \
 Blend seamlessly with exterior styling \
 Set includes four mudguards  \
\
          \
          Fits Camry Color: Black Position: Front and Rear Quantity: 4 \
          \
          Help protect your paint finish from road debris and the damage it causes. Blend seamlessly with exterior stylingSet includes four mudguards.",null,"Front, Rear",null,null,null,null,null,https://s3.amazonaws.com/rp-part-images/assets/dae553a03eec62b8cd697a4c96957fb5.webp,https://s3.amazonaws.com/rp-part-images/assets/ab32a053c9e048619a6dd229aa299efa.webp,null,null,null,null,null,null,null,null,null,null,null,null,null,null,null,null,null,null,null,null,2,60,40,4800,1.5,null,Cubiertas de salpicadura,"Protege el acabado de pintura de los desechos de la carretera y los daños que causan.\
 Se integra perfectamente con el diseño exterior.\
 El juego incluye cuatro guardabarros.",null,null,null,Salpicaderas,splash-guards-toyota-pu060-03180-tp-pu06003180tp
PT9384213002,"Molding, Body Side, Black - Toyota (PT938-42130-02)",null,Toyota,Mold Body S RAV4,"Body side moldings help protect against careless door swings, renegade shopping carts and other unfortunate parking lot mishaps. These color-matched moldings add a touch of style to the RAV4's exterior.",null,null,null,null,null,null,null,https://s3.amazonaws.com/rp-part-images/assets/f79e3d0f4f21cd7c43af993cf5173531.webp,https://s3.amazonaws.com/rp-part-images/assets/7f89a550aeaee2be69eb0d096f1810f6.webp,null,null,null,null,null,null,null,null,null,null,null,null,null,null,null,null,null,null,null,null,2,120,4,960,1,null,Mold Body S RAV4,"Las molduras laterales ayudan a proteger contra golpes descuidados de puertas, carritos de compras descontrolados y otros percances desafortunados en estacionamientos. Estas molduras combinadas en color añaden un toque de estilo al exterior del RAV4.",null,null,null,"Moldura lateral, negro",molding-body-side-black-toyota-pt938-42130-02-pt9384213002
PT41342191,"Fog Lights, High Performance Led - Toyota (PT413-42191)",null,Toyota,Fog Light,"High performance LED Fog lights seamlessly upgrade your vehicle's standard halogen Fog Lamps\
 Helps provide brighter light with higher lumen output for increased visibility\
 Extra wide coverage angle for increased visibility of vehicle surroundings\
\
          \
          Fits 4Runner, Highlander, RAV4, TundraFinish: Black \
          \
          Designed with asymmetric right and left lamps to help achieve excellent road illumination, they seamlessly integrate into the bumper and are fully tested to increase visibility and security on the road.Durable polycarbonate lens and housing resist UV rays that can cause cloudingWider view angles help to increase visibility during inclement weatherFully tested against vibration, corrosion, water intrusion, dust, temperature and weather conditions, impact, and chemical resistance.",null,null,null,null,null,null,null,https://s3.amazonaws.com/rp-part-images/assets/20a2e20b8a1178845c0232025d8613a8.webp,https://s3.amazonaws.com/rp-part-images/assets/8ebbb78be4c5e54fceaa684973418f3c.webp,https://s3.amazonaws.com/rp-part-images/assets/973d25809357f20971d923612b3ba0f1.webp,null,null,null,null,null,null,null,null,null,null,null,null,null,null,null,null,null,null,null,10,20,15,3000,1.2,null,Luz antiniebla,Los faros antiniebla LED de alto rendimiento integran a la perfección diseño y funcionalidad. Ayudan a mejorar la visibilidad durante el mal tiempo y están completamente probados para resistir condiciones extremas.,null,null,null,Luces antiniebla LED de alto desempeño,fog-lights-high-performance-led-toyota-pt413-42191-pt41342191
PT9384716003,"Molding, Body Side, Hypersonic Red - Toyota (PT938-47160-03)",null,Toyota,Door Molding,"New two-tone design features exterior color with Piano Black accentHelps provide exterior door protection from scratches, dents and chippingStreamlined to complement Prius stylingExactly matched to the exterior paint finishSet of four.",null,null,null,null,null,null,null,https://s3.amazonaws.com/rp-part-images/assets/f67a2a47b890af2b58223937dec76b86.webp,null,null,null,null,null,null,null,null,null,null,null,null,null,null,null,null,null,null,null,null,null,2,120,4,960,1,null,Moldura de puerta,"El diseño bicolor presenta el color exterior con acento en Piano Black. Ayuda a proteger las puertas exteriores contra rayones, abolladuras y desconchaduras de pintura. Diseñado para complementar el estilo del Prius. Juego de cuatro piezas.",null,null,null,"Moldura lateral, rojo Hypersonic",molding-body-side-hypersonic-red-toyota-pt938-47160-03-pt9384716003
PT9193422020,"Floor Mats, Carpet - Toyota (PT919-34220-20)",139.85,Toyota,"Floor Mats, Carpet, Front & Rear, Tun Cflm Black","Long-wearing, fade-resistant carpet floor mats help keep your interior looking new.• Precisely engineered to fit your vehicle's floor• Skid-resistant backing and driver-side quarter-turn fasteners help secure mat in position• Removable and easy to clean• Tundra logo adds a customized touch.",null,"Front, Rear",null,null,null,null,null,https://s3.amazonaws.com/rp-part-images/assets/d22eced8e683b89d03a9ac278d723f79.webp,null,null,null,null,null,null,null,null,null,null,null,null,null,null,null,null,null,null,null,null,null,2,100,70,14000,3,null,Tundra cflm negro,"Alfombrillas de alfombra duraderas y resistentes al desgaste que ayudan a mantener tu interior en buen estado. Diseñadas con precisión para ajustarse al piso del vehículo, incluyen respaldo antideslizante, sujetadores de giro de un cuarto en el lado del conductor, son removibles y fáciles de limpiar. Incluyen un logotipo de Tundra para un toque personalizado.",null,null,null,"Tapetes de piso, alfombra, delantero y trasero",floor-mats-carpet-toyota-pt919-34220-20-pt9193422020
PT29A4820113,Handler Bsm 218 Black - Toyota (PT29A-48201-13),173.41,Toyota,Door Molding,Body side moldings help protect against careless door swings and other parking lot mishaps while adding a little extra exterior styleColor-matched to the exterior paint finishBody side moldings follow the lower door styling lines to enhance the vehicle exterior.,null,null,null,PT29A-48200-03,null,null,null,https://s3.amazonaws.com/rp-part-images/assets/fdc631bf4a0b72ea8440a255f983c922.webp,https://s3.amazonaws.com/rp-part-images/assets/3097bc8194028dfedd14a68c6e437e1b.webp,https://dz310nzuyimx0.cloudfront.net/strapr1/bba17e9027517155446beb1134ddf2e4/346990e1e3019aaf2b9ac128dd69b405.png,https://dz310nzuyimx0.cloudfront.net/strapr1/bba17e9027517155446beb1134ddf2e4/4fb3b01d11e56c0190467bba78b693d0.png,https://dz310nzuyimx0.cloudfront.net/strapr1/bba17e9027517155446beb1134ddf2e4/6e36b938b7dcf7423fbe4cdb77de03ef.png,null,null,null,null,null,null,null,null,null,null,null,null,null,null,null,null,null,10,20,10,2000,0.6,null,Moldura de puerta,"Las molduras laterales del cuerpo ayudan a proteger contra golpes de puertas y otros percances en estacionamientos, mientras añaden un toque de estilo extra. Están pintadas a juego con el color exterior del vehículo y siguen las líneas inferiores de las puertas para realzar la estética.",null,null,null,Moldura Handler 218 negro,handler-bsm-218-black-toyota-pt29a-48201-13-pt29a4820113
PT29A4820114,Handler Bsm 1J9 Silver - Toyota (PT29A-48201-14),173.41,Toyota,Door Molding,Body side moldings help protect against careless door swings and other parking lot mishaps while adding a little extra exterior styleColor-matched to the exterior paint finishBody side moldings follow the lower door styling lines to enhance the vehicle exterior.,null,null,null,PT29A-48200-04,null,null,null,https://s3.amazonaws.com/rp-part-images/assets/cd45b5775c31de0ae3e5b7d93432db9f.webp,https://dz310nzuyimx0.cloudfront.net/strapr1/bba17e9027517155446beb1134ddf2e4/346990e1e3019aaf2b9ac128dd69b405.png,https://dz310nzuyimx0.cloudfront.net/strapr1/bba17e9027517155446beb1134ddf2e4/4fb3b01d11e56c0190467bba78b693d0.png,https://dz310nzuyimx0.cloudfront.net/strapr1/bba17e9027517155446beb1134ddf2e4/6e36b938b7dcf7423fbe4cdb77de03ef.png,null,null,null,null,null,null,null,null,null,null,null,null,null,null,null,null,null,null,10,20,10,2000,0.6,null,Moldura de puerta,"Las molduras laterales del cuerpo ayudan a proteger contra golpes de puertas y otros percances en estacionamientos, mientras añaden un toque de estilo extra. Están pintadas a juego con el color exterior del vehículo y siguen las líneas inferiores de las puertas para realzar la estética.",null,null,null,Moldura Handler 1J9 plata,handler-bsm-1j9-silver-toyota-pt29a-48201-14-pt29a4820114
PT29A4820115,Handler Bsm 3T3 Red - Toyota (PT29A-48201-15),173.41,Toyota,Door Molding,Body side moldings help protect against careless door swings and other parking lot mishaps while adding a little extra exterior styleColor-matched to the exterior paint finishBody side moldings follow the lower door styling lines to enhance the vehicle exterior.,null,null,null,PT29A-48200-05,null,null,null,https://s3.amazonaws.com/rp-part-images/assets/1dd2c0e203bf60354b0be83df3e61f85.webp,https://s3.amazonaws.com/rp-part-images/assets/1909622d32ae11481211ba0a18071e5f.webp,https://dz310nzuyimx0.cloudfront.net/strapr1/bba17e9027517155446beb1134ddf2e4/346990e1e3019aaf2b9ac128dd69b405.png,https://dz310nzuyimx0.cloudfront.net/strapr1/bba17e9027517155446beb1134ddf2e4/4fb3b01d11e56c0190467bba78b693d0.png,https://dz310nzuyimx0.cloudfront.net/strapr1/bba17e9027517155446beb1134ddf2e4/6e36b938b7dcf7423fbe4cdb77de03ef.png,null,null,null,null,null,null,null,null,null,null,null,null,null,null,null,null,null,10,20,10,2000,0.6,null,Moldura de puerta,"Las molduras laterales del cuerpo ayudan a proteger contra golpes de puertas y otros percances en estacionamientos, mientras añaden un toque de estilo extra. Están pintadas a juego con el color exterior del vehículo y siguen las líneas inferiores de las puertas para realzar la estética.",null,null,null,Moldura Handler 3T3 rojo,handler-bsm-3t3-red-toyota-pt29a-48201-15-pt29a4820115
PT29A4820117,Handler Bsm 8X8 Blue - Toyota (PT29A-48201-17),173.41,Toyota,Door Molding,Body side moldings help protect against careless door swings and other parking lot mishaps while adding a little extra exterior styleColor-matched to the exterior paint finishBody side moldings follow the lower door styling lines to enhance the vehicle exterior.,null,null,null,PT29A-48200-07,null,null,null,https://s3.amazonaws.com/rp-part-images/assets/6184e59c0af34591c03b37a2589ba6d5.webp,https://dz310nzuyimx0.cloudfront.net/strapr1/bba17e9027517155446beb1134ddf2e4/346990e1e3019aaf2b9ac128dd69b405.png,https://dz310nzuyimx0.cloudfront.net/strapr1/bba17e9027517155446beb1134ddf2e4/4fb3b01d11e56c0190467bba78b693d0.png,https://dz310nzuyimx0.cloudfront.net/strapr1/bba17e9027517155446beb1134ddf2e4/6e36b938b7dcf7423fbe4cdb77de03ef.png,null,null,null,null,null,null,null,null,null,null,null,null,null,null,null,null,null,null,10,20,10,2000,0.6,null,Moldura de puerta,"Las molduras laterales del cuerpo ayudan a proteger contra golpes de puertas y otros percances en estacionamientos, mientras añaden un toque de estilo extra. Están pintadas a juego con el color exterior del vehículo y siguen las líneas inferiores de las puertas para realzar la estética.",null,null,null,Moldura Handler 8X8 azul,handler-bsm-8x8-blue-toyota-pt29a-48201-17-pt29a4820117
PT9084220020,TRD All-Weather Floor Liners - Toyota (PT908-42200-20),139.85,Toyota,Floor Liner,PARTS,null,null,null,null,null,null,null,https://s3.amazonaws.com/rp-part-images/assets/0d320d97c8d05e3700f5b72cd56a8378.webp,https://s3.amazonaws.com/rp-part-images/assets/e7b7bdb2c2b2bbe1c99e59fbcdedba42.gif,null,null,null,null,null,null,null,null,null,null,null,null,null,null,null,null,null,null,null,null,2,100,70,14000,3,null,Protector de piso,null,null,null,null,Tapetes todo clima TRD - (juego),trd-all-weather-floor-liners-toyota-pt908-42200-20-pt9084220020
PT73834221,Tun Rkrl D Cab Left - Toyota (PT738-34221),211.45,Toyota,null,null,null,null,null,null,null,null,null,null,null,null,null,null,null,null,null,null,null,null,null,null,null,null,null,null,null,null,null,null,null,10,180,10,18000,7.5,null,null,null,null,null,null,Rock rail Tundra doble cabina izquierdo,tun-rkrl-d-cab-left-toyota-pt738-34221-pt73834221
PT9384716008,"Molding, Body Side, Blue Crush Metallic - Toyota (PT938-47160-08)",null,Toyota,Door Molding,"New two-tone design features exterior color with Piano Black accentHelps provide exterior door protection from scratches, dents and chippingStreamlined to complement Prius stylingExactly matched to the exterior paint finishSet of four.",null,null,null,null,null,null,null,https://s3.amazonaws.com/rp-part-images/assets/90010fdd0076dbd411b58ca15c2580ec.webp,null,null,null,null,null,null,null,null,null,null,null,null,null,null,null,null,null,null,null,null,null,2,120,4,960,1,null,Moldura de puerta,"El diseño bicolor presenta el color exterior con acento en Piano Black. Ayuda a proteger las puertas exteriores contra rayones, abolladuras y desconchaduras de pintura. Diseñado para complementar el estilo del Prius. Juego de cuatro piezas.",null,null,null,"Moldura lateral, azul metálico Blue Crush",molding-body-side-blue-crush-metallic-toyota-pt938-47160-08-pt9384716008
PK38912L00TF,Mdgrd Corolla Ft Srp - Toyota (PK389-12L00-TF),29.36,Toyota,null,null,null,null,null,null,null,null,null,null,null,null,null,null,null,null,null,null,null,null,null,null,null,null,null,null,null,null,null,null,null,5,30,20,3000,0.6,null,N/A,null,null,null,null,Salpicaderas Corolla delanteras SRP,mdgrd-corolla-ft-srp-toyota-pk389-12l00-tf-pk38912l00tf
PK38912L00TR,Mdgrd Corolla Rear Srp - Toyota (PK389-12L00-TR),29.36,Toyota,null,null,null,null,null,null,null,null,null,null,null,null,null,null,null,null,null,null,null,null,null,null,null,null,null,null,null,null,null,null,null,5,30,20,3000,0.6,null,N/A,null,null,null,null,Salpicaderas traseras Corolla SRP,mdgrd-corolla-rear-srp-toyota-pk389-12l00-tr-pk38912l00tr
PT9380214002,"Molding, Body Side, Black Sand Pearl - Toyota (PT938-02140-02)",null,Toyota,Bsm Corolla 209 Blac,"Body side moldings help protect against careless door swings, renegade shopping carts and other unfortunate parking lot mishaps. These color-matched moldings add a touch of style to the vehicle’s exterior..",null,null,null,null,null,null,null,https://s3.amazonaws.com/rp-part-images/assets/bb6397a86e41d67a030012f7031e0e86.webp,https://s3.amazonaws.com/rp-part-images/assets/3c83dcd3cbc13a72c02afe27c05c491c.webp,null,null,null,null,null,null,null,null,null,null,null,null,null,null,null,null,null,null,null,null,2,120,4,960,1,null,Bsm Corolla 209 Negro,"Las molduras laterales ayudan a proteger contra golpes descuidados de puertas, carritos de compras descontrolados y otros percances desafortunados en estacionamientos. Estas molduras combinadas en color añaden un toque de estilo al exterior del vehículo.",null,null,null,"Moldura lateral, negro perlado Black Sand",molding-body-side-black-sand-pearl-toyota-pt938-02140-02-pt9380214002
PT9380214003,"Molding, Body Side, Barcelona Red Metallic - Toyota (PT938-02140-03)",null,Toyota,Bsm Corolla 3R3 Red,"Body side moldings help protect against careless door swings, renegade shopping carts and other unfortunate parking lot mishaps. These color-matched moldings add a touch of style to the vehicle’s exterior..",null,null,null,null,null,null,null,https://s3.amazonaws.com/rp-part-images/assets/8ac32ee1f6f06bf60a56ee37ee771b39.webp,https://s3.amazonaws.com/rp-part-images/assets/3aa156f025f5e07dea43504e7094be47.webp,null,null,null,null,null,null,null,null,null,null,null,null,null,null,null,null,null,null,null,null,2,120,4,960,1,null,Bsm Corolla 3R3 Rojo,"Las molduras laterales ayudan a proteger contra golpes descuidados de puertas, carritos de compras descontrolados y otros percances desafortunados en estacionamientos. Estas molduras combinadas en color añaden un toque de estilo al exterior del vehículo.",null,null,null,"Moldura lateral, rojo metálico Barcelona",molding-body-side-barcelona-red-metallic-toyota-pt938-02140-03-pt9380214003
PT9384716020,"Molding, Body Side, Blizzard Pearl - Toyota (PT938-47160-20)",null,Toyota,Door Molding,"New two-tone design features exterior color with Piano Black accentHelps provide exterior door protection from scratches, dents and chippingStreamlined to complement Prius stylingExactly matched to the exterior paint finishSet of four.",null,null,null,null,null,null,null,https://s3.amazonaws.com/rp-part-images/assets/37a57a236018be21941e18527a3fae6c.webp,https://s3.amazonaws.com/rp-part-images/assets/ab2519bce08e2fc63572d625ba246454.webp,null,null,null,null,null,null,null,null,null,null,null,null,null,null,null,null,null,null,null,null,2,120,4,960,1,null,Moldura de puerta,"El diseño bicolor presenta el color exterior con acento en Piano Black. Ayuda a proteger las puertas exteriores contra rayones, abolladuras y desconchaduras de pintura. Diseñado para complementar el estilo del Prius. Juego de cuatro piezas.",null,null,null,"Moldura lateral, Blizzard Pearl",molding-body-side-blizzard-pearl-toyota-pt938-47160-20-pt9384716020
PT9380214021,"Molding, Body Side, Magnetic Gray Metallic - Toyota (PT938-02140-21)",null,Toyota,Door Molding,"Help protect against careless door swings, runaway shopping carts and other parking lot mishapsStreamlined to complement Corolla’s stylingExactly matched to the exterior paint finish.",null,null,null,null,null,null,null,https://s3.amazonaws.com/rp-part-images/assets/fe94ac877f30e361b1c845893b170189.webp,https://s3.amazonaws.com/rp-part-images/assets/244ec85b01826fd7d0fc5b6ee7733925.webp,null,null,null,null,null,null,null,null,null,null,null,null,null,null,null,null,null,null,null,null,2,120,4,960,1,null,Door Molding,"Ayuda a proteger contra golpes descuidados de puertas, carritos de compras descontrolados y otros percances en estacionamientos. Diseñadas para complementar el estilo del Corolla, exactamente igualadas al acabado de pintura exterior.",null,null,null,"Moldura lateral, gris magnético",molding-body-side-magnetic-gray-metallic-toyota-pt938-02140-21-pt9380214021
PT9380214022,"Molding, Body Side, Galactic Aqua Mica - Toyota (PT938-02140-22)",null,Toyota,Bsm Corolla 221 Black,"Help protect against careless door swings, runaway shopping carts and other parking lot mishapsStreamlined to complement Corolla’s stylingExactly matched to the exterior paint finish.",null,null,null,null,null,null,null,https://s3.amazonaws.com/rp-part-images/assets/81c6fc6dd2584825942193d10ab86354.webp,https://s3.amazonaws.com/rp-part-images/assets/54602afce9a97029b9809226c904b4eb.webp,null,null,null,null,null,null,null,null,null,null,null,null,null,null,null,null,null,null,null,null,2,120,4,960,1,null,Bsm Corolla 221 Negro,"Ayuda a proteger contra golpes descuidados de puertas, carritos de compras descontrolados y otros percances en estacionamientos. Diseñadas para complementar el estilo del Corolla, exactamente igualadas al acabado de pintura exterior.",null,null,null,"Moldura lateral, azul mica Galactic Aqua",molding-body-side-galactic-aqua-mica-toyota-pt938-02140-22-pt9380214022
PT9384213011,"Molding, Body Side, Magnetic Gray Metallic - Toyota (PT938-42130-11)",null,Toyota,Mold Body S RAV4 1G3,"Body side moldings help protect against careless door swings, renegade shopping carts and other unfortunate parking lot mishaps. These color-matched moldings add a touch of style to the RAV4's exterior.",null,null,null,null,null,null,null,https://s3.amazonaws.com/rp-part-images/assets/e516d1f2947d4c68d64bcfe4b8040af6.webp,https://s3.amazonaws.com/rp-part-images/assets/f4521e060ffed0916f723f1e9153a248.webp,null,null,null,null,null,null,null,null,null,null,null,null,null,null,null,null,null,null,null,null,2,120,4,960,1,null,Mold Body S RAV4 1G3,"Las molduras laterales ayudan a proteger contra golpes descuidados de puertas, carritos de compras descontrolados y otros percances desafortunados en estacionamientos. Estas molduras combinadas en color añaden un toque de estilo al exterior del RAV4.",null,null,null,"Moldura lateral, gris magnético",molding-body-side-magnetic-gray-metallic-toyota-pt938-42130-11-pt9384213011
PT9384716001,"Molding, Body Side, Classic Silver Metallic - Toyota (PT938-47160-01)",null,Toyota,Door Molding,"New two-tone design features exterior color with Piano Black accentHelps provide exterior door protection from scratches, dents and chippingStreamlined to complement Prius stylingExactly matched to the exterior paint finishSet of four.",null,null,null,null,null,null,null,https://s3.amazonaws.com/rp-part-images/assets/835ac941cf1be33da2114db0fcec487c.webp,null,null,null,null,null,null,null,null,null,null,null,null,null,null,null,null,null,null,null,null,null,2,120,4,960,1,null,Moldura de puerta,"El diseño bicolor presenta el color exterior con acento en Piano Black. Ayuda a proteger las puertas exteriores contra rayones, abolladuras y desconchaduras de pintura. Diseñado para complementar el estilo del Prius. Juego de cuatro piezas.",null,null,null,"Moldura lateral, plata metálica Classic",molding-body-side-classic-silver-metallic-toyota-pt938-47160-01-pt9384716001
PT9384716002,"Molding, Body Side, Midnight Black Metallic - Toyota (PT938-47160-02)",null,Toyota,Door Molding,"New two-tone design features exterior color with Piano Black accentHelps provide exterior door protection from scratches, dents and chippingStreamlined to complement Prius stylingExactly matched to the exterior paint finishSet of four.",null,null,null,null,null,null,null,https://s3.amazonaws.com/rp-part-images/assets/88200155cda10aece5d0e01031867926.webp,null,null,null,null,null,null,null,null,null,null,null,null,null,null,null,null,null,null,null,null,null,2,120,4,960,1,null,Moldura de puerta,"El diseño bicolor presenta el color exterior con acento en Piano Black. Ayuda a proteger las puertas exteriores contra rayones, abolladuras y desconchaduras de pintura. Diseñado para complementar el estilo del Prius. Juego de cuatro piezas.",null,null,null,"Moldura lateral, negro metálico Midnight",molding-body-side-midnight-black-metallic-toyota-pt938-47160-02-pt9384716002
PT9384716011,"Molding, Body Side, Magnetic Gray Metallic - Toyota (PT938-47160-11)",null,Toyota,Door Molding,"Uniquely designed, two-tone body side moldings feature the vehicle?s exterior Color with Piano Black accent.\
 Help protect against careless door swings, runaway shopping carts and other parking lot mishaps\
 \
\
          \
          Fits Prius, Prius PrimeColor: Magnetic Gray Metallic Color Code: 01G3 Finish: Painted Location: Mid Door NUMBER OF DoorS: 4 Number of Pieces: 4 \
          \
          Front and rear, gray metallic. New two-tone design features exterior color with Piano Black accentHelps provide exterior door protection from scratches, dents and chippingStreamlined to complement Prius stylingExactly matched to the exterior paint finishSet of four.",null,null,null,null,null,null,null,https://s3.amazonaws.com/rp-part-images/assets/f92d8fc12db8d46b561e8b87ad8b8680.webp,null,null,null,null,null,null,null,null,null,null,null,null,null,null,null,null,null,null,null,null,null,2,120,4,960,1,null,Moldura de puerta,"Las molduras laterales bicolor incluyen el color exterior del vehículo con un acento en Piano Black. Ayudan a proteger contra golpes descuidados de puertas, carritos de compras descontrolados y otros percances en estacionamientos.",null,null,null,"Moldura lateral, gris magnético",molding-body-side-magnetic-gray-metallic-toyota-pt938-47160-11-pt9384716011
PT9380214010,"Molding, Body Side, Super White - Toyota (PT938-02140-10)",null,Toyota,Bsm Corolla 040 Whit,"Body side moldings help protect against careless door swings, renegade shopping carts and other unfortunate parking lot mishaps. These color-matched moldings add a touch of style to the vehicle’s exterior..",null,null,null,null,null,null,null,https://s3.amazonaws.com/rp-part-images/assets/d7cceb10e08dce9b5051ebd2e9e9beb5.webp,https://s3.amazonaws.com/rp-part-images/assets/3b9f457829b9c3b2b9531ff94d7f8f6a.webp,null,null,null,null,null,null,null,null,null,null,null,null,null,null,null,null,null,null,null,null,2,120,4,960,1,null,Bsm Corolla 040 Blanco,"Las molduras laterales ayudan a proteger contra golpes descuidados de puertas, carritos de compras descontrolados y otros percances desafortunados en estacionamientos. Estas molduras combinadas en color añaden un toque de estilo al exterior del vehículo.",null,null,null,"Moldura lateral, blanco Super White",molding-body-side-super-white-toyota-pt938-02140-10-pt9380214010
PT29A4723001,"Molding, Body Side, Silver - Toyota (PT29A-47230-01)",195.79,Toyota,Prs Bsm 1L0 Silver,"Color-matched body side moldings help protect your Prius while adding a little extra exterior style. Help protect against careless door swings, runaway shopping carts and other parking lot mishaps.",null,null,null,null,null,null,null,https://s3.amazonaws.com/rp-part-images/assets/57e6853e90c467bf2356a9cebb7c0c89.webp,null,null,null,null,null,null,null,null,null,null,null,null,null,null,null,null,null,null,null,null,null,10,120,5,6000,1.2,null,Prius moldura lateral 1L0 plata,"Las molduras laterales color-matched ofrecen protección adicional contra golpes y rayones, mientras añaden un estilo elegante al vehículo.",null,null,null,"Moldura lateral, color plata",molding-body-side-silver-toyota-pt29a-47230-01-pt29a4723001
PT9380214011,"Molding, Body Side, Slate Metallic - Toyota (PT938-02140-11)",null,Toyota,Bsm Corolla 1F9 Gray,"Body side moldings help protect against careless door swings, renegade shopping carts and other unfortunate parking lot mishaps. These color-matched moldings add a touch of style to the vehicle’s exterior..",null,null,null,null,null,null,null,https://s3.amazonaws.com/rp-part-images/assets/cf324d4b23489135051a239ca3e1dbc0.webp,https://s3.amazonaws.com/rp-part-images/assets/2667316d4048ea9ec6c326ebea116d61.webp,null,null,null,null,null,null,null,null,null,null,null,null,null,null,null,null,null,null,null,null,2,120,4,960,1,null,Bsm Corolla 1F9 Gris,"Las molduras laterales ayudan a proteger contra golpes descuidados de puertas, carritos de compras descontrolados y otros percances desafortunados en estacionamientos. Estas molduras combinadas en color añaden un toque de estilo al exterior del vehículo.",null,null,null,"Moldura lateral, gris Slate (1F9)",molding-body-side-slate-metallic-toyota-pt938-02140-11-pt9380214011
PT29A4723003,"Molding, Body Side, Red - Toyota (PT29A-47230-03)",195.79,Toyota,Prs Bsm 3U5 Red,"Uniquely designed two-tone body side moldings feature the vehicle's exterior color with Piano Black accentHelp protect against careless door swings, runaway shopping carts and other parking lot mishaps.",null,null,null,null,null,null,null,https://s3.amazonaws.com/rp-part-images/assets/7234a762b8254a548e572fa46170c87d.webp,https://s3.amazonaws.com/rp-part-images/assets/015d791b79ae94e4ad777884f5cde12d.webp,null,null,null,null,null,null,null,null,null,null,null,null,null,null,null,null,null,null,null,null,10,120,5,6000,1.2,null,Prius moldura lateral 3U5 rojo,Las molduras laterales de dos tonos presentan un color exterior combinado con un acento negro piano. Ayudan a proteger contra golpes de puertas y percances en estacionamientos.,null,null,null,"Moldura lateral, color rojo",molding-body-side-red-toyota-pt29a-47230-03-pt29a4723003
PT76735100,Taco Roof Rack - Toyota (PT767-35100),1120.00,Toyota,null,null,null,null,null,null,null,null,null,null,null,null,null,null,null,null,null,null,null,null,null,null,null,null,null,null,null,null,null,null,null,10,150,5,7500,3.5,null,null,null,null,null,null,Portaequipajes de techo Tacoma,taco-roof-rack-toyota-pt767-35100-pt76735100
PT9384213010,"Molding, Body Side, Super White - Toyota (PT938-42130-10)",null,Toyota,Mold Body S RAV4 040,"Body side moldings help protect against careless door swings, renegade shopping carts and other unfortunate parking lot mishaps. These color-matched moldings add a touch of style to the RAV4's exterior.",null,null,null,null,null,null,null,https://s3.amazonaws.com/rp-part-images/assets/cdde9dd123de8a598c669b240c3c4130.webp,https://s3.amazonaws.com/rp-part-images/assets/21a9d28224795a38545b61ca9de0b867.webp,null,null,null,null,null,null,null,null,null,null,null,null,null,null,null,null,null,null,null,null,2,120,4,960,1,null,Mold Body S RAV4 040,"Las molduras laterales ayudan a proteger contra golpes descuidados de puertas, carritos de compras descontrolados y otros percances desafortunados en estacionamientos. Estas molduras combinadas en color añaden un toque de estilo al exterior del RAV4.",null,null,null,"Moldura lateral, blanco Super White",molding-body-side-super-white-toyota-pt938-42130-10-pt9384213010
PT9384716007,"Molding, Body Side, Sea Glass Pearl - Toyota (PT938-47160-07)",null,Toyota,Door Molding,"New two-tone design features exterior color with Piano Black accentHelps provide exterior door protection from scratches, dents and chippingStreamlined to complement Prius stylingExactly matched to the exterior paint finishSet of four.",null,null,null,null,null,null,null,https://s3.amazonaws.com/rp-part-images/assets/da522609be75e478f02ca1b02f68b271.webp,null,null,null,null,null,null,null,null,null,null,null,null,null,null,null,null,null,null,null,null,null,2,120,4,960,1,null,Moldura de puerta,"El diseño bicolor presenta el color exterior con acento en Piano Black. Ayuda a proteger las puertas exteriores contra rayones, abolladuras y desconchaduras de pintura. Diseñado para complementar el estilo del Prius. Juego de cuatro piezas.",null,null,null,"Moldura lateral, verde perlado Sea Glass",molding-body-side-sea-glass-pearl-toyota-pt938-47160-07-pt9384716007
PT9384716010,"Molding, Body Side, Super White - Toyota (PT938-47160-10)",156.25,Toyota,Door Molding,"New two-tone design features exterior color with Piano Black accentHelps provide exterior door protection from scratches, dents and chippingStreamlined to complement Prius stylingExactly matched to the exterior paint finishSet of four.",null,null,null,null,null,null,null,https://s3.amazonaws.com/rp-part-images/assets/bf24f02caf7af118311c5ae89764f49d.webp,https://s3.amazonaws.com/rp-part-images/assets/90486e363065673f71c8e434626779ad.webp,null,null,null,null,null,null,null,null,null,null,null,null,null,null,null,null,null,null,null,null,2,120,4,960,1,null,Moldura de puerta,"El diseño bicolor presenta el color exterior con acento en Piano Black. Ayuda a proteger las puertas exteriores contra rayones, abolladuras y desconchaduras de pintura. Diseñado para complementar el estilo del Prius. Juego de cuatro piezas.",null,null,null,"Moldura lateral, blanco Super White",molding-body-side-super-white-toyota-pt938-47160-10-pt9384716010
PT9384219020,"Moldings, Body Side, Blizzard Pearl - Toyota (PT938-42190-20)",null,Toyota,Door Molding,"Body side moldings help protect against careless door swings, runaway shopping carts and other parking lot mishaps while adding a little extra exterior style\
 Color-matched to the exterior paint Finish\
\
          \
          Fits Rav4 , RAV4 PrimeColor: White Pearl CS. Color Code: 0070 Finish: Painted Location: Mid Door Number of Pieces: 4 \
          \
          Body side moldings help protect against careless door swings, runaway shopping carts and other parking lot mishaps while adding a little extra exterior styleColor-matched to the exterior paint finish.",null,null,null,null,null,null,null,https://s3.amazonaws.com/rp-part-images/assets/4a444ae65dcffd4177ff6e68b9a37f78.webp,null,null,null,null,null,null,null,null,null,null,null,null,null,null,null,null,null,null,null,null,null,2,120,4,960,1,null,Moldura de puerta,"Las molduras laterales ayudan a proteger contra golpes descuidados de puertas, carritos de compras descontrolados y otros percances en estacionamientos, mientras añaden un poco de estilo adicional al exterior.",null,null,null,"Molduras laterales, Blizzard Pearl",moldings-body-side-blizzard-pearl-toyota-pt938-42190-20-pt9384219020
PT29A4723000,"Molding, Body Side, White - Toyota (PT29A-47230-00)",195.79,Toyota,Prs Bsm 089 Plat Whi,"Body side moldings are designed to fit the vehicle exteriorHelp protect against careless door swings, runaway shopping carts and other parking lot mishaps.",null,null,null,null,null,null,null,https://s3.amazonaws.com/rp-part-images/assets/ea424380c3e81848a798ad9accc1e408.webp,https://s3.amazonaws.com/rp-part-images/assets/c4bb133c7ace0f789b1b2df3663a9a5f.webp,null,null,null,null,null,null,null,null,null,null,null,null,null,null,null,null,null,null,null,null,10,120,5,6000,1.2,null,Prius moldura lateral 089 blanco platino,Las molduras laterales del cuerpo están diseñadas para ajustarse perfectamente al exterior del vehículo. Ayudan a proteger contra golpes de puertas y otros percances en estacionamientos.,null,null,null,"Moldura lateral, color blanco",molding-body-side-white-toyota-pt29a-47230-00-pt29a4723000
PT9384219035,"Molding, Body Side - Toyota (PT938-42190-35)",173.41,Toyota,BZ4X Bsm Tpo Plt White,"Body side moldings help protect against careless door swings, runaway shopping carts and other parking lot mishaps while adding a little extra exterior style.Color-matched to the exterior paint finish.",null,null,null,null,null,null,null,https://s3.amazonaws.com/rp-part-images/assets/63992484d58b7fa5b722273584fb8bcc.webp,https://s3.amazonaws.com/rp-part-images/assets/0b572d2dc29e9c3b9f75492b0af252ca.webp,null,null,null,null,null,null,null,null,null,null,null,null,null,null,null,null,null,null,null,null,2,120,4,960,1,null,BZ4X Bsm Tpo Plt White,"Las molduras laterales ayudan a proteger contra golpes descuidados de puertas, carritos de compras descontrolados y otros percances en estacionamientos, mientras añaden un poco de estilo adicional al exterior.",null,null,null,Moldura lateral,molding-body-side-toyota-pt938-42190-35-pt9384219035
PT29A0220011,"Moldings, Body Side, Celestite Gray Metallic - Toyota (PT29A-02200-11)",173.41,Toyota,Door Molding,"Body side moldings help protect against careless door swings, runaway shopping carts and other parking lot mishaps while adding a little extra exterior styleColor-matched to the exterior paint finish.",null,null,null,null,null,null,null,https://s3.amazonaws.com/rp-part-images/assets/90765b5253a49a29a84f217b9d02dd0f.webp,null,null,null,null,null,null,null,null,null,null,null,null,null,null,null,null,null,null,null,null,null,3,120,5,1800,2,null,Moldura de puerta,"Los molduras laterales del cuerpo ayudan a proteger contra golpes de puertas, carritos de supermercado y otros percances, mientras añaden un toque de estilo extra. Están pintadas a juego con el color exterior del vehículo.",null,null,null,"Molduras laterales, gris metálico Celestite",moldings-body-side-celestite-gray-metallic-toyota-pt29a-02200-11-pt29a0220011
PT29A0220022,"Moldings, Body Side, Platinum White Pearl - Toyota (PT29A-02200-22)",173.41,Toyota,Cor Bsm 089 Plt White,"Body side moldings help protect against careless door swings, runaway shopping carts and other parking lot mishaps while adding a little extra exterior styleColor-matched to the exterior paint finish.",null,null,null,null,null,null,null,https://s3.amazonaws.com/rp-part-images/assets/1dd6c13c720acdc70e08e554bb1d6eca.webp,null,null,null,null,null,null,null,null,null,null,null,null,null,null,null,null,null,null,null,null,null,3,120,5,1800,2,null,Corolla moldura lateral 089 blanco platino,"Los molduras laterales del cuerpo ayudan a proteger contra golpes de puertas, carritos de supermercado y otros percances, mientras añaden un toque de estilo extra. Están pintadas a juego con el color exterior del vehículo.",null,null,null,"Molduras laterales, blanco perla platino",moldings-body-side-platinum-white-pearl-toyota-pt29a-02200-22-pt29a0220022
PT29A0220033,"Moldings, Body Side, Ruby Flare Metallic - Toyota (PT29A-02200-33)",173.41,Toyota,Cor Bsm 3T3 Ruby Red,"Body side moldings help protect against careless door swings, runaway shopping carts and other parking lot mishaps while adding a little extra exterior styleColor-matched to the exterior paint finish.",null,null,null,null,null,null,null,https://s3.amazonaws.com/rp-part-images/assets/a2b6677e1d844007b1496b2763a6a126.webp,null,null,null,null,null,null,null,null,null,null,null,null,null,null,null,null,null,null,null,null,null,3,120,5,1800,2,null,Corolla moldura lateral 3T3 rojo rubí,"Los molduras laterales del cuerpo ayudan a proteger contra golpes de puertas, carritos de supermercado y otros percances, mientras añaden un toque de estilo extra. Están pintadas a juego con el color exterior del vehículo.",null,null,null,"Molduras laterales, rojo metálico Ruby Flare",moldings-body-side-ruby-flare-metallic-toyota-pt29a-02200-33-pt29a0220033
PT9384219003,"Moldings, Body Side, Ruby Flare Pearl - Toyota (PT938-42190-03)",173.41,Toyota,Door Molding,"Body side moldings help protect against careless door swings, runaway shopping carts and other parking lot mishaps while adding a little extra exterior style. \
 Color-matched to the exterior paint Finish \
\
          \
          Fits Rav4 Color: Red MC. Color Code: 03T3 Finish: Painted Location: Mid Door Number of Pieces: 4 \
          \
          Body side moldings help protect against careless door swings, runaway shopping carts and other parking lot mishaps while adding a little extra exterior styleColor-matched to the exterior paint finish.",null,null,null,null,null,null,null,https://s3.amazonaws.com/rp-part-images/assets/d37168db5cf88a47fcd6b8a33829619a.webp,https://s3.amazonaws.com/rp-part-images/assets/12cdefc0df98d333afef0f39e5641c55.webp,null,null,null,null,null,null,null,null,null,null,null,null,null,null,null,null,null,null,null,null,2,120,4,960,1,null,Moldura de puerta,"Las molduras laterales ayudan a proteger contra golpes descuidados de puertas, carritos de compras descontrolados y otros percances en estacionamientos, mientras añaden un poco de estilo adicional al exterior. Combinadas con el acabado de pintura exterior.",null,null,null,"Molduras laterales, rojo Ruby Flare",moldings-body-side-ruby-flare-pearl-toyota-pt938-42190-03-pt9384219003
PT9384219006,"Moldings, Body Side, Lunar Rock - Toyota (PT938-42190-06)",173.41,Toyota,Door Molding,"Body side moldings help protect against careless door swings, runaway shopping carts and other parking lot mishaps while adding a little extra exterior styleColor-matched to the exterior paint finish.",null,null,null,null,null,null,null,https://s3.amazonaws.com/rp-part-images/assets/69c745839aaf7b0778e97844164c506d.webp,null,null,null,null,null,null,null,null,null,null,null,null,null,null,null,null,null,null,null,null,null,2,120,4,960,1,null,Moldura de puerta,"Las molduras laterales ayudan a proteger contra golpes descuidados de puertas, carritos de compras descontrolados y otros percances en estacionamientos, mientras añaden un poco de estilo adicional al exterior.",null,null,null,"Molduras laterales, Lunar Rock",moldings-body-side-lunar-rock-toyota-pt938-42190-06-pt9384219006
PT9384219011,"Moldings, Body Side, Magnetic Gray Metallic - Toyota (PT938-42190-11)",173.41,Toyota,Door Molding,"Body side moldings help protect against careless door swings, runaway shopping carts and other parking lot mishaps while adding a little extra exterior style\
 Color-matched to the exterior paint Finish\
\
          \
          Fits Rav4 , RAV4 PrimeColor: Gray ME. Color Code: 01G3 Finish: Painted Location: Mid Door Number of Pieces: 4 \
          \
          Body side moldings help protect against careless door swings, runaway shopping carts and other parking lot mishaps while adding a little extra exterior styleColor-matched to the exterior paint finish.",null,null,null,null,null,null,null,https://s3.amazonaws.com/rp-part-images/assets/23a8e126344f591ef000c057a11e263d.webp,null,null,null,null,null,null,null,null,null,null,null,null,null,null,null,null,null,null,null,null,null,2,120,4,960,1,null,Moldura de puerta,"Las molduras laterales ayudan a proteger contra golpes descuidados de puertas, carritos de compras descontrolados y otros percances en estacionamientos, mientras añaden un poco de estilo adicional al exterior.",null,null,null,"Molduras laterales, gris magnético",moldings-body-side-magnetic-gray-metallic-toyota-pt938-42190-11-pt9384219011
PT29A4820131,"Moldings, Body Side - Toyota (PT29A-48201-31)",173.41,Toyota,Handler Bsm 089 White Prl,Body side moldings help protect against careless door swings and other parking lot mishaps while adding a little extra exterior styleColor-matched to the exterior paint finishBody side moldings follow the lower door styling lines to enhance the vehicle exterior.,null,null,null,null,null,null,null,https://s3.amazonaws.com/rp-part-images/assets/f178b761a00af856dc59edf4aba0c7fc.webp,null,null,null,null,null,null,null,null,null,null,null,null,null,null,null,null,null,null,null,null,null,10,120,5,6000,1.2,null,Handler moldura 089 blanco perla,"Las molduras laterales del cuerpo ayudan a proteger contra golpes de puertas y otros percances en estacionamientos, mientras añaden un toque de estilo extra. Están pintadas a juego con el color exterior del vehículo y siguen las líneas inferiores de las puertas para realzar la estética.",null,null,null,Molduras laterales,moldings-body-side-toyota-pt29a-48201-31-pt29a4820131
PT83K0821023,"Moldings, Body Side, Wind Chill Pearl - Toyota (PT83K-08210-23)",173.41,Toyota,Sien Bsm 089 Wnd Chl,"Body side moldings help protect against careless door swings, runaway shopping carts and other parking lot mishaps while adding a little extra exterior styleColor-matched to the exterior paint.",null,null,null,null,null,null,null,https://s3.amazonaws.com/rp-part-images/assets/845d006125e0bcd9c3b797129703a86e.webp,null,null,null,null,null,null,null,null,null,null,null,null,null,null,null,null,null,null,null,null,null,2,120,5,1200,0.5,null,Sienna moldura lateral 089 blanco perla,Las molduras laterales protegen contra golpes accidentales y están pintadas para combinar con el acabado exterior del vehículo.,null,null,null,"Molduras laterales, Wind Chill Pearl",moldings-body-side-wind-chill-pearl-toyota-pt83k-08210-23-pt83k0821023
PT9384219010,"Moldings, Body Side, Super White - Toyota (PT938-42190-10)",173.41,Toyota,Door Molding,"Body side moldings help protect against careless door swings, runaway shopping carts and other parking lot mishaps while adding a little extra exterior style\
 Color-matched to the exterior paint Finish\
\
          \
          Fits Rav4 , RAV4 PrimeColor: Super White 2 Color Code: 0040 Finish: Painted Location: Mid Door Number of Pieces: 4 \
          \
          Body side moldings help protect against careless door swings, runaway shopping carts and other parking lot mishaps while adding a little extra exterior styleColor-matched to the exterior paint finish.",null,null,null,null,null,null,null,https://s3.amazonaws.com/rp-part-images/assets/50980f80f1b462ff784e25fbcb4d7320.webp,null,null,null,null,null,null,null,null,null,null,null,null,null,null,null,null,null,null,null,null,null,2,120,4,960,1,null,Moldura de puerta,"Las molduras laterales ayudan a proteger contra golpes descuidados de puertas, carritos de compras descontrolados y otros percances en estacionamientos, mientras añaden un poco de estilo adicional al exterior.",null,null,null,"Molduras laterales, blanco Super White",moldings-body-side-super-white-toyota-pt938-42190-10-pt9384219010
PU06003180TF,Mud Guard - Toyota (PU060-03180-TF),40.28,Toyota,"Mud Flap Kit, Mudguard Camry Front Re",US BUILT. front only without sport. JAPAN BUILT. front only without sport.,null,Front,null,null,null,null,null,null,null,null,null,null,null,null,null,null,null,null,null,null,null,null,null,null,null,null,null,null,null,2,60,40,4800,1.5,null,"Kit de salpicaderas, Camry frente",Fabricado en EE.UU.: solo para la parte delantera sin deportivo. Fabricado en Japón: solo para la parte delantera sin deportivo.,null,null,null,"Salpicaderas, Camry frontal",mud-guard-toyota-pu060-03180-tf-pu06003180tf
PU06003181TR,Mud Guard - Toyota (PU060-03181-TR),35.10,Toyota,"Mud Flap Kit, Mudguard Camryse Rrp",US BUILT. rear only with sport. JAPAN BUILT. rear only with sport.,null,Rear,null,null,null,null,null,null,null,null,null,null,null,null,null,null,null,null,null,null,null,null,null,null,null,null,null,null,null,2,60,40,4800,1.5,null,"Kit de salpicaderas, Camry SE",Fabricado en EE.UU.: solo para la parte trasera con deportivo. Fabricado en Japón: solo para la parte trasera con deportivo.,null,null,null,"Salpicaderas, Camry SE traseras",mud-guard-toyota-pu060-03181-tr-pu06003181tr
PK38908M10TP,Mudguards - Toyota (PK389-08M10-TP),87.27,Toyota,"Mudguards, Front And Rear, Sien Mudg Hrdwr Black",Help protect your paint finish from road debris and the damage it causes. Designed to integrate with Sienna exterior styling.,null,"Front, Rear",null,null,null,null,null,https://s3.amazonaws.com/rp-part-images/assets/67f50319b982dec91dfb52d73a019e72.webp,null,null,null,null,null,null,null,null,null,null,null,null,null,null,null,null,null,null,null,null,null,5,30,20,3000,0.6,null,"Salpicaderas, delanteras y traseras, hardware Sienna negro",Protege la pintura contra desechos del camino. Diseñado para integrarse con el estilo exterior de la Sienna.. Guardafangos completos para Sienna.,null,null,null,Salpicaderas,mudguards-toyota-pk389-08m10-tp-pk38908m10tp
PK38916N00TP,"Mudguards, Black - Toyota (PK389-16N00-TP)",87.27,Toyota,Cor Crs Mudg Hwr Black,Help protect the paint finish from road debris and the damage it causes.Blend seamlessly with the exterior stylingSet includes four mudguards.,null,null,null,null,null,null,null,https://s3.amazonaws.com/rp-part-images/assets/32c80f500a1e8b83a5cf8b6a3fc60876.webp,null,null,null,null,null,null,null,null,null,null,null,null,null,null,null,null,null,null,null,null,null,5,30,20,3000,0.6,null,Salpicaderas Corolla Cross hardware negro,Protege la pintura contra desechos del camino. Incluye 4 guardafangos que se integran al diseño exterior.. Juego de guardafangos.,null,null,null,Salpicaderas negras,mudguards-black-toyota-pk389-16n00-tp-pk38916n00tp
PK38947R00TP,Mudguards - Toyota (PK389-47R00-TP),87.27,Toyota,Prs Prsp Mudg Black,Help protect your paint finish from road debris and the damage it causes.Designed to integrate with Prius exterior styling.,null,null,null,null,null,null,null,https://s3.amazonaws.com/rp-part-images/assets/4576b436a2aceefdd652bb0b78ddb1d6.webp,https://s3.amazonaws.com/rp-part-images/assets/56211e355f44078f80b6ca7b5b2f8748.webp,null,null,null,null,null,null,null,null,null,null,null,null,null,null,null,null,null,null,null,null,5,30,20,3000,0.6,null,Salpicaderas Prius Prime negras,Protege la pintura contra desechos del camino. Compatible con el diseño exterior del Prius.. Guardafangos para Prius.,null,null,null,Salpicaderas,mudguards-toyota-pk389-47r00-tp-pk38947r00tp
PT34548200,Mudguards - Toyota (PT345-48200),83.91,Toyota,Mud Flap,Help protect your paint finish from road debris and the damage it causesBlend seamlessly with exterior styling Set includes four mudguardsAvailable for FWD models and standard on AWD models.,null,"Front, Rear",null,null,null,null,null,https://s3.amazonaws.com/rp-part-images/assets/fb712180d32eef2ebb060994ecaf62c1.webp,null,null,null,null,null,null,null,null,null,null,null,null,null,null,null,null,null,null,null,null,null,10,120,5,6000,1.2,null,Loderas,Los guardabarros ayudan a proteger el acabado de pintura de tu vehículo contra residuos del camino y los daños que estos pueden causar. Se integran perfectamente con el diseño exterior del vehículo. Disponibles para modelos FWD y estándar en modelos AWD.,null,null,null,Salpicaderas,mudguards-toyota-pt345-48200-pt34548200
PT92435241,Taco Intapp Dcab 4P - Toyota (PT924-35241),83.91,Toyota,null,null,null,null,null,null,null,null,null,null,null,null,null,null,null,null,null,null,null,null,null,null,null,null,null,null,null,null,null,null,null,10,150,80,120000,8,null,null,null,null,null,null,Caja interior doble cabina Tacoma,taco-intapp-dcab-4p-toyota-pt924-35241-pt92435241
PT90702201,"Paint Protection Film , Front Bumper - Toyota (PT907-02201)",392.00,Toyota,Paint Protection Film,"Genuine Toyota paint protection film helps protect  the paint finish from chips and scratchesMultiple film layers of durable, nearly invisible urethane help provide protection and resist discolorationDesigned for specific sections of the vehicle that are most prone to chipping.",null,null,null,null,null,null,null,null,null,null,null,null,null,null,null,null,null,null,null,null,null,null,null,null,null,null,null,null,null,5,100,10,5000,1.2,null,Película de protección de pintura,null,null,null,null,"Película de protección de pintura, defensa delantera",paint-protection-film-front-bumper-toyota-pt907-02201-pt90702201
PT90708210,"Paint Protection Film Package, Hood, Fender - Toyota (PT907-08210)",236.32,Toyota,Paint Protection Film,"Multiple film layers of durable, nearly invisible urethane help provide protection and resist discoloration Designed for specific sections of the vehicle that are most prone to chipping.",null,null,null,null,null,null,null,https://s3.amazonaws.com/rp-part-images/assets/aece2472c7a53788593c6b7cd2a12bf9.webp,null,null,null,null,null,null,null,null,null,null,null,null,null,null,null,null,null,null,null,null,null,5,100,10,5000,1.2,null,Película de protección de pintura,null,null,null,null,"Paquete de película protectora, cofre y salpicadera",paint-protection-film-package-hood-fender-toyota-pt907-08210-pt90708210
PT90734221,"Paint Protection Film, Hood - Toyota (PT907-34221)",236.32,Toyota,Tun Ppf Trd Pro W Ov,"Genuine Toyota paint protection film helps protect the paint finish from chips and scratches.•Multiple film layers of durable, nearly invisible urethane help provide protection and resist discoloration•Designed for specific sections of the vehicle that are most prone to chipping•Kit includes paint protection film for hood, fenders, mirror backs and door cups•Paint protection film for the front bumper sold separately.",null,null,null,null,null,null,null,https://s3.amazonaws.com/rp-part-images/assets/fb6b91ab4f2a4c6dfd282bfca0c0ecda.webp,null,null,null,null,null,null,null,null,null,null,null,null,null,null,null,null,null,null,null,null,null,5,100,10,5000,1.2,null,Tundra Ppf TRD Pro c/ Overlap,"Protege el acabado de pintura contra astillas y rayones con película de uretano de múltiples capas. Incluye kit para capó, guardafangos, espejos y copas de las puertas.",null,null,null,"Película de protección de pintura, cofre",paint-protection-film-hood-toyota-pt907-34221-pt90734221
PT90735242,Paint Protection Film - Toyota (PT907-35242),392.00,Toyota,Taco Ppf Frbmpr W Fg,"Genuine Toyota paint protection film helps protect the paint finish from chips and scratches.. Multiple film layers of durable, nearly invisible urethane help provide protection and resist discoloration. Designed for specific sections of the vehicle that are most prone to chipping. Kit includes paint protection film for front bumper and painted grille.",null,null,null,null,null,null,null,https://s3.amazonaws.com/rp-part-images/assets/cb71490b4966b49255dd27bd0f6dd2e5.webp,null,null,null,null,null,null,null,null,null,null,null,null,null,null,null,null,null,null,null,null,null,5,100,10,5000,1.2,null,Tacoma ppf defensa delantera c/ faros,null,null,null,null,Película de protección de pintura,paint-protection-film-toyota-pt907-35242-pt90735242
PT90747231,Paint Protection Film - Toyota (PT907-47231),392.00,Toyota,Prs Prsp Ppf Wo Int,"Genuine Toyota paint protection film helps protect the paint finish from chips and scratches. Multiple film layers of durable, nearly invisible urethane help provide protection and resist discoloration. Designed for specific sections of the vehicle that are most prone to chipping. Kit includes paint protection film for hood, fenders, mirror backs, and door cups. Paint protection film for the front bumper sold seperately.",null,null,null,null,null,null,null,https://s3.amazonaws.com/rp-part-images/assets/0b945662eb7603059c962d6573d76449.webp,null,null,null,null,null,null,null,null,null,null,null,null,null,null,null,null,null,null,null,null,null,5,100,10,5000,1.2,null,Prius Prime ppf sin interior,null,null,null,null,Película de protección de pintura,paint-protection-film-toyota-pt907-47231-pt90747231
PT90747232,Paint Protection Film - Toyota (PT907-47232),236.32,Toyota,Prs Prsp Ppf HD Fnd,"Genuine Toyota paint protection film helps protect the paint finish from chips and scratches. Multiple film layers of durable, nearly invisible urethane help provide protection and resist discoloration. Designed for specific sections of the vehicle that are most prone to chipping. Kit includes paint protection film for hood, fenders, mirror backs, and door cups. Paint protection film for the front bumper sold seperately.",null,null,null,null,null,null,null,https://s3.amazonaws.com/rp-part-images/assets/254d787c6dc0fb85a1255839f949f49f.webp,null,null,null,null,null,null,null,null,null,null,null,null,null,null,null,null,null,null,null,null,null,5,100,10,5000,1.2,null,Prius Prime ppf cofre/salpicaderas,null,null,null,null,Película de protección de pintura,paint-protection-film-toyota-pt907-47232-pt90747232
PTR56352402F,Taco Whl Flt Black 18 - Toyota (PTR56-35240-2F),null,Toyota,null,null,null,null,null,null,null,null,null,null,null,null,null,null,null,null,null,null,null,null,null,null,null,null,null,null,null,null,null,null,null,5,52,34,8840,0.89,null,null,null,25174418,"Wheels, Tires & Parts",null,null,ptr56352402f
PT90702203AA,Ppf Fndrs Hdext Cor - Toyota (PT907-02203-AA),99.57,Toyota,null,null,null,null,null,null,null,null,null,null,null,null,null,null,null,null,null,null,null,null,null,null,null,null,null,null,null,null,null,null,null,5,100,10,5000,1.2,null,null,null,null,null,null,Ppf Fndrs Hdext Corolla,ppf-fndrs-hdext-cor-toyota-pt907-02203-aa-pt90702203aa
PT90700190,Profilm Bulk 24 - Toyota (PT907-00190),4065.60,Toyota,null,null,null,null,null,PT907-00090,null,null,null,null,null,null,null,null,null,null,null,null,null,null,null,null,null,null,null,null,null,null,null,null,null,10,24,10,2400,1,null,null,"Película de protección de pintura genuina Toyota diseñada para proteger contra astillas y rayones, con capas de uretano duradero y casi invisible.",null,null,null,Película protectora Profilm Bulk 24,profilm-bulk-24-toyota-pt907-00190-pt90700190
PT9084221520,Rav Awfl Black 3 Pc - Toyota (PT908-42215-20),139.85,Toyota,Floor Mat Set,"Engineered to precisely fit your vehicle, all-weather floor liners are made from durable, flexible, weather-resistant material that cleans easilyPrecise injection molding uses Toyota's original vehicle design data for a perfect fitIncludes two front liners and one rear linerLiners feature ribbed channels to better hold moisture and a stylish vehicle logoSkid-resistant backing and driver-side quarter-turn fasteners help keep the liners in place .",null,"Front, Rear",null,PT908-42190-02,null,null,null,https://s3.amazonaws.com/rp-part-images/assets/0430d8fe08222daa61a60cecd4ac59bf.webp,null,null,null,null,null,null,null,null,null,null,null,null,null,null,null,null,null,null,null,null,null,2,100,70,14000,3,null,Juego de tapetes,null,null,null,null,Tapetes de piso todo clima RAV4 negros (3 piezas),rav-awfl-black-3-pc-toyota-pt908-42215-20-pt9084221520
PT29A16220LH,Cor Crs Bsm Primr Ls - Toyota (PT29A-16220-LH),62.17,Toyota,null,null,null,null,null,null,null,null,null,null,null,null,null,null,null,null,null,null,null,null,null,null,null,null,null,null,null,null,null,null,null,10,20,10,2000,0.6,null,null,"Los molduras laterales del cuerpo ayudan a proteger contra golpes de puertas y otros percances en estacionamientos, añadiendo un toque de estilo exterior extra.",null,null,null,Moldura lateral Corolla Cross imprimada (LH),cor-crs-bsm-primr-ls-toyota-pt29a-16220-lh-pt29a16220lh
PT29A16220RH,Cor Crs Bsm Primrd R - Toyota (PT29A-16220-RH),62.17,Toyota,null,null,null,null,null,null,null,null,null,null,null,null,null,null,null,null,null,null,null,null,null,null,null,null,null,null,null,null,null,null,null,10,20,10,2000,0.6,null,null,"Los molduras laterales del cuerpo ayudan a proteger contra golpes de puertas y otros percances en estacionamientos, añadiendo un toque de estilo exterior extra.",null,null,null,Moldura lateral Corolla Cross imprimada (RH),cor-crs-bsm-primrd-r-toyota-pt29a-16220-rh-pt29a16220rh
PT83K0821002,"Body Side Molding, Blueprint - Toyota (PT83K-08210-02)",173.41,Toyota,Door Molding,"Body side moldings help protect against careless door swings, runaway shopping carts, and other parking lot mishaps while adding a little extra exterior style.",null,null,null,null,null,null,null,https://s3.amazonaws.com/rp-part-images/assets/fa15029fc3fa0f89d711000241d2f50a.webp,null,null,null,null,null,null,null,null,null,null,null,null,null,null,null,null,null,null,null,null,null,2,120,5,1200,0.5,null,Moldura de puerta,Las molduras laterales protegen contra golpes accidentales y están pintadas para combinar con el acabado exterior del vehículo.,null,null,null,"Molduras laterales, Blueprint (azul)",body-side-molding-blueprint-toyota-pt83k-08210-02-pt83k0821002
PT93835240,"5"" Oval Tube Steps - Black - Toyota (PT938-35240)",481.60,Toyota,Taco Tub Step D Cab,null,null,null,null,null,null,null,null,https://s3.amazonaws.com/rp-part-images/assets/775b54fe7dc58b0eb3e4dfa88b1bd4ac.webp,null,null,null,null,null,null,null,null,null,null,null,null,null,null,null,null,null,null,null,null,null,12,150,15,27000,8.5,null,Tacoma Tub Step Doble Cabina,null,null,null,null,"Pasos tubulares ovalados de 5"" en negro",5-oval-tube-steps-black-toyota-pt938-35240-pt93835240
PT79100841,"Tow Hitch Ball, 1 7\\\\/8\\\"" - Toyota (PT791-00841)",null,Toyota,Trailer Hitch Ball,"1-7/8"" ball diameter x 3/4"" shank diameter x 1-1/2"" shank length. See a Toyota Parts Professional for specific information about your vehicle.",null,null,null,00214-00954,null,null,null,https://s3.amazonaws.com/rp-part-images/assets/7ecd1117e0ae215fa55b8c2658f2d8aa.webp,null,null,null,null,null,null,null,null,null,null,null,null,null,null,null,null,null,null,null,null,null,10,5,5,250,1,null,Bola de enganche para remolque,Diámetro de bola: 1-7/8 pulgadas; diámetro de vástago: 3/4 pulgadas; longitud de vástago: 1-1/2 pulgadas. Consulta a un profesional de partes Toyota para información específica de tu vehículo.,null,null,null,"Bola de remolque, 1 7/8""",tow-hitch-ball-1-7-8-toyota-pt791-00841-pt79100841
PT9290318102,"Rocker Panel Appliqu?, Black - Toyota (PT929-03181-02)",32.45,Toyota,Rocker Panel Guard,"Provides a stylish enhanCement to your Camry.\
 Designed for an exact fit\
 Helps protect exterior paint surfaces\
 \
\
          \
          Fits Camry Color: Black \
          \
          Provides a stylish enhancement to your CamryDesigned for an exact fitHelps protect the exterior pant.",null,null,null,null,null,null,null,https://s3.amazonaws.com/rp-part-images/assets/8b8a17c7c6b9813b1110e306feacdaa2.webp,null,null,null,null,null,null,null,null,null,null,null,null,null,null,null,null,null,null,null,null,null,2,150,10,3000,1.5,null,Protector de rocker panel,Proporciona un toque estilizado a tu Camry. Diseñado para un ajuste exacto y para proteger las superficies pintadas exteriores. Acabado en negro.,null,null,null,"Aplique de panel lateral, negro",rocker-panel-appliqu-black-toyota-pt929-03181-02-pt9290318102
PT94435250,Side Storage Case - Toyota (PT944-35250),13.43,Toyota,Taco 4RUN Sdstorbx,null,null,null,null,null,null,null,null,https://s3.amazonaws.com/rp-part-images/assets/8fb20f6325fa2eba02d7980dc2b98b6f.webp,null,null,null,null,null,null,null,null,null,null,null,null,null,null,null,null,null,null,null,null,null,15,40,25,15000,2,null,Taco 4RUN Sdstorbx,null,null,null,null,Caja de almacenamiento lateral,side-storage-case-toyota-pt944-35250-pt94435250
PT94435252,Taco 4RUN Storbx - Toyota (PT944-35252),33.56,Toyota,null,null,null,null,null,null,null,null,null,null,null,null,null,null,null,null,null,null,null,null,null,null,null,null,null,null,null,null,null,null,null,15,40,25,15000,2,null,null,null,null,null,null,Caja de almacenamiento Tacoma/4Runner,taco-4run-storbx-toyota-pt944-35252-pt94435252
PT92203184,Illuminated Door Sills - Toyota (PT922-03184),201.38,Toyota,Door Sill Plate,"This smart and stylish addition helps preVent door sill scuffs and scrapes.The durable brushed-stainless steel Finish features polished accents and the Camry LED Logo illuminates icy White when the front doors are open.\
          \
          Fits Camry Finish: Brushed Front Illumination: Yes Illumination Color: White Logo: Camry Material: Stainless Steel And Plastic Number of Pieces: 4 Rear Illumination: No \
          \
          Don’t just step in...make an entrance with this stylish addition that helps prevent door sill scuffs and scrapes.The durable brushed-stainless steel finish features polished accents and an LED logo that illuminates when the front doors are opened..",null,"Front, Rear",null,"PT922-03180, PT922-03183",null,null,null,https://s3.amazonaws.com/rp-part-images/assets/3ee39b5e1857833e2167da3c74cab6f3.webp,null,null,null,null,null,null,null,null,null,null,null,null,null,null,null,null,null,null,null,null,null,3,100,5,1500,1.2,null,Placa de umbral de puerta,Una adición inteligente y estilizada que ayuda a prevenir marcas y arañazos en los umbrales de las puertas. Acabado de acero inoxidable cepillado duradero con acentos pulidos y logotipo LED de Camry que ilumina blanco helado al abrir las puertas delanteras. Proporciona una entrada elegante y protección funcional.,null,null,null,Umbrales de puerta iluminados,illuminated-door-sills-toyota-pt922-03184-pt92203184
PT27808500,"Roof, Cross Bars - Toyota (PT278-08500)",110.76,Toyota,Roof Rack Bar,"Roof Rack Cross Bars mount directly to the roof rails to help you carry additional cargoProvide additional secure tie-down points for a variety of roof rack accessoriesLE, XLE, and XSE models require optional Side Rails to accommodate Roof Rack Cross Bars.",null,null,null,null,null,null,null,https://s3.amazonaws.com/rp-part-images/assets/6e431ca4ab1e90ceb19314b8800cfc55.gif,null,null,null,null,null,null,null,null,null,null,null,null,null,null,null,null,null,null,null,null,null,5,120,10,6000,3.5,null,Barra de portaequipajes de techo,Las barras transversales del portaequipajes se montan directamente en los rieles del techo para transportar carga adicional. Proporcionan puntos de amarre adicionales para accesorios de portaequipajes.,null,null,null,Barras transversales de techo,roof-cross-bars-toyota-pt278-08500-pt27808500
PT76748201,"Roof Rack Cross Bars, On-Roof Mount - Toyota (PT767-48201)",263.20,Toyota,Roof Rack Bar,Mount directly to the roof to help carry additional cargo. •Includes mounting screws that easily attach to fittings located inside the roofAerodynamic styling to help minimize wind noiseFootings are contoured to fit the recessed roof channel.,null,null,null,null,null,null,null,https://s3.amazonaws.com/rp-part-images/assets/db8432c317a2020bcd3aa8876d9085b6.webp,null,null,null,null,null,null,null,null,null,null,null,null,null,null,null,null,null,null,null,null,null,10,150,5,7500,3.5,null,Barra de portaequipajes,Se montan directamente en el techo para transportar carga adicional. Incluyen tornillos de montaje para un ajuste seguro y cuentan con un diseño aerodinámico que reduce el ruido del viento.,null,null,null,"Barras transversales de techo, montaje en techo",roof-rack-cross-bars-on-roof-mount-toyota-pt767-48201-pt76748201
PW30147009,"Roof Cross Bars, Removable, 100lb Capacity - Toyota (PW301-47009)",298.85,Toyota,Roof Rack Bar,"Take along all kinds of cargo with Genuine Toyota cross bars.\
 Provides up to 150 lb. of cargo capacity (when evenly distributed across both bars)\
 Constructed with a durable, weather-resistant Finish\
 \
\
          \
          Fits Prius, Prius PrimeBolt: With Anti-Rotation Clip Capacity: 152 lbs / 69 kg KEYS: With Keys Mounting Type : DIRECT (ON Roof)  Number of Pieces: 2 Do not overload your vehicle. See Owner's Manual for weight limits and restrictions.\
          \
          Take along all kinds of cargo with Genuine Toyota crossbarsProvides up to 150 lb. of cargo capacity (when evenly distributed across both bars)Constructed with a durable, weather-resistant finish.",null,null,null,PW301-47005,null,null,null,https://s3.amazonaws.com/rp-part-images/assets/2205daf6712a11601bb19f3191d88d46.webp,https://s3.amazonaws.com/rp-part-images/assets/ce22663521417b8dc6e16ddf6eb143b9.webp,https://s3.amazonaws.com/rp-part-images/assets/0b326d7a4fb6370b4c203dae20dce380.webp,null,null,null,null,null,null,null,null,null,null,null,null,null,null,null,null,null,null,null,10,140,20,28000,5.5,null,Roof Rack Bar,"Lleva todo tipo de carga con las barras transversales originales de Toyota. Proporcionan hasta 150 lb (69 kg) de capacidad de carga (cuando se distribuye uniformemente entre ambas barras). Construidas con un acabado duradero y resistente a la intemperie. Compatibilidad: Encajan en Prius, Prius Prime. Incluyen: Tornillo con clip antirrotación, capacidad de 152 lb (69 kg), llaves incluidas. Tipo de montaje: Directo (en el techo). Número de piezas: 2. Nota: No sobrecargues tu vehículo. Consulta el manual del propietario para conocer los límites de peso y restricciones.",null,null,null,"Barras de techo removibles, capacidad 100 lb",roof-cross-bars-removable-100lb-capacity-toyota-pw301-47009-pw30147009
PT9194723520,"Floor Mats, Carpet, Black - Toyota (PT919-47235-20)",130.90,Toyota,Prs Cflm Black,"Long-wearing, fade-resistant carpet floor mats help keep your interior looking new.Precisely engineered to fit your vehicle's floorSkid-resistant backing and driver-side quarter-turn fasteners help secure mat in positionFeatures a Prius logo.",null,null,null,null,null,null,null,https://s3.amazonaws.com/rp-part-images/assets/37ef3d4ae7cf3e3dfad6cbf83d66b5f4.webp,null,null,null,null,null,null,null,null,null,null,null,null,null,null,null,null,null,null,null,null,null,2,100,70,14000,3,null,Prius cflm negro,"Alfombrillas de alfombra duraderas y resistentes al desgaste que ayudan a mantener tu interior en buen estado. Diseñadas con precisión para ajustarse al piso del vehículo, incluyen respaldo antideslizante y sujetadores de giro de un cuarto en el lado del conductor. Presentan un logotipo de Prius.",null,null,null,"Tapetes de piso, alfombra, color negro",floor-mats-carpet-black-toyota-pt919-47235-20-pt9194723520
PT27842192,Roof Rack Cross Bars - Toyota (PT278-42192),190.20,Toyota,Roof Luggage Carrier Cross Rail,"Mount directly to the Roof rails to help carry additional cargo.
\
 Includes Mounting screws that easily attach to Mounting points on the Roof rail
\
 Aerodynamic styling to help minimize wind noise
\

\
          
\
          Fits Rav4 , RAV4 PrimeBolt: With Anti-Rotation Clip DOCUMENTS: With User Guide KEYS: With Keys Mounting Type : ONTo SIDE RAIL  Number of Pieces: 2 Do not overload your vehicle. See Owner Manual for weight limits and restrictions. Cargo and load capacity are limited by weight and distribution.??
\
          
\
          Mount directly to the roof rails to help carry additional cargoIncludes mounting screws that easily attach to mounting points on the roof railAerodynamic styling to help minimize wind noiseAvailable for all models except Adventure models.",null,null,null,null,null,null,null,https://s3.amazonaws.com/rp-part-images/assets/916331f73b3ecc5e31362e87b0f762a4.webp,null,null,null,null,null,null,null,null,null,null,null,null,null,null,null,null,null,null,null,null,null,5,120,10,6000,4,null,Riel transversal de portaequipajes de techo,Se montan directamente en los rieles del techo para llevar carga adicional. Incluyen tornillos de montaje que se fijan fácilmente a los puntos de montaje en los rieles. Su diseño aerodinámico ayuda a minimizar el ruido del viento.,null,null,null,Barras transversales de portaequipajes de techo,roof-rack-cross-bars-toyota-pt278-42192-pt27842192
PT76716220,Roof Rack Cross Bars - Toyota (PT767-16220),246.40,Toyota,Cor Crs Crbar Doc Mt,Roof Rack Cross Bars mount directly to the roof rails to help carry additional cargo.Includes mounting screws that easily attach to mounting points on the roof railAerodynamic styling to help minimize wind noiseFeatures custom Corolla Cross logo.,null,null,null,null,null,null,null,https://s3.amazonaws.com/rp-part-images/assets/c297b04419efa671cb37a9f4bf47e86c.webp,null,null,null,null,null,null,null,null,null,null,null,null,null,null,null,null,null,null,null,null,null,10,150,5,7500,3.5,null,Barras transversales Corolla Cross,Las barras transversales del techo se montan directamente sobre los rieles del techo para transportar carga adicional. Incluyen tornillos de montaje fáciles de fijar y cuentan con un diseño aerodinámico que minimiza el ruido del viento. Incluyen un logotipo personalizado de Corolla Cross.,null,null,null,Barras transversales de portaequipajes,roof-rack-cross-bars-toyota-pt767-16220-pt76716220
PT76748200,Roof Rack Cross Bars - Toyota (PT767-48200),240.80,Toyota,Roof Luggage Carrier Cross Rail,Mount directly to the roof rails to help carry additional cargoIncludes mounting screws that easily attach to fittings located inside the roofCompatible with optional panoramic roofAerodynamic styling to help minimize wind noise.,null,null,null,null,null,null,null,https://s3.amazonaws.com/rp-part-images/assets/a335809eda68680928861a32dbb71b3b.webp,null,null,null,null,null,null,null,null,null,null,null,null,null,null,null,null,null,null,null,null,null,10,150,5,7500,3.5,null,Barra transversal de portaequipajes,Se montan directamente en los rieles del techo para transportar carga adicional. Incluyen tornillos de montaje fáciles de fijar y son compatibles con techos panorámicos opcionales.,null,null,null,Barras transversales de techo,roof-rack-cross-bars-toyota-pt767-48200-pt76748200
PT92542160,Running Boards - Toyota (PT925-42160),421.13,Toyota,Running Board,"Sturdy running boards provide easy, safe step-in access to the vehicleSkid-resistant step pads ensure secure footingFeatures form fitting end caps for a streamlined and finished lookDesigned to correspond with the RAV4’s unique styling.",null,null,null,"PT925-42130, PT925-42131",null,null,null,https://s3.amazonaws.com/rp-part-images/assets/2de8f55e601959092582a8f70cf50a8f.webp,https://s3.amazonaws.com/rp-part-images/assets/91a1ed62cf2060e898f5d51983d09bca.webp,null,null,null,null,null,null,null,null,null,null,null,null,null,null,null,null,null,null,null,null,15,180,15,40500,12,null,Estribo,"Los estribos robustos proporcionan un acceso seguro y fácil al vehículo. Almohadillas antideslizantes garantizan una pisada segura. Diseñados para ajustarse a las líneas únicas del RAV4, incluyen tapas de extremo con diseño aerodinámico para un acabado elegante.",null,null,null,Estribos,running-boards-toyota-pt925-42160-pt92542160
PT97135240,Taco Console Safe 24 - Toyota (PT971-35240),274.40,Toyota,null,null,null,null,null,null,null,null,null,null,null,null,null,null,null,null,null,null,null,null,null,null,null,null,null,null,null,null,null,null,null,15,35,30,15750,5,null,null,null,null,null,null,Caja fuerte de consola Tacoma 24,taco-console-safe-24-toyota-pt971-35240-pt97135240
PT97135241,Taco Console Safe 40 - Toyota (PT971-35241),274.40,Toyota,null,null,null,null,null,null,null,null,null,null,null,null,null,null,null,null,null,null,null,null,null,null,null,null,null,null,null,null,null,null,null,15,35,30,15750,5,null,null,null,null,null,null,Caja fuerte de consola Tacoma 40,taco-console-safe-40-toyota-pt971-35241-pt97135241
PT94947160AB,"Seat Post Mount, Service - Toyota (PT949-47160-AB)",23.54,Toyota,Seat Post Mount,This is a Seat Post Mount service part..,null,null,null,null,null,null,null,null,null,null,null,null,null,null,null,null,null,null,null,null,null,null,null,null,null,null,null,null,null,15,8,5,600,0.3,null,Seat Post Mount,Esta es una pieza de servicio para el soporte del poste del asiento.,null,null,null,Soporte de poste de asiento (servicio),seat-post-mount-service-toyota-pt949-47160-ab-pt94947160ab
PT92447160,"Bumper Protector, Rear - Toyota (PT924-47160)",72.72,Toyota,Bumper Protection Pad,Helps protect the top painted surface of the rear bumper from scrapes and scratchesRaised tread pattern enhances the stylish looks of your PriusSkid-resistant surface provides practical assistance when loading and unloading cargoFeatures vehicle logo.,null,null,null,null,null,null,null,https://s3.amazonaws.com/rp-part-images/assets/97fc01e2b276466146e261481aa432f7.webp,null,null,null,null,null,null,null,null,null,null,null,null,null,null,null,null,null,null,null,null,null,2,120,10,2400,1.5,null,Protección de defensa,"Ayuda a proteger la superficie pintada superior del parachoques trasero contra rasguños y marcas. El diseño elevado mejora el estilo del Prius, mientras que la superficie antideslizante ofrece asistencia práctica al cargar y descargar. Incluye el logotipo del vehículo.",null,null,null,Protector de defensa trasera,bumper-protector-rear-toyota-pt924-47160-pt92447160
PT9244820505,"Exterior Trim, Rear Bumper Protector - Toyota (PT924-48205-05)",77.20,Toyota,Bumper Sill Protector,"This Rear Bumper Protector helps keep the top surface of the rear bumper free of scrapes and scratches while adding a touch of style.The chrome finish enhances Highlander's sporty style, and provides protection when loading or unloading cargoCustom-tailored for an exact fit to the rear bumper.",null,Rear,null,null,null,null,null,https://s3.amazonaws.com/rp-part-images/assets/91613ae66daf757d0dbedad3bcbb9f7b.webp,null,null,null,null,null,null,null,null,null,null,null,null,null,null,null,null,null,null,null,null,null,2,120,10,2400,1.5,null,Protector de borde de defensa,Este protector de parachoques trasero ayuda a mantener la superficie superior libre de arañazos mientras añade un toque de estilo. El acabado cromado realza el diseño deportivo del Highlander y protege al cargar o descargar carga. Ajuste personalizado al parachoques trasero.,null,null,null,"Aplique exterior, protector de defensa trasera",exterior-trim-rear-bumper-protector-toyota-pt924-48205-05-pt9244820505
PT92535240,Predator Tube Step - Toyota (PT925-35240),565.60,Toyota,Taco Tub Step Dcab,Predator Tube Step is a highly functional and stylish upgrade for your truck. Complements the Tacoma's rugged design and improves access to the cab. Black powder-coat finish. Drop steps for easy access. Durable construction is chip-and rust-resistant.,null,null,null,null,null,null,null,https://s3.amazonaws.com/rp-part-images/assets/98e1b57d4d41469d24c2c99a67697175.webp,null,null,null,null,null,null,null,null,null,null,null,null,null,null,null,null,null,null,null,null,null,15,180,15,40500,12,null,Tacoma escalón tubular doble cabina,El paso tubular depredador es una mejora funcional y estilizada para tu camioneta. Complementa el diseño robusto del Tacoma y mejora el acceso a la cabina. Acabado negro con recubrimiento en polvo y construcción duradera resistente a astilladuras y óxido.,null,null,null,Escalón tubular Predator,predator-tube-step-toyota-pt925-35240-pt92535240
PT9244821020,Handler Cgtry Black - Toyota (PT924-48210-20),100.69,Toyota,Cargo Area Liner,"Help keep your cargo area looking new with the tough, flexible and lightweight cargo linerPrecisely engineered to fit the Highlander's cargo floor and covers third row seatback area with flexibility for coverage when seats are up or downEasy to install and remove, it cleans with soap and waterMolded perimeter lip helps contain spillsCargo Liner available for models with subwoofer.",null,null,null,"PT924-48200-20, PT924-48201-20",null,null,null,https://s3.amazonaws.com/rp-part-images/assets/b196e51e55ce390603cf2f4e86219a09.webp,null,null,null,null,null,null,null,null,null,null,null,null,null,null,null,null,null,null,null,null,null,15,60,40,36000,3.5,null,Protector de área de carga,"Ayuda a mantener el área de carga en buen estado con el revestimiento flexible, ligero y duradero. Diseñado con precisión para ajustarse al piso de carga del Highlander y cubrir la tercera fila de asientos, con flexibilidad para cubrirlos cuando están levantados o abatidos. Fácil de instalar y limpiar con agua y jabón.",null,null,null,Moldeador de carga Handler negro,handler-cgtry-black-toyota-pt924-48210-20-pt9244821020
PT27612160,"Wheel Locks, Alloy, Chrome Finish - Toyota (PT276-12160)",39.16,Toyota,Wheel Lock,Narrow groove security patterns and specially coded keys help provide maximum securityThrough�hardened steel construction resists removal by gripping type toolsTriple�nickel chrome plating for superior corrosion resistanceNo moving parts to damage or corrodeSpecial ID card for registering customer�s unique security code.,null,null,null,null,null,null,null,https://s3.amazonaws.com/rp-part-images/assets/28980ba0ab1ade84f3cd16402177540a.webp,https://s3.amazonaws.com/rp-part-images/assets/d1db800fb801fece9382ff1568b7a329.webp,null,null,null,null,null,null,null,null,null,null,null,null,null,null,null,null,null,null,null,null,4,10,10,400,0.8,null,Tuercas de Seguridad para Ruedas,Juego de tuercas de seguridad cromadas para ruedas de Corolla.,null,Ruedas,null,null,PT27612160
PT27602200,"Wheel Locks, Chrome Finish - Toyota (PT276-02200)",30.21,Toyota,Wheel Lock Set,This is a Chrome Wheel Lock part for the Corolla.,null,null,null,null,null,null,null,https://s3.amazonaws.com/rp-part-images/assets/155a798fd3bc6051c60606bad2551d17.gif,null,null,null,null,null,null,null,null,null,null,null,null,null,null,null,null,null,null,null,null,null,10,10,10,1000,0.5,null,Juego de Tuercas de Seguridad para Ruedas,Juego de tuercas de seguridad cromadas para ruedas de Corolla.,null,Ruedas,null,null,PT27602200
PT92535170,"Assist Step, Predator Tube Steps - Toyota (PT925-35170)",542.08,Toyota,Running Board,"A highly functional and stylish upgrade for your truck, the predator tube step complements the Tacoma 's rugged design and improves Access to the cab.\
 Black powder-coat Finish\
 Drop steps for easy Access\
 Durable, 6061 aluminum construction is chip- and rust-resistant\
 \
\
          \
          Fits Tacoma  CAB SIZE: Double CAB Finish: Powder Coated \
          \
          Predator-Tube Steps are costructed of 6061 Aluminum with a black powder coatingDesigned specifically to complement the Tacoma’s stylingFeature 12.5” x 2.5” drop steps (2 on each side).",null,null,null,PT925-35160,null,null,null,https://s3.amazonaws.com/rp-part-images/assets/af0aa4d97bd9a9bb6f3c4cb7dc751a21.webp,https://s3.amazonaws.com/rp-part-images/assets/f8dc85db783e75369c77c0789e8e5530.webp,null,null,null,null,null,null,null,null,null,null,null,null,null,null,null,null,null,null,null,null,15,180,15,40500,12,null,Estribo,"Un paso tubular depredador que combina funcionalidad y estilo para tu Tacoma. Construcción en aluminio 6061 con recubrimiento en polvo negro, escalones de 12.5"" x 2.5"" en ambos lados. Diseñado específicamente para complementar el estilo del Tacoma con una instalación fácil y sin perforaciones.",null,null,null,"Pasos de ayuda, Predator Tube Steps",assist-step-predator-tube-steps-toyota-pt925-35170-pt92535170
PT92535242,Rocker Protector - Toyota (PT925-35242),408.80,Toyota,Taco D Cab Rocker Pr,"Provides durable undercarriage frame protection in off-road applications. Features electro-deposition coating (e-coating) for superior corrosion protection and longevity, followed by a textured black powder topcoat to prevent chalkiness, peeling, chips and scratches. Robotic welding ensures precise fit to vehicle. Designed to attach to existing vehicle mounts with no drilling required.",null,null,null,null,null,null,null,https://s3.amazonaws.com/rp-part-images/assets/546e104ddc6236c505ee9f012cc2aca3.webp,null,null,null,null,null,null,null,null,null,null,null,null,null,null,null,null,null,null,null,null,null,10,150,10,15000,8,null,Tacoma doble cabina protector lateral,"Proporciona protección duradera al bastidor inferior en aplicaciones todoterreno. Incluye un revestimiento electroforético (e-coating) para una protección superior contra la corrosión, seguido de una capa superior texturizada en negro en polvo para evitar el desgaste, astillas y rayaduras. La soldadura robótica asegura un ajuste preciso al vehículo. Diseñado para acoplarse a los soportes existentes sin necesidad de perforaciones.",null,null,null,"Protector lateral, Rocker",rocker-protector-toyota-pt925-35242-pt92535242
PT45A03210,TRD Gear Shift Knob - Automatic Transmission - Toyota (PT45A-03210),55.94,Toyota,Automatic Transmission Shift Handle,"Upgrade your vehicle�shift knob with this red-stitched, leather wrapped shifter featuring TRD logo.TRD shifter proudly displays TRD logo while leather-stitched texture helps provide extra gripProvides an eye-catching addition to the�interiorEasy installation.",null,null,null,null,null,null,null,https://s3.amazonaws.com/rp-part-images/assets/ec17fa74f62caf948b7929476307fae5.webp,null,null,null,null,null,null,null,null,null,null,null,null,null,null,null,null,null,null,null,null,null,5,8,8,320,0.5,null,Palanca de Cambios Autom�tica,Mejora la palanca de cambios de tu vehículo con esta perilla forrada en cuero con costuras rojas y el logo TRD. La textura de cuero cosido ofrece un mejor agarre.,null,Interior,null,null,PT45A03210
PT9290318123,"Bumper Appliqu?, Rear, Red Logo - Toyota (PT929-03181-23)",38.04,Toyota,Cam Rear Bmpr Aplq B,Brings a sporty look and helps keep the rear bumper looking like new.Helps prevent scuffs and scrapes to the rear bumperCustom-tailored for an exact fit to the rear bumper.,null,Rear,null,null,null,null,null,https://s3.amazonaws.com/rp-part-images/assets/4d761a6bc82cb1601ca3ad7d1f6318dc.webp,https://s3.amazonaws.com/rp-part-images/assets/e537b6f85ff9755eba05e375287c615b.webp,null,null,null,null,null,null,null,null,null,null,null,null,null,null,null,null,null,null,null,null,2,120,10,2400,1.5,null,Cam trasero bmpr aplique,Aporta un aspecto deportivo y ayuda a mantener el parachoques trasero como nuevo. Ayuda a prevenir marcas y rayaduras en el parachoques trasero. Diseñado a medida para un ajuste exacto.,null,null,null,"Aplique de defensa trasera, logotipo rojo",bumper-appliqu-rear-red-logo-toyota-pt929-03181-23-pt9290318123
PT92942180,Rear Bumper Applique - Toyota (PT929-42180),43.63,Toyota,Bumper Protection Pad,"Made of high-grade, nearly invisible urethane film, the rear bumper applique helps protect the top surface from unsightly scrapes and scratchesUrethane film contains UV protectant to help resist yellowing from the sunCustom-tailored for an exact fit to the rear bumperFeatures a stylish Toyota logo.",null,null,null,PT929-42160,null,null,null,https://s3.amazonaws.com/rp-part-images/assets/28abfdecd68684a01aeb4563e803228b.webp,null,null,null,null,null,null,null,null,null,null,null,null,null,null,null,null,null,null,null,null,null,2,120,10,2400,1.5,null,Protección de defensa,"Hecho de película de uretano de alta calidad, casi invisible, el protector de parachoques trasero ayuda a proteger la superficie superior de rayaduras antiestéticas. Contiene un protector UV para resistir el amarillamiento por el sol. Diseñado a medida para un ajuste exacto. Incluye un logotipo elegante de Toyota.",null,null,null,Aplique de defensa trasera,rear-bumper-applique-toyota-pt929-42180-pt92942180
PT9323422000,"Exhaust Tip, Chrome - Toyota (PT932-34220-00)",73.84,Toyota,Tun Etip Chrome,"Finish off the Tundra’s bold style with these shiny exhaust tipsConstructed of polished, corrosion-resistant single-walled 304 stainless steelEasy bolt-on installation. no cutting, drilling, or welding.",null,null,null,null,null,null,null,https://s3.amazonaws.com/rp-part-images/assets/4882a25ea895f2cd62c2d69f0a9ea223.webp,null,null,null,null,null,null,null,null,null,null,null,null,null,null,null,null,null,null,null,null,null,10,15,10,1500,2,null,Tundra punta de escape cromo,"Completa el estilo audaz de la Tundra con estas puntas de escape brillantes. Construidas de acero inoxidable 304 de una sola pared, pulido y resistente a la corrosión. Instalación fácil con pernos, sin necesidad de cortes, perforaciones o soldaduras.",null,null,null,"Punta de escape, cromo",exhaust-tip-chrome-toyota-pt932-34220-00-pt9323422000
PTR2035110GR,Wheel Cast Aluminum Matte Gray 6 Spoke 17x7 Inch - Toyota (PTR20-35110-GR),229.60,Toyota,"Wheels, Rim, Rims",This product is currently unavailable.,null,null,null,null,null,null,null,https://s3.amazonaws.com/rp-part-images/assets/64e62b8e84c3741be52bd571412a67a8.webp,https://s3.amazonaws.com/rp-part-images/assets/322409621b1bc6bf89bd27f07dd1d6d8.webp,null,null,null,null,null,null,null,null,null,null,null,null,null,null,null,null,null,null,null,null,45,45,20,40500,10,null,Rines de Aleaci�n,Este producto no está disponible actualmente.,null,Ruedas,null,null,PTR2035110GR
PTR5735170,TRD Shift Knob - Automatic Transmission 6 Speed - Toyota (PTR57-35170),88.39,Toyota,Automatic Transmission Shift Handle,Delivers an enhanced shifting feel while providing an impressive addition to your interior. Simple remove and replace installation with no drilling or special tools required.,null,null,null,null,null,null,null,https://s3.amazonaws.com/rp-part-images/assets/9365aef8f2eaa2cb22e14d156eb82acc.gif,null,null,null,null,null,null,null,null,null,null,null,null,null,null,null,null,null,null,null,null,null,10,5,5,250,0.3,null,Palanca de Cambios Autom�tica,Sujetadores de un cuarto de vuelta (en el lado del conductor) y un respaldo con textura en todas las alfombrillas ayudan a mantenerlas en su lugar.,null,Interior,null,null,PTR5735170
PT9480321012,"Lighting, Front Accent, Matte Black - Toyota (PT948-03210-12)",263.20,Toyota,Cam Accent Lighting,Front Accent Lamps feature customized accent lighting that surrounds the lower grille and accommodates to daytime and nighttime lighting intensities.,null,null,null,null,null,null,null,https://s3.amazonaws.com/rp-part-images/assets/9081fb7c5f9a0bdef9e6729db93ebd49.webp,null,null,null,null,null,null,null,null,null,null,null,null,null,null,null,null,null,null,null,null,null,3,25,10,750,1,null,Iluminaci�n de Acento Camry,Lámparas de acento delanteras con iluminación personalizada que rodean la parrilla inferior y se ajustan a las intensidades de luz diurna y nocturna.,null,Exterior,null,null,PT9480321012
PTR5735171,TRD Pro Shift Knob - Manual Transmission - Toyota (PTR57-35171),88.39,Toyota,Automatic Transmission Shift Handle,Delivers an enhanced shifting feel while providing an impressive addition to your interiorSimple remove and replace installation with no drilling or special tools required.,null,null,null,null,null,null,null,https://s3.amazonaws.com/rp-part-images/assets/0f1824cbc20acb92e74e96ddb7517ab0.gif,https://s3.amazonaws.com/rp-part-images/assets/cdff3c21d50ac818f5ef151522c54598.webp,null,null,null,null,null,null,null,null,null,null,null,null,null,null,null,null,null,null,null,null,10,5,5,250,0.3,null,Palanca de Cambios Autom�tica,"Brinda una sensación de cambio mejorada y un toque sofisticado a tu interior. Instalación simple de quitar y reemplazar, sin necesidad de perforaciones o herramientas especiales.",null,Interior,null,null,PTR5735171
PT9360214001,"Door Edge Guards, Classic Silver Metallic - Toyota (PT936-02140-01)",71.39,Toyota,Door Edge Guard,"Help protect your vehicle’s front door edges from dings and chipped paint with Genuine Toyota door edge guards. Engineered for a compressed-fit, they are formed from stainless steel and coated with color-matched thermoplastic designed to prevent cracking, fading and peeling..",null,null,null,null,null,null,null,https://s3.amazonaws.com/rp-part-images/assets/b0498b44414ff8140961f857f1895818.webp,https://s3.amazonaws.com/rp-part-images/assets/79fedde915e09a693dda5fe5399e31de.webp,https://s3.amazonaws.com/rp-part-images/assets/9b83bc578c1e3ef48b5c18fa45b556a3.webp,null,null,null,null,null,null,null,null,null,null,null,null,null,null,null,null,null,null,null,1,100,5,500,0.5,null,Protector de borde de puerta,"Protege los bordes de las puertas delanteras de tu vehículo contra golpes y pintura descascarada con protectores de bordes de puerta de Toyota. Diseñados con ajuste por compresión, hechos de acero inoxidable recubierto con termoplástico del color del vehículo para prevenir grietas, desvanecimientos y peladuras.",null,null,null,"Protectores de bordes de puerta, plata metálica clásica",door-edge-guards-classic-silver-metallic-toyota-pt936-02140-01-pt9360214001
1BP01334AA,Disc Brake Rotor,83.77,Toyota,8.40249E+11,Standard Replacement-PaintedBRAKE ROTORUltra-quiet braking from quality materials.,null,Front,null,null,null,null,null,https://cdn-product-images.revolutionparts.io/assets/92d2693808a911a1b2eee18b4e05285f.webp,https://cdn-product-images.revolutionparts.io/assets/305a19fc4adf0d63d224b514df496b44.webp,https://cdn-product-images.revolutionparts.io/assets/32811a61af8e4dc2210aa515ce8b5255.webp,null,null,null,null,null,null,null,null,null,null,null,null,null,null,null,null,null,null,null,7,36,36,9072,8,null,8.40249E+11,"Disco de freno pintado, reemplazo estǭndar; frenado ultra silencioso.",null,Frenos,null,Disco de freno (rotor),1bp01334aa
PT9360214002,"Door Edge Guards, Black Sand Pearl - Toyota (PT936-02140-02)",71.39,Toyota,Door Edge Guard,"Help protect your vehicle’s front door edges from dings and chipped paint with Genuine Toyota door edge guards. Engineered for a compressed-fit, they are formed from stainless steel and coated with color-matched thermoplastic designed to prevent cracking, fading and peeling..",null,null,null,null,null,null,null,https://s3.amazonaws.com/rp-part-images/assets/76f03554babe111048770eaf859603c5.webp,https://s3.amazonaws.com/rp-part-images/assets/a1144d684707b291a65c042eb1dac3ff.webp,https://s3.amazonaws.com/rp-part-images/assets/577fe9a1877d74dcb9856d33f6c0533f.webp,null,null,null,null,null,null,null,null,null,null,null,null,null,null,null,null,null,null,null,1,100,5,500,0.5,null,Protector de borde de puerta,"Protege los bordes de las puertas delanteras de tu vehículo contra golpes y pintura descascarada con protectores de bordes de puerta de Toyota. Diseñados con ajuste por compresión, hechos de acero inoxidable recubierto con termoplástico del color del vehículo para prevenir grietas, desvanecimientos y peladuras.",null,null,null,"Protectores de bordes de puerta, negro perlado Black Sand",door-edge-guards-black-sand-pearl-toyota-pt936-02140-02-pt9360214002
PT9360214010,"Door Edge Guards, Super White - Toyota (PT936-02140-10)",71.39,Toyota,Door Edge Guard,"Help protect your vehicle’s front door edges from dings and chipped paint with Genuine Toyota door edge guards. Engineered for a compressed-fit, they are formed from stainless steel and coated with color-matched thermoplastic designed to prevent cracking, fading and peeling..",null,null,null,null,null,null,null,https://s3.amazonaws.com/rp-part-images/assets/4d7f77ca5696b022d364950a8d6ec655.webp,https://s3.amazonaws.com/rp-part-images/assets/bd0c6c412cb3f946bd804357000d73e4.webp,https://s3.amazonaws.com/rp-part-images/assets/40e2cdb3810b45d5aff83a14a4d7a0ce.webp,null,null,null,null,null,null,null,null,null,null,null,null,null,null,null,null,null,null,null,1,100,5,500,0.5,null,Protector de borde de puerta,"Protege los bordes de las puertas delanteras de tu vehículo contra golpes y pintura descascarada con protectores de bordes de puerta de Toyota. Diseñados con ajuste por compresión, hechos de acero inoxidable recubierto con termoplástico del color del vehículo para prevenir grietas, desvanecimientos y peladuras.",null,null,null,"Protectores de bordes de puerta, blanco Super White",door-edge-guards-super-white-toyota-pt936-02140-10-pt9360214010
PT9360217001,"Door Edge Guards, Falcon Gray Metallic - Toyota (PT936-02170-01)",71.39,Toyota,Door Edge Guard,Help prevent door edge dings and chipped paintThermoplastic-coated stainless steel is precisely color matched to the exterior paintCompression-fitted to door edge contoursDesigned to complement exterior stylingPicture for representation only. Actual paart may very..,null,null,null,null,null,null,null,https://s3.amazonaws.com/rp-part-images/assets/c140a8541e5d908addbd08e9a9d15e75.webp,https://s3.amazonaws.com/rp-part-images/assets/d0531a061ed4f6b581886554d30daddc.webp,https://s3.amazonaws.com/rp-part-images/assets/e3bb594ef1af792edea73bfdd0369003.webp,null,null,null,null,null,null,null,null,null,null,null,null,null,null,null,null,null,null,null,1,100,5,500,0.5,null,Protector de borde de puerta,Protege los bordes de las puertas contra golpes y pintura descascarada. Acero inoxidable recubierto con termoplástico del color del vehículo para un ajuste exacto. Diseño comprimido sin necesidad de adhesivos o sujetadores mecánicos. Complementa el estilo exterior del vehículo.,null,null,null,"Protectores de bordes de puerta, gris metálico Falcon",door-edge-guards-falcon-gray-metallic-toyota-pt936-02170-01-pt9360217001
PT9360220000,"Door Edge Guard, Super White - Toyota (PT936-02200-00)",92.86,Toyota,Door Edge Guard,"Helps provide vertical door edge protection from dings and chipped paint Color-matched to the vehicle’s exterior factory paint Encapsulated in thermoplastic to help prevent any metal-to-metal contact Designed for a perfect fit to door edge contours Compression fit with no need for adhesives or mechanical fasteners Seamlessly blends into the vehicle’s styling Tested for temperature and weather to help resist cracking, fading and peeling.",null,null,null,null,null,null,null,https://s3.amazonaws.com/rp-part-images/assets/5c432241c8e8d41879fe05d83c1b6a58.webp,https://s3.amazonaws.com/rp-part-images/assets/89328f6e29dd1af8ac9f1049abdd90b9.gif,null,null,null,null,null,null,null,null,null,null,null,null,null,null,null,null,null,null,null,null,1,100,5,500,0.5,null,Protector de borde de puerta,"Proporciona protección vertical a los bordes de las puertas contra golpes y pintura descascarada. Color combinado con la pintura de fábrica. Recubierto en termoplástico para evitar contacto metal con metal. Diseñado para ajustarse perfectamente a los contornos de las puertas. Ajuste por compresión, sin adhesivos ni sujetadores mecánicos.",null,null,null,"Protectores de bordes de puerta, blanco Super White",door-edge-guard-super-white-toyota-pt936-02200-00-pt9360220000
PT9360220008,"Door Edge Guard, Blueprint - Toyota (PT936-02200-08)",92.86,Toyota,Door Edge Guard,"Helps provide vertical door edge protection from dings and chipped paint Color-matched to the vehicle’s exterior factory paint Encapsulated in thermoplastic to help prevent any metal-to-metal contact Designed for a perfect fit to door edge contours Compression fit with no need for adhesives or mechanical fasteners Seamlessly blends into the vehicle’s styling Tested for temperature and weather to help resist cracking, fading and peeling.",null,null,null,null,null,null,null,https://s3.amazonaws.com/rp-part-images/assets/299839fa1a10f748a094b0d5d1a39c9a.webp,null,null,null,null,null,null,null,null,null,null,null,null,null,null,null,null,null,null,null,null,null,1,100,5,500,0.5,null,Protector de borde de puerta,"Proporciona protección vertical a los bordes de las puertas contra golpes y pintura descascarada. Color combinado con la pintura de fábrica. Recubierto en termoplástico para evitar contacto metal con metal. Diseñado para ajustarse perfectamente a los contornos de las puertas. Ajuste por compresión, sin adhesivos ni sujetadores mecánicos.",null,null,null,"Protectores de bordes de puerta, azul Blueprint",door-edge-guard-blueprint-toyota-pt936-02200-08-pt9360220008
PT9360220010,"Door Edge Guard, Wind Chill Pearl - Toyota (PT936-02200-10)",92.86,Toyota,Cor Deg 089 Wchil Pr,"Helps provide vertical door edge protection from dings and chipped paint Color-matched to the vehicle’s exterior factory paint Encapsulated in thermoplastic to help prevent any metal-to-metal contact Designed for a perfect fit to door edge contours Compression fit with no need for adhesives or mechanical fasteners Seamlessly blends into the vehicle’s styling Tested for temperature and weather to help resist cracking, fading and peeling.",null,null,null,null,null,null,null,https://s3.amazonaws.com/rp-part-images/assets/f68d759fb17477e5c8f6400ec424ee8e.webp,null,null,null,null,null,null,null,null,null,null,null,null,null,null,null,null,null,null,null,null,null,1,100,5,500,0.5,null,Protector de borde Corolla 089 Blanco Wind Chill,"Proporciona protección vertical a los bordes de las puertas contra golpes y pintura descascarada. Color combinado con la pintura de fábrica. Recubierto en termoplástico para evitar contacto metal con metal. Diseñado para ajustarse perfectamente a los contornos de las puertas. Ajuste por compresión, sin adhesivos ni sujetadores mecánicos.",null,null,null,"Protectores de bordes de puerta, blanco perla Wind Chill",door-edge-guard-wind-chill-pearl-toyota-pt936-02200-10-pt9360220010
PT9360220013,"Door Edge Guards, Celestite Gray Metallic - Toyota (PT936-02200-13)",92.86,Toyota,Door Edge Guard,"Helps provide vertical door edge protection from dings and chipped paint Color-matched to the vehicle’s exterior factory paint Encapsulated in thermoplastic to help prevent any metal-to-metal contact Designed for a perfect fit to door edge contours Compression fit with no need for adhesives or mechanical fasteners Seamlessly blends into the vehicle’s styling Tested for temperature and weather to help resist cracking, fading and peeling.",null,null,null,null,null,null,null,https://s3.amazonaws.com/rp-part-images/assets/d98f79303a6de0e6bd9b17adf4791491.webp,null,null,null,null,null,null,null,null,null,null,null,null,null,null,null,null,null,null,null,null,null,1,100,5,500,0.5,null,Protector de borde de puerta,"Ayuda a proporcionar protección vertical a los bordes de las puertas contra golpes y pintura descascarada. Color combinado con la pintura de fábrica del vehículo. Encapsulado en termoplástico para prevenir cualquier contacto metal con metal. Diseñado para un ajuste perfecto a los contornos de los bordes de las puertas. Ajuste por compresión sin necesidad de adhesivos o sujetadores mecánicos. Se integra perfectamente con el diseño del vehículo. Probado para resistir temperaturas, impactos y condiciones climáticas, evitando grietas, desvanecimientos y peladuras.",null,null,null,"Protectores de bordes de puerta, gris metálico Celestite",door-edge-guards-celestite-gray-metallic-toyota-pt936-02200-13-pt9360220013
PT9360220023,"Door Edge Guards, Ruby Flare Pearl - Toyota (PT936-02200-23)",92.86,Toyota,Cor Deg 3T3 Ruby,"Helps provide vertical door edge protection from dings and chipped paint Color-matched to the vehicle’s exterior factory paint Encapsulated in thermoplastic to help prevent any metal-to-metal contact Designed for a perfect fit to door edge contours Compression fit with no need for adhesives or mechanical fasteners Seamlessly blends into the vehicle’s styling Tested for temperature and weather to help resist cracking, fading and peeling.",null,null,null,null,null,null,null,https://s3.amazonaws.com/rp-part-images/assets/215ec8f758cb193001465586c1789803.webp,null,null,null,null,null,null,null,null,null,null,null,null,null,null,null,null,null,null,null,null,null,1,100,5,500,0.5,null,Protector de borde Corolla 3T3 Rojo Rubí,"Ayuda a proporcionar protección vertical a los bordes de las puertas contra golpes y pintura descascarada. Color combinado con la pintura de fábrica del vehículo. Encapsulado en termoplástico para prevenir cualquier contacto metal con metal. Diseñado para un ajuste perfecto a los contornos de los bordes de las puertas. Ajuste por compresión sin necesidad de adhesivos o sujetadores mecánicos. Se integra perfectamente con el diseño del vehículo. Probado para resistir temperaturas, impactos y condiciones climáticas, evitando grietas, desvanecimientos y peladuras.",null,null,null,"Protectores de bordes de puerta, rojo perla Ruby Flare",door-edge-guards-ruby-flare-pearl-toyota-pt936-02200-23-pt9360220023
PT9360220017,"Door Edge Guard, Classic Silver Metallic - Toyota (PT936-02200-17)",92.86,Toyota,Door Edge Guard,"Helps provide vertical door edge protection from dings and chipped paint Color-matched to the vehicle’s exterior factory paint Encapsulated in thermoplastic to help prevent any metal-to-metal contact Designed for a perfect fit to door edge contours Compression fit with no need for adhesives or mechanical fasteners Seamlessly blends into the vehicle’s styling Tested for temperature and weather to help resist cracking, fading and peeling.",null,null,null,null,null,null,null,https://s3.amazonaws.com/rp-part-images/assets/05ef3cf5a1dfe126b95189ee1853af6c.webp,https://s3.amazonaws.com/rp-part-images/assets/760e813cff5e5a78b038e200997bfd90.gif,null,null,null,null,null,null,null,null,null,null,null,null,null,null,null,null,null,null,null,null,1,100,5,500,0.5,null,Protector de borde de puerta,"Ayuda a proporcionar protección vertical a los bordes de las puertas contra golpes y pintura descascarada. Color combinado con la pintura de fábrica del vehículo. Encapsulado en termoplástico para prevenir cualquier contacto metal con metal. Diseñado para un ajuste perfecto a los contornos de los bordes de las puertas. Ajuste por compresión sin necesidad de adhesivos o sujetadores mecánicos. Se integra perfectamente con el diseño del vehículo. Probado para resistir temperaturas, impactos y condiciones climáticas, evitando grietas, desvanecimientos y peladuras.",null,null,null,"Protectores de bordes de puerta, plata metálica Classic",door-edge-guard-classic-silver-metallic-toyota-pt936-02200-17-pt9360220017
PT9360318102,Door Edge Guards - Midnight Black Metallic - Toyota (PT936-03181-02),89.50,Toyota,Door Edge Guard,Help prevent door edge dings and chipped paint with this protective finishing touchThermoplastic-coated stainless steel is precisely matched to the exterior finish Compression-fitted to door edge contours Blend seamlessly to complement the exterior styling.,null,null,null,"PT936-03180-02, PT936-03182-02",null,null,null,https://s3.amazonaws.com/rp-part-images/assets/5e6a2d27713e9f5c523ce8648abfe140.webp,null,null,null,null,null,null,null,null,null,null,null,null,null,null,null,null,null,null,null,null,null,1,100,5,500,0.5,null,Protector de borde de puerta,Ayuda a prevenir golpes y pintura descascarada en los bordes de las puertas con este toque protector. Acero inoxidable recubierto con termoplástico combinado con el acabado exterior. Ajuste por compresión a los contornos de los bordes de las puertas. Complementa perfectamente el estilo exterior del vehículo.,null,null,null,"Protectores de bordes de puerta, negro metálico Midnight",door-edge-guards-midnight-black-metallic-toyota-pt936-03181-02-pt9360318102
PT9360318101,Door Edge Guards - Wind Chill Pearl - Toyota (PT936-03181-01),89.50,Toyota,Door Edge Guard,Help prevent door edge dings and chipped paint with this protective finishing touchThermoplastic-coated stainless steel is precisely matched to the exterior finish Compression-fitted to door edge contours Blend seamlessly to complement the exterior styling.,null,null,null,"PT936-03180-01, PT936-03182-01",null,null,null,https://s3.amazonaws.com/rp-part-images/assets/ccb673056b76715c751a76c05acc656c.webp,null,null,null,null,null,null,null,null,null,null,null,null,null,null,null,null,null,null,null,null,null,1,100,5,500,0.5,null,Protector de borde de puerta,Ayuda a prevenir golpes y pintura descascarada en los bordes de las puertas con este toque protector. Acero inoxidable recubierto con termoplástico combinado con el acabado exterior. Ajuste por compresión a los contornos de los bordes de las puertas. Complementa perfectamente el estilo exterior del vehículo.,null,null,null,"Protectores de bordes de puerta, blanco perla Wind Chill",door-edge-guards-wind-chill-pearl-toyota-pt936-03181-01-pt9360318101
PT9360318110,Door Edge Guards - Super White - Toyota (PT936-03181-10),89.50,Toyota,Door Edge Guard,Help prevent door edge dings and chipped paint with this protective finishing touchThermoplastic-coated stainless steel is precisely matched to the exterior finish Compression-fitted to door edge contours Blend seamlessly to complement the exterior styling.,null,null,null,"PT936-03180-10, PT936-03182-10",null,null,null,https://s3.amazonaws.com/rp-part-images/assets/ee2fdb6c0d5505cd7922010882bbe743.webp,null,null,null,null,null,null,null,null,null,null,null,null,null,null,null,null,null,null,null,null,null,1,100,5,500,0.5,null,Protector de borde de puerta,Ayuda a prevenir golpes y pintura descascarada en los bordes de las puertas con este toque protector. Acero inoxidable recubierto con termoplástico combinado con el acabado exterior. Ajuste por compresión a los contornos de los bordes de las puertas. Complementa perfectamente el estilo exterior del vehículo.,null,null,null,"Protectores de bordes de puerta, blanco Super White",door-edge-guards-super-white-toyota-pt936-03181-10-pt9360318110
PT9360811007,"Door Edge Guards, Alumina Jade - Toyota (PT936-08110-07)",36.72,Toyota,Door Edge Guard,Help prevent door edge dings and chipped paint with this protective finishing touch.Thermoplastic-coated stainless steel is precisely color matched to the exterior paintCompression-fitted to door edge contoursBlend seamlessly to complement exterior paint finish.,null,null,null,null,null,null,null,https://s3.amazonaws.com/rp-part-images/assets/4a5793603ba5912aa7d198effa7b8016.webp,https://s3.amazonaws.com/rp-part-images/assets/8c706f7c4c2efd1b543086bc636704b1.webp,https://s3.amazonaws.com/rp-part-images/assets/0b357c31497c81cd763f02f458a70296.webp,null,null,null,null,null,null,null,null,null,null,null,null,null,null,null,null,null,null,null,1,100,5,500,0.5,null,Protector de borde de puerta,Ayuda a prevenir golpes y pintura descascarada en los bordes de las puertas con este toque protector. Acero inoxidable recubierto con termoplástico combinado con el acabado exterior. Ajuste por compresión a los contornos de los bordes de las puertas. Complementa perfectamente el estilo exterior del vehículo.,null,null,null,"Protectores de bordes de puerta, jade Alumina",door-edge-guards-alumina-jade-toyota-pt936-08110-07-pt9360811007
PT9360813002,"Door Edge Guards, Attitude Black Metallic - Toyota (PT936-08130-02)",36.72,Toyota,Door Edge Guard,"Helps provide vertical door edge protection from dings and chipped paintColor-matched to the vehicle’s exterior factory paintEncapsulated in thermoplastic to help prevent any metal-to-metal contactDesigned for a perfect fit to door edge contoursCompression fit with no need for adhesives or mechanical fastenersSeamlessly blends into the vehicle’s stylingTested for temperature and weather to help resist cracking, fading and peeling .",null,null,null,null,null,null,null,https://s3.amazonaws.com/rp-part-images/assets/459b118039b2a282712a4fe72eba8610.webp,https://s3.amazonaws.com/rp-part-images/assets/1f0210a8612c27192c4906cafccc22a6.webp,https://s3.amazonaws.com/rp-part-images/assets/952d7d12433958ccac5ccb58cc17b5be.webp,null,null,null,null,null,null,null,null,null,null,null,null,null,null,null,null,null,null,null,1,100,5,500,0.5,null,Protector de borde de puerta,"Ayuda a proporcionar protección vertical a los bordes de las puertas contra golpes y pintura descascarada. Color combinado con la pintura de fábrica del vehículo. Encapsulado en termoplástico para prevenir cualquier contacto metal con metal. Diseñado para un ajuste perfecto a los contornos de los bordes de las puertas. Ajuste por compresión sin necesidad de adhesivos o sujetadores mecánicos. Se integra perfectamente con el diseño del vehículo. Probado para resistir temperaturas, impactos y condiciones climáticas, evitando grietas, desvanecimientos y peladuras.",null,null,null,"Protectores de bordes de puerta, negro metálico Attitude",door-edge-guards-attitude-black-metallic-toyota-pt936-08130-02-pt9360813002
PT29A3524008,Body Side Molding - Blue Crush Metallic - Toyota (PT29A-35240-08),173.41,Toyota,Taco Bsm 8W7 Blue,null,null,null,null,null,null,null,null,https://s3.amazonaws.com/rp-part-images/assets/8d35648faa354268894207a1236b7381.webp,null,null,null,null,null,null,null,null,null,null,null,null,null,null,null,null,null,null,null,null,null,10,120,5,6000,1.2,null,Tacoma moldura lateral 8W7 azul,"Los molduras laterales del cuerpo ayudan a proteger contra golpes y rayones en estacionamientos, mejorando también la estética del vehículo.",null,null,null,"Moldura lateral, azul metálico Blue Crush",body-side-molding-blue-crush-metallic-toyota-pt29a-35240-08-pt29a3524008
PT9361622008,Door Edge Guards - Toyota (PT936-16220-08),92.86,Toyota,Cor Crs Deg 8W7 Blue,Help prevent door edge dings and chipped paint with this protective finishing touchThermoplastic-coated stainless steel is precisely color matched to the exterior paint Compression-fitted to door edge contours Blend seamlessly to complement exterior styling.,null,null,null,null,null,null,null,https://s3.amazonaws.com/rp-part-images/assets/dc48ac636464307bbfad0cac975260f1.webp,null,null,null,null,null,null,null,null,null,null,null,null,null,null,null,null,null,null,null,null,null,1,100,5,500,0.5,null,Protector de borde Corolla 8W7 Azul,Ayuda a prevenir golpes y pintura descascarada en los bordes de las puertas con este toque protector. El acero inoxidable recubierto con termoplástico está perfectamente combinado con el color de la pintura exterior. Ajuste por compresión a los contornos de los bordes de las puertas. Se integra perfectamente con el estilo exterior.,null,null,null,"Protectores de bordes de puerta, azul 8W7",door-edge-guards-toyota-pt936-16220-08-pt9361622008
PT9363422101,"Door Edge Guard, Magnetic Gray Metallic - Toyota (PT936-34221-01)",92.86,Toyota,Tun Deg 1G3 Gray D C,"Helps provide vertical door edge protection from dings and chipped paintColor-matched to the vehicle’s exterior factory paintEncapsulated in thermoplastic to help prevent any metal-to-metal contactDesigned for a perfect fit to door edge contoursCompressed-fit with no need for adhesives or mechanical fastenersSeamlessly blends into the vehicle’s stylingTested for temperature, weather and impact to help prevent cracking, fading and peeling.",null,null,null,null,null,null,null,https://s3.amazonaws.com/rp-part-images/assets/36ba30c7b96fb2d1bfe5ba6045db7ea1.webp,null,null,null,null,null,null,null,null,null,null,null,null,null,null,null,null,null,null,null,null,null,1,100,5,500,0.5,null,Tundra gris doble cabina,"Ayuda a proporcionar protección vertical a los bordes de las puertas contra golpes y pintura descascarada. Coincide con el color de fábrica del vehículo. Encapsulado en termoplástico para prevenir contacto metal con metal. Diseñado para un ajuste perfecto a los contornos de las puertas. Ajuste por compresión sin adhesivos ni sujetadores mecánicos. Probado contra temperaturas, clima e impactos.",null,null,null,"Protectores de bordes de puerta, gris magnético 1G3",door-edge-guard-magnetic-gray-metallic-toyota-pt936-34221-01-pt9363422101
PT9363422106,"Door Edge Guard, Army Green - Toyota (PT936-34221-06)",101.84,Toyota,Tun Deg D Cab Army G,"Helps provide vertical door edge protection from dings and chipped paintColor-matched to the vehicle’s exterior factory paintEncapsulated in thermoplastic to help prevent any metal-to-metal contactDesigned for a perfect fit to door edge contoursCompressed-fit with no need for adhesives or mechanical fastenersSeamlessly blends into the vehicle’s stylingTested for temperature, weather and impact to help prevent cracking, fading and peeling.",null,null,null,null,null,null,null,https://s3.amazonaws.com/rp-part-images/assets/99561fbbee4a287cf4432654c4d6c5e7.webp,null,null,null,null,null,null,null,null,null,null,null,null,null,null,null,null,null,null,null,null,null,1,100,5,500,0.5,null,Tundra doble cabina Army,"Ayuda a proporcionar protección vertical a los bordes de las puertas contra golpes y pintura descascarada. Coincide con el color de fábrica del vehículo. Encapsulado en termoplástico para prevenir contacto metal con metal. Diseñado para un ajuste perfecto a los contornos de las puertas. Ajuste por compresión sin adhesivos ni sujetadores mecánicos. Probado contra temperaturas, clima e impactos.",null,null,null,"Protectores de bordes de puerta, verde Army",door-edge-guard-army-green-toyota-pt936-34221-06-pt9363422106
PT9363517115,"Door Edge Guard, Electric Lime - Toyota (PT936-35171-15)",103.39,Toyota,Taco Deg 588 Elec Li,"Helps provide vertical door edge protection from dings and chipped paintColor-matched to the vehicle’s exterior factory paintEncapsulated in thermoplastic to help prevent any metal-to-metal contactDesigned for a perfect fit to door edge contoursCompressed-fit with no need for adhesives or mechanical fastenersSeamlessly blends into the vehicle’s stylingTested for temperature, weather and impact to help prevent cracking, fading and peeling.",null,null,null,null,null,null,null,https://s3.amazonaws.com/rp-part-images/assets/d0118e8b19f70b840b8b76202a600f62.webp,null,null,null,null,null,null,null,null,null,null,null,null,null,null,null,null,null,null,null,null,null,1,100,5,500,0.5,null,Tacoma 588 Elec Lime,"Ayuda a proporcionar protección vertical a los bordes de las puertas contra golpes y pintura descascarada. Coincide con el color de fábrica del vehículo. Encapsulado en termoplástico para prevenir contacto metal con metal. Diseñado para un ajuste perfecto a los contornos de las puertas. Ajuste por compresión sin adhesivos ni sujetadores mecánicos. Probado contra temperaturas, clima e impactos.",null,null,null,"Protectores de bordes de puerta, verde lima eléctrico",door-edge-guard-electric-lime-toyota-pt936-35171-15-pt9363517115
PT9088925002,4RUN Awfl NO3R Black - Toyota (PT908-89250-02),null,Toyota,null,null,null,null,null,null,null,null,null,null,null,null,null,null,null,null,null,null,null,null,null,null,null,null,null,null,null,null,null,null,null,2,29,14,812,1.3,null,null,null,25174418,Additional Parts,null,null,pt9088925002
PT9363524108,Door Edge Guards - Blue Crush Metallic - Toyota (PT936-35241-08),92.86,Toyota,Deg Taco 8W7 Dark Blue,Help prevent door edge dings and chipped paint with this protective finishing touch. Thermoplastic-coated stainless steel is precisely matched to the exterior finish. Compression-fitted to door edge contours . Blend seamlessly to complement exterior styling...,null,null,null,null,null,null,null,https://s3.amazonaws.com/rp-part-images/assets/edb9af7635e6b1c4a4f2077f32799bd4.webp,null,null,null,null,null,null,null,null,null,null,null,null,null,null,null,null,null,null,null,null,null,1,100,5,500,0.5,null,Deg Tacoma 8W7 Dark Blue,Ayuda a prevenir golpes y pintura descascarada en los bordes de las puertas con este toque protector. El acero inoxidable recubierto con termoplástico está perfectamente combinado con el color de la pintura exterior. Ajuste por compresión a los contornos de las puertas. Complementa el estilo exterior.,null,null,null,"Protectores de bordes de puerta, azul Blue Crush",door-edge-guards-blue-crush-metallic-toyota-pt936-35241-08-pt9363524108
PT9088925402,4RUN Cgtry NO3R - Toyota (PT908-89254-02),null,Toyota,null,null,null,null,null,null,null,null,null,null,null,null,null,null,null,null,null,null,null,null,null,null,null,null,null,null,null,null,null,null,null,6,38,44,10032,1.04,null,null,null,25174418,Additional Parts,null,null,pt9088925402
PT9483422101,Tun Bdge Sil Red - Toyota (PT948-34221-01),null,Toyota,null,null,null,null,null,null,null,null,null,null,null,null,null,null,null,null,null,null,null,null,null,null,null,null,null,null,null,null,null,null,null,3,48,20,2880,0.88,null,null,null,25174418,Additional Parts,null,null,pt9483422101
PT90735241,Taco Ppf Frbmpr W Fn - Toyota (PT907-35241),454.47,Toyota,null,null,null,null,null,null,null,null,null,null,null,null,null,null,null,null,null,null,null,null,null,null,null,null,null,null,null,null,null,null,null,5,100,10,5000,1.2,null,null,null,null,null,null,Película protectora Tacoma frente c/ loderas,taco-ppf-frbmpr-w-fn-toyota-pt907-35241-pt90735241
PT9364213022,"Door Edge Guards, Deep Amethyst M.M - Toyota (PT936-42130-22)",73.71,Toyota,Door Edge Guard,"Helps provide vertical door edge protection from dings and chipped paintColor-matched to the vehicle’s exterior factory paintEncapsulated in thermoplastic to help prevent any metal-to-metal contactDesigned for a perfect fit to door edge contoursCompression-fitted to door edge contoursBlends seamlessly to complement exterior stylingTested for temperature and weather to help prevent cracking, fading and peeling .",null,null,null,null,null,null,null,https://s3.amazonaws.com/rp-part-images/assets/aaef7a10d6e06489373f186990234675.webp,https://s3.amazonaws.com/rp-part-images/assets/6a079f226bb182ebcaf7c02f1ae8dc10.webp,https://s3.amazonaws.com/rp-part-images/assets/9cb3e6413c71b8e4e4a253844d9c6ab4.webp,https://s3.amazonaws.com/rp-part-images/assets/6645c823c364884b07b78e989bb66ef0.webp,null,null,null,null,null,null,null,null,null,null,null,null,null,null,null,null,null,null,1,100,5,500,0.5,null,Protector de borde de puerta,Ayuda a proporcionar protección vertical a los bordes de las puertas contra golpes y pintura descascarada. Coincide con el color de fábrica del vehículo. Encapsulado en termoplástico para prevenir contacto metal con metal. Diseñado para un ajuste perfecto a los contornos de las puertas. Ajuste por compresión. Probado contra temperaturas y clima.,null,null,null,"Protectores de bordes de puerta, amatista Deep Amethyst",door-edge-guards-deep-amethyst-m-m-toyota-pt936-42130-22-pt9364213022
PK38912L00TP,Splash Guards - Toyota (PK389-12L00-TP),87.27,Toyota,Mud Flap Kit,"Help protect your paint Finish from road debris and the damage it causes. \
 Blend seamlessly with exterior styling \
 Set includes four mudguards  \
\
          \
          Fits Corolla HARDWARE: With Hardware Number of Pieces: 4 Position: Front and Rear \
          \
          Help protect your paint finish from road debris and the damage it causesBlend seamlessly with exterior stylingSet includes four mudguards .",null,"Front, Rear",null,null,null,null,null,https://s3.amazonaws.com/rp-part-images/assets/c5ae97b765e45c82e56a8a9e803b2c26.webp,null,null,null,null,null,null,null,null,null,null,null,null,null,null,null,null,null,null,null,null,null,5,30,20,3000,0.6,null,Kit de salpicaderas,Protege la pintura contra desechos del camino; incluye 4 guardafangos. Se integra al estilo exterior del Corolla.. Guardafangos delanteros y traseros para Corolla.,null,Exterior,null,Guardabarros,splash-guards-toyota-pk389-12l00-tp-pk38912l00tp
PT9364213020,"Door Edge Guards, Super White - Toyota (PT936-42130-20)",73.71,Toyota,Door Edge Guard,"Help protect your RAV4’s door edges from dings and chipped paint with Genuine Toyota door edge guards. Engineered for a compression fit, they are formed from stainless steel and coated with color-matched thermoplastic designed to resist cracking, fading and peeling..",null,null,null,null,null,null,null,https://s3.amazonaws.com/rp-part-images/assets/e418a79fb809f097e9b36547c8445c1c.webp,https://s3.amazonaws.com/rp-part-images/assets/575bc5e45a3073358c8fe4162c585e03.webp,https://s3.amazonaws.com/rp-part-images/assets/c780c22299e1a660ababcde91f38b3a0.webp,https://s3.amazonaws.com/rp-part-images/assets/ab5f9cb1957ea1aea8ff9588eeee4b03.jpg,null,null,null,null,null,null,null,null,null,null,null,null,null,null,null,null,null,null,1,100,5,500,0.5,null,Protector de borde de puerta,"Ayuda a proteger los bordes de las puertas de tu RAV4 contra golpes y pintura descascarada con los protectores de bordes originales de Toyota. Diseñados para un ajuste por compresión, están formados con acero inoxidable recubierto de termoplástico color-matched para resistir agrietamientos, desvanecimiento y pelado.",null,null,null,"Protectores de bordes de puerta, blanco Super White",door-edge-guards-super-white-toyota-pt936-42130-20-pt9364213020
PT2060821820,"Floor Mats, Carpet - Toyota (PT206-08218-20)",179.01,Toyota,Floor Mat,"Long-wearing, fade-resistant carpet floor mats help keep your carpet neat and clean.Precisely engineered to fit your vehicle's floorSkid-resistant backing and driver-side quarter-turn fasteners help secure mat in positionRemovable and easy to cleanVehicle logo adds a customized touch.",null,null,null,PT206-08213-20,null,null,null,https://s3.amazonaws.com/rp-part-images/assets/cb8bb6028f32284afeec6d72e44b7f8e.webp,null,null,null,null,null,null,null,null,null,null,null,null,null,null,null,null,null,null,null,null,null,3,120,80,28800,2.5,null,Tapete de piso,Alfombrillas de moqueta resistentes al desgaste. Ajuste preciso y respaldo antideslizante.. Logo del vehículo incluido.,25174418,Additional Parts,null,"Tapetes de piso, alfombra",floor-mats-carpet-toyota-pt206-08218-20-pt2060821820
PT9484716102,"Interior Trim, Shifter Applique - Toyota (PT948-47161-02)",56.76,Toyota,Console Panel,The Shifter Applique lends your black console-equipped Prius a color-coordinated look.Shifter Applique available for Level 2 and Eco Prius models.,null,null,null,null,null,null,null,https://s3.amazonaws.com/rp-part-images/assets/2c457e093b2be2809f20ee0542e2d9d4.webp,https://s3.amazonaws.com/rp-part-images/assets/20c7b3ae79e453b712bfe701d4c6559f.webp,null,null,null,null,null,null,null,null,null,null,null,null,null,null,null,null,null,null,null,null,1,30,20,600,0.5,null,Console Panel,La Aplicación para el Selector de Cambios otorga a tu Prius con consola negra un aspecto coordinado por color. Disponible para los modelos Prius Nivel 2 y Eco.,null,null,null,"Aplique interior, palanca de cambios",interior-trim-shifter-applique-toyota-pt948-47161-02-pt9484716102
PT9364219012,"Door Edge Guards, Magnetic Gray Metallic - Toyota (PT936-42190-12)",92.86,Toyota,Door Edge Guard,"Help preVent door edge dings and chipped paint with this protective Finishing touch.\
 Thermoplastic-coated stainless steel is precisely Color matched to the exterior paint\
 Compression-fitted to door edge contours\
 Blend seamlessly to complement exterior styling\
\
          \
          Fits Rav4 , RAV4 PrimeColor: Gray ME. Color Code: 01G3 Number of Pieces: 4 Position: Door \
          \
          Help prevent door edge dings and chipped paint with this protective finishing touchThermoplastic-coated stainless steel is precisely color matched to the exterior paintCompression-fitted to door edge contoursBlend seamlessly to complement exterior styling.",null,null,null,null,null,null,null,https://s3.amazonaws.com/rp-part-images/assets/c70c23de4cada823d30cbfce0d8a4ed2.webp,https://s3.amazonaws.com/rp-part-images/assets/27dc73b75a99ae33cf35a322ecca1a05.webp,null,null,null,null,null,null,null,null,null,null,null,null,null,null,null,null,null,null,null,null,1,100,5,500,0.5,null,Protector de borde de puerta,Ayuda a prevenir golpes y pintura descascarada en los bordes de las puertas con este toque protector. El acero inoxidable recubierto con termoplástico está perfectamente combinado con el color de la pintura exterior. Ajuste por compresión a los contornos de las puertas. Complementa el estilo exterior.,null,null,null,"Protectores de bordes de puerta, gris metálico Magnetic",door-edge-guards-magnetic-gray-metallic-toyota-pt936-42190-12-pt9364219012
PT9364219011,"Door Edge Guards, Silver Sky Metallic - Toyota (PT936-42190-11)",92.86,Toyota,Door Edge Guard,"Help preVent door edge dings and chipped paint with this protective Finishing touch.\
 Thermoplastic-coated stainless steel is precisely Color matched to the exterior paint\
 Compression-fitted to door edge contours\
 Blend seamlessly to complement exterior styling\
\
          \
          Fits Rav4 , RAV4 PrimeColor: Silver ME. Color Code: 01D6 Number of Pieces: 4 Position: Door \
          \
          Help prevent door edge dings and chipped paint with this protective finishing touchThermoplastic-coated stainless steel is precisely color matched to the exterior paintCompression-fitted to door edge contoursBlend seamlessly to complement exterior styling.",null,null,null,null,null,null,null,https://s3.amazonaws.com/rp-part-images/assets/ea7669dc1e76cbee24480bdb9216b7b4.webp,null,null,null,null,null,null,null,null,null,null,null,null,null,null,null,null,null,null,null,null,null,1,100,5,500,0.5,null,Protector de borde de puerta,Ayuda a prevenir golpes y pintura descascarada en los bordes de las puertas con este toque protector. El acero inoxidable recubierto con termoplástico está perfectamente combinado con el color de la pintura exterior. Ajuste por compresión a los contornos de las puertas. Complementa el estilo exterior.,null,null,null,"Protectores de bordes de puerta, plata metálica Silver Sky",door-edge-guards-silver-sky-metallic-toyota-pt936-42190-11-pt9364219011
AAAA0001,Test náñeó,87.27,Toyota,Mud Flap Kit,Descripción,null,"Front, Rear",null,null,null,null,null,https://s3.amazonaws.com/rp-part-images/assets/c5ae97b765e45c82e56a8a9e803b2c26.webp,null,null,null,null,null,null,null,null,null,null,null,null,null,null,null,null,null,null,null,null,null,5,50,30,7500,1.2,null,Molduras Guardafangos,Descripción en español,null,Exterior,null,null,aaaa0001
PT9364723000,"Door Edge Guard, Wind Chill Pearl - Toyota (PT936-47230-00)",92.86,Toyota,Prius Deg 089 Wnd Ch,Help prevent door edge dings and chipped paint with this protective finishing touch.Thermoplastic-coated stainless steel is precisely color matched to the exterior paintCompression-fitted to door edge contoursBlend seamlessly to complement exterior styling.,null,null,null,null,null,null,null,https://s3.amazonaws.com/rp-part-images/assets/1efb6da5c5c4bc426243c18bc6fdc77e.webp,https://s3.amazonaws.com/rp-part-images/assets/b32bc49e3279537d0dcc892c71cd50e8.webp,null,null,null,null,null,null,null,null,null,null,null,null,null,null,null,null,null,null,null,null,1,100,5,500,0.5,null,Prius 089 Wind Chill,Ayuda a prevenir golpes y pintura descascarada en los bordes de las puertas con este toque protector. El acero inoxidable recubierto con termoplástico está perfectamente combinado con el color de la pintura exterior. Ajuste por compresión a los contornos de las puertas. Complementa el estilo exterior.,null,null,null,"Protectores de bordes de puerta, blanco perla Wind Chill",door-edge-guard-wind-chill-pearl-toyota-pt936-47230-00-pt9364723000
PT92947230,"Bumper, Rear Applique - Toyota (PT929-47230)",38.04,Toyota,Prs Prsp Rba Rear Bu,"Made of high-grade, nearly invisible urethane film, the rear bumper applique helps protect the top surface from unsightly scrapes and scratches. UV-resistant urethane film helps prevent damage from the sun. Custom-tailored to fit the Prius Prime's rear bumper.",null,null,null,null,null,null,null,https://cdn-product-images.revolutionparts.io/assets/73a9e5efdbe14789feee467c9293828c.webp,null,null,null,null,null,null,null,null,null,null,null,null,null,null,null,null,null,null,null,null,null,110,15,6,9900,1.3,null,Aplique de defensa trasera Prius Prime,Película protectora defensa trasera Prius Prime.,null,Body,null,Aplique de defensa trasera,pt92947230
PT9364723001,Door Edge Guard - Toyota (PT936-47230-01),92.86,Toyota,Prius Deg 1L0 Silver,Help prevent door edge dings and chipped paint with this protective finishing touch. Thermoplastic-coated stainless steel is precisely matched to the exterior finish. Compression-fitted to door edge contours.,null,null,null,null,null,null,null,https://s3.amazonaws.com/rp-part-images/assets/23e401a39e58c7540ae40359ab853eee.webp,null,null,null,null,null,null,null,null,null,null,null,null,null,null,null,null,null,null,null,null,null,1,100,5,500,0.5,null,Prius Silver,Ayuda a prevenir golpes y pintura descascarada en los bordes de las puertas con este toque protector. El acero inoxidable recubierto con termoplástico está perfectamente combinado con el color de la pintura exterior. Ajuste por compresión a los contornos de las puertas.,null,null,null,"Protectores de bordes de puerta, plata 1L0",door-edge-guard-toyota-pt936-47230-01-pt9364723001
AAAA0002,Test náñeó,87.27,Toyota,Mud Flap Kit,Descripción,null,"Front, Rear",null,null,null,null,null,https://s3.amazonaws.com/rp-part-images/assets/c5ae97b765e45c82e56a8a9e803b2c26.webp,null,null,null,null,null,null,null,null,null,null,null,null,null,null,null,null,null,null,null,null,null,5,50,30,7500,1.2,null,Molduras Guardafangos,Descripción en español,null,Exterior,null,null,aaaa0002
PT9380214001,"Molding, Body Side, Classic Silver Metallic - Toyota (PT938-02140-01)",null,Toyota,Bsm Corolla 1F7 Silver,"Body side moldings help protect against careless door swings, renegade shopping carts and other unfortunate parking lot mishaps. These color-matched moldings add a touch of style to the vehicle’s exterior..",null,null,null,null,null,null,null,https://s3.amazonaws.com/rp-part-images/assets/f372549534241b449eedbf19175b38ae.webp,https://s3.amazonaws.com/rp-part-images/assets/b739ec3109d8af554641cd4f81079f5e.webp,null,null,null,null,null,null,null,null,null,null,null,null,null,null,null,null,null,null,null,null,2,120,4,960,1,null,Bsm Corolla 1F7 Plata,"Las molduras laterales ayudan a proteger contra golpes descuidados de puertas, carritos de compras descontrolados y otros percances desafortunados en estacionamientos. Estas molduras combinadas en color añaden un toque de estilo al exterior del vehículo.",null,null,null,"Moldura lateral, plata metálica Classic",molding-body-side-classic-silver-metallic-toyota-pt938-02140-01-pt9380214001
PK38935S00TP,4RUN Mudg 4PC Black - Toyota (PK389-35S00-TP),null,Toyota,null,null,null,null,null,null,null,null,null,null,null,null,null,null,null,null,null,null,null,null,null,null,null,null,null,null,null,null,null,null,null,5,40,30,6000,1.65,null,null,null,25174418,Suspension & Steering,null,null,pk38935s00tp
PT94948210,Integrated Dashcam Wire Harness - Toyota (PT949-48210),null,Toyota,Dashcam Wire Harness,Wire Harness Kit for Toyota Integrated Dashcam.,null,null,null,null,null,null,null,https://s3.amazonaws.com/rp-part-images/assets/6a55f7ca6eea8f2b09bc9c2eed51b594.webp,null,null,null,null,null,null,null,null,null,null,null,null,null,null,null,null,null,null,null,null,null,3,20,10,600,0.28,null,Arn�s para c�mara de tablero,Kit de arnés para instalación de cámara integrada Toyota.,25174418,Electronic Parts,null,null,pt94948210
PT9080318502,Cargo Tray - Toyota (PT908-03185-02),null,Toyota,Trunk Mat,"The tough, flexible cargo tray allows you to carry a wide variety of items, and helps protect your trunk area carpeting.Made of durable, easy-to-clean material, embossed with a Camry logoSkid-resistant surface helps secure items in placeMolded perimeter lip helps contain spills .",null,null,null,null,null,null,null,https://s3.amazonaws.com/rp-part-images/assets/9f8bf62f860bbc1a35aeb808e166f361.webp,null,null,null,null,null,null,null,null,null,null,null,null,null,null,null,null,null,null,null,null,null,3,94,86,24252,2.25,null,Tapete de cajuela,"Bandeja de carga resistente y flexible, protege la alfombra del maletero. Fácil de limpiar, con logotipo Camry en relieve. Superficie antideslizante. Borde perimetral elevado para contener derrames.",25174418,Additional Parts,null,null,pt9080318502
PT9084220302,TRD Cargo Liner For TRD Off-Road RAV4 - Toyota (PT908-42203-02),null,Toyota,Trunk Mat,PARTS,null,null,null,null,null,null,null,https://s3.amazonaws.com/rp-part-images/assets/b071af82fc92b3d94ea2726591f58df8.webp,null,null,null,null,null,null,null,null,null,null,null,null,null,null,null,null,null,null,null,null,null,3,90,62,16740,1.44,null,Tapete de cajuela,PARTES,25174418,Additional Parts,null,null,pt9084220302
PT90C3422002,Bed Mat - Short - Black - Toyota (PT90C-34220-02),null,Toyota,Tun Bedmat Short Bed,"Minimize damage to your truck bed and cargo with this heavyweight bed mat. Its made from a high-strength, cord-enhanced rubber compound that can withstand abuse without fading, cracking or breaking. Pebble finish minimizes shifting of cargoRaised angled ribs ease cargo loading/unloadingKnobby underside promotes aeration and drainage that keeps the truck bed dry to help prevent mildew.",null,null,null,null,null,null,null,https://s3.amazonaws.com/rp-part-images/assets/a26c33c57b6af054253d4d158b6898e6.webp,null,null,null,null,null,null,null,null,null,null,null,null,null,null,null,null,null,null,null,null,null,3,104,81,25272,1.16,null,Tapete para caja corta Tacoma,Minimiza el daño en la batea y la carga con este tapete pesado. Goma reforzada con cordón de alta resistencia. Superficie rugosa evita deslizamiento. Costillas elevadas para facilitar carga. Parte inferior elevada que permite drenaje y evita moho.,25174418,Suspension & Steering,null,null,pt90c3422002
PT9483524102,Tailgate Insert - Flat Black - Toyota (PT948-35241-02),null,Toyota,"Tailgate Insert, Flat Black, Taco Bdg Tg Flt Blck","?Attached with strong adhesive backing?Three colors available, bright chrome, flat black, or gun metal.",null,null,null,null,null,null,null,https://s3.amazonaws.com/rp-part-images/assets/f7901f561aa8a99b035c5f3335421b15.webp,null,null,null,null,null,null,null,null,null,null,null,null,null,null,null,null,null,null,null,null,null,2,70,10,1400,0.86,null,Inserto de compuerta en negro mate Tacoma,"Adhesivo resistente. Disponible en cromo brillante, negro mate y gris metálico",25174418,Additional Parts,null,null,pt9483524102
PT9483524502,Badge Overlay - Matte Black - Toyota Logo - Toyota (PT948-35245-02),null,Toyota,4RUN Eemb Black Sombre,"Molded from tough and durable ABS plastic, Toyota Logo black badge overlay is engineered to precisely fit over existing badge, making it easy to customize in minutes. Easy to install-simply remove tape line and apply over clean Toyota Logo badge.",null,null,null,null,null,null,null,https://s3.amazonaws.com/rp-part-images/assets/43d51d80603253d00832857d1d875eee.webp,null,null,null,null,null,null,null,null,null,null,null,null,null,null,null,null,null,null,null,null,null,3,101,89,26967,2.18,null,Emblema 4Runner en negro sombra,Fabricado en plástico ABS resistente. Cubierta negra con logotipo Toyota. Se coloca sobre el emblema original para personalizar fácilmente,25174418,Additional Parts,null,null,pt9483524502
PT22848205,"Towing, Ball Mount - 2 Inch - Toyota (PT228-48205)",36.92,Toyota,Trailer Hitch Ball Mount,The Ball Mount's cold-forged steel construction helps provide superior strength.,null,null,null,null,null,null,null,https://s3.amazonaws.com/rp-part-images/assets/193f7a52b89b3abb8b256d5a851cf1c7.webp,null,null,null,null,null,null,null,null,null,null,null,null,null,null,null,null,null,null,null,null,null,10,25,10,2500,2.5,null,Soporte de bola de enganche para remolque,La construcción de acero forjado en frío del soporte de bola proporciona una resistencia superior.,null,null,null,"Remolque, soporte de bola de 2 pulgadas",towing-ball-mount-2-inch-toyota-pt228-48205-pt22848205
PT90702200,"Paint Protection Film, Hood, Fenders - Toyota (PT907-02200)",236.32,Toyota,Paint Protection Film,"Genuine Toyota paint protection film helps protect  the paint finish from chips and scratchesMultiple film layers of durable, nearly invisible urethane help provide protection and resist discolorationDesigned for specific sections of the vehicle that are most prone to chipping.",null,null,null,null,null,null,null,https://s3.amazonaws.com/rp-part-images/assets/c937d11bec6a9db2ff5b7d94fd147085.webp,null,null,null,null,null,null,null,null,null,null,null,null,null,null,null,null,null,null,null,null,null,5,100,10,5000,1.2,null,Película de protección de pintura,La película de protección de pintura Toyota protege el acabado de pintura contra astillas y rayones. Diseñada para áreas específicas del vehículo más propensas al daño.,null,null,null,"Película de protección de pintura, cofre y loderas",paint-protection-film-hood-fenders-toyota-pt907-02200-pt90702200
PT90702203,"Paint Protection Film, Hood, Fenders - Toyota (PT907-02203)",236.32,Toyota,Paint Protection Film,"Genuine Toyota paint protection film helps protect  the paint finish from chips and scratchesMultiple film layers of durable, nearly invisible urethane help provide protection and resist discolorationDesigned for specific sections of the vehicle that are most prone to chippingAvailable in kits for the hood, fenders, mirror backs, door cups and for the front bumper (each sold separately).",null,null,null,null,null,null,null,https://s3.amazonaws.com/rp-part-images/assets/c6e7122c4406dceee9b1aa154fc80328.webp,null,null,null,null,null,null,null,null,null,null,null,null,null,null,null,null,null,null,null,null,null,5,100,10,5000,1.2,null,Película de protección de pintura,"La película de protección de pintura incluye kits para áreas específicas, como el capó, guardafangos, retrovisores, copas de las puertas y parachoques frontal. Cada kit se vende por separado.",null,null,null,"Película de protección de pintura, cofre y loderas",paint-protection-film-hood-fenders-toyota-pt907-02203-pt90702203
PT90708210FF,Ppf Fenders Sienna - Toyota (PT907-08210-FF),99.57,Toyota,null,null,null,null,null,null,null,null,null,null,null,null,null,null,null,null,null,null,null,null,null,null,null,null,null,null,null,null,null,null,null,5,100,10,5000,1.2,null,null,null,null,null,null,"Película protectora para loderas, Sienna",ppf-fenders-sienna-toyota-pt907-08210-ff-pt90708210ff
PU06012115R1,Mudguard Set - Toyota (PU060-12115-R1),22.64,Toyota,Mud Flap,"Helps provide protection to vehicle exterior paint from mud, road debris, dirt and stone chippingPrecise fit to match vehicle body panels and structureCorrosion-resistant mounting hardwareSet includes four mudguards.",null,Rear,null,PU060-12114-R1,null,null,null,https://s3.amazonaws.com/rp-part-images/assets/74f5d9342e70048cf71d56e26dfc1b7a.webp,https://s3.amazonaws.com/rp-part-images/assets/c31b626f997118e74b7152d5228def34.webp,https://s3.amazonaws.com/rp-part-images/assets/92df32528de46d735c3cf27cde9d4e91.webp,null,null,null,null,null,null,null,null,null,null,null,null,null,null,null,null,null,null,null,2,60,40,4800,1.5,null,Mud Flap,"Ayuda a proteger la pintura exterior del vehículo contra barro, desechos de carretera, suciedad y astillado de piedras. Ajuste preciso para coincidir con los paneles y estructura de la carrocería del vehículo. Herrajes resistentes a la corrosión. El juego incluye cuatro guardabarros.",null,null,null,Juego de loderas,mudguard-set-toyota-pu060-12115-r1-pu06012115r1
PT9384213029,Door Molding - Toyota (PT938-42130-29),null,Toyota,"Molding, Body Side, Black Current Metallic","Helps provide exterior door protection from scratches, dents and chippingColor-matched to the factory paint of the vehicleSet of four.",null,null,null,null,null,null,null,https://s3.amazonaws.com/rp-part-images/assets/38287e2fa9468f4e1d0212fb07b2010c.webp,https://s3.amazonaws.com/rp-part-images/assets/588ebba6796315fba5e729fcaccd0221.webp,https://s3.amazonaws.com/rp-part-images/assets/77fb5f163784c824ed1373c83304fc89.webp,null,null,null,null,null,null,null,null,null,null,null,null,null,null,null,null,null,null,null,2,120,4,960,1,null,"Moldura lateral, Black Current Metallic","Ayuda a proteger las puertas exteriores contra rayones, abolladuras y desconchaduras de pintura. Combinadas con el color de fábrica del vehículo. Juego de cuatro piezas.",null,null,null,"Moldura de puerta, negro metálico Black Current",door-molding-toyota-pt938-42130-29-pt9384213029
PT9384219002,"Moldings, Body Side, Midnight Black Metallic - Toyota (PT938-42190-02)",173.41,Toyota,Door Molding,"Body side moldings help protect against careless door swings, runaway shopping carts and other parking lot mishaps while adding a little extra exterior style\
 Color-matched to the exterior paint Finish\
\
          \
          Fits Rav4 , RAV4 PrimeColor: Attitude Black MC. Color Code: 0218 Finish: Painted Location: Mid Door Number of Pieces: 4 \
          \
          Body side moldings help protect against careless door swings, runaway shopping carts and other parking lot mishaps while adding a little extra exterior styleColor-matched to the exterior paint finish.",null,null,null,null,null,null,null,https://s3.amazonaws.com/rp-part-images/assets/5316b0394620cb4791905c7fa52f1c14.webp,https://s3.amazonaws.com/rp-part-images/assets/6d7be83c53a18fe41aac9a1e50ffa1f2.webp,null,null,null,null,null,null,null,null,null,null,null,null,null,null,null,null,null,null,null,null,2,120,4,960,1,null,Moldura de puerta,"Las molduras laterales ayudan a proteger contra golpes descuidados de puertas, carritos de compras descontrolados y otros percances en estacionamientos, mientras añaden un poco de estilo adicional al exterior. Combinadas con el acabado de pintura exterior.",null,null,null,"Molduras laterales, negro midnight",moldings-body-side-midnight-black-metallic-toyota-pt938-42190-02-pt9384219002
AAAA0003,PRODUCT ATEM DEMO,0.00,Toyota,DEMO FOR UPLOAD 24 MATO,DESCRIPTION FOR PRODUCTO 24 MAYO,null,"Front, Rear",null,null,null,null,null,https://s3.amazonaws.com/rp-part-images/assets/c5ae97b765e45c82e56a8a9e803b2c26.webp,null,null,null,null,null,null,null,null,null,null,null,null,null,null,null,null,null,null,null,null,null,5,50,30,7500,1.2,null,DEMO PARA CARGA 24 MAYO,DESCRIPCION DEL PRODUCTO 24 MAYO,null,EXTERIOR,null,null,aaaa0003
PT9384219001,"Moldings, Body Side, Silver Sky Metallic - Toyota (PT938-42190-01)",173.41,Toyota,Door Molding,"Body side moldings help protect against careless door swings, runaway shopping carts and other parking lot mishaps while adding a little extra exterior style\
 Color-matched to the exterior paint Finish\
\
          \
          Fits Rav4 , RAV4 PrimeColor: Silver ME. Color Code: 01D6 Finish: Painted Location: Mid Door Number of Pieces: 4 \
          \
          Body side moldings help protect against careless door swings, runaway shopping carts and other parking lot mishaps while adding a little extra exterior styleColor-matched to the exterior paint finish.",null,null,null,null,null,null,null,https://s3.amazonaws.com/rp-part-images/assets/e77ad6aaceb8988966837b371668a02f.webp,null,null,null,null,null,null,null,null,null,null,null,null,null,null,null,null,null,null,null,null,null,2,120,4,960,1,null,Moldura de puerta,"Las molduras laterales ayudan a proteger contra golpes descuidados de puertas, carritos de compras descontrolados y otros percances en estacionamientos, mientras añaden un poco de estilo adicional al exterior. Combinadas con el acabado de pintura exterior.",null,null,null,"Molduras laterales, plata Silver Sky",moldings-body-side-silver-sky-metallic-toyota-pt938-42190-01-pt9384219001
PT90716220,"Paint Protection Film For Hood, Front Fender - Toyota (PT907-16220)",236.32,Toyota,Cor Cross Ppf,"Genuine Toyota paint protection film helps protect the paint finish from chips and scratchesMultiple film layers of durable, nearly invisible urethane help provide protection and resist discolorationDesigned for specific sections of the vehicle that are most prone to chippingKit includes paint protection film for the front bumperPaint protection film for hood, fenders, mirror backs and door cups sold separately.",null,null,null,null,null,null,null,https://s3.amazonaws.com/rp-part-images/assets/6d32b0235af96716547d890cec104be8.webp,null,null,null,null,null,null,null,null,null,null,null,null,null,null,null,null,null,null,null,null,null,5,100,10,5000,1.2,null,Corolla Cross Ppf,La película de protección de pintura genuina Toyota protege el acabado de pintura en áreas específicas propensas al daño. Incluye kit para parachoques delantero. Otros kits se venden por separado.,null,null,null,Película de protección de pintura para cofre y loderas,paint-protection-film-for-hood-front-fender-toyota-pt907-16220-pt90716220
PT90703190,"Paint Protection Film, Hood, Fenders - Toyota (PT907-03190)",236.32,Toyota,Paint Protection Film,"Genuine Toyota paint protection film helps protect the paint finish from chips and scratches Multiple film layers of durable, nearly invisible urethane help provide protection and resist discolorationDesigned for specific sections of the vehicle that are most prone to chipping.",null,null,null,null,null,null,null,https://s3.amazonaws.com/rp-part-images/assets/742d41b90246880844dc42af956aba8c.webp,https://s3.amazonaws.com/rp-part-images/assets/8d02bba19321c1bfeea2b5d28fdccfe0.webp,null,null,null,null,null,null,null,null,null,null,null,null,null,null,null,null,null,null,null,null,5,100,10,5000,1.2,null,Película de protección de pintura,Protege el acabado de pintura de astillas y rayones con varias capas de uretano duradero y casi invisible. Diseñada para secciones específicas del vehículo propensas al daño.,null,null,null,"Película de protección de pintura, cofre y loderas",paint-protection-film-hood-fenders-toyota-pt907-03190-pt90703190
PT9384219008,"Moldings, Body Side, Blueprint - Toyota (PT938-42190-08)",173.41,Toyota,Door Molding,"Body side moldings help protect against careless door swings, runaway shopping carts and other parking lot mishaps while adding a little extra exterior style\
 Color-matched to the exterior paint Finish\
\
          \
          Fits Rav4 , RAV4 PrimeColor: DK. Blue MC. Color Code: 08X8 Finish: Painted Location: Mid Door Number of Pieces: 4 \
          \
          Body side moldings help protect against careless door swings, runaway shopping carts and other parking lot mishaps while adding a little extra exterior styleColor-matched to the exterior paint finish.",null,null,null,null,null,null,null,https://s3.amazonaws.com/rp-part-images/assets/2abc27d0fb38560ba417bb9ef40392cf.webp,null,null,null,null,null,null,null,null,null,null,null,null,null,null,null,null,null,null,null,null,null,2,120,4,960,1,null,Moldura de puerta,"Las molduras laterales ayudan a proteger contra golpes descuidados de puertas, carritos de compras descontrolados y otros percances en estacionamientos, mientras añaden un poco de estilo adicional al exterior.",null,null,null,"Molduras laterales, Blueprint",moldings-body-side-blueprint-toyota-pt938-42190-08-pt9384219008
PT90735240,"Paint Protection Film, Hood, Fenders - Toyota (PT907-35240)",236.32,Toyota,Taco Ppf HD Fndr Mb,"Genuine Toyota paint protection film helps protect the paint finish from chips and scratches.Designed for specific sections of the vehicle that are most prone to chipping Condition: New   Notes: Door Cups, Mirrors.",null,null,null,null,null,null,null,https://s3.amazonaws.com/rp-part-images/assets/5123894eb50b348f34e6b44377966c32.webp,null,null,null,null,null,null,null,null,null,null,null,null,null,null,null,null,null,null,null,null,null,5,100,10,5000,1.2,null,Tacoma Ppf cofre/salpicaderas,"Película de protección para puertas y espejos, diseñada para proteger contra astillas y rayones en áreas específicas del vehículo.",null,null,null,"Película de protección de pintura, cofre y loderas",paint-protection-film-hood-fenders-toyota-pt907-35240-pt90735240
PT90735247,"Paint Protection Film, Hood, Fenders - Toyota (PT907-35247)",236.32,Toyota,Taco T H Ppf HD Fndr,"Genuine Toyota paint protection film helps protect the paint finish from chips and scratches. Multiple film layers of durable, nearly invisible urethane help provide protection and resist discoloration Designed for specific sections of the vehicle that are most prone to chipping .",null,null,null,null,null,null,null,https://s3.amazonaws.com/rp-part-images/assets/eddeb2b9b7f6ca1da53edd0d48f24e10.webp,null,null,null,null,null,null,null,null,null,null,null,null,null,null,null,null,null,null,null,null,null,5,100,10,5000,1.2,null,Tacoma TRD Ppf cofre/salpicaderas,null,null,null,null,Película protectora para cofre y loderas,paint-protection-film-hood-fenders-toyota-pt907-35247-pt90735247
PK38947R00TF,Prs Prsp Mudg Hw Kit - Toyota (PK389-47R00-TF),70.99,Toyota,null,null,null,null,null,null,null,null,null,null,null,null,null,null,null,null,null,null,null,null,null,null,null,null,null,null,null,null,null,null,null,5,30,20,3000,0.6,null,N/A,null,null,null,null,Kit de loderas Prius Prime,prs-prsp-mudg-hw-kit-toyota-pk389-47r00-tf-pk38947r00tf
PK38916N00TF,Cor Crs Mudg Hrdwr B - Toyota (PK389-16N00-TF),29.92,Toyota,null,null,null,null,null,null,null,null,null,null,null,null,null,null,null,null,null,null,null,null,null,null,null,null,null,null,null,null,null,null,null,5,30,20,3000,0.6,null,N/A,null,null,null,null,Salpicaderas Corolla Cross hardware B,cor-crs-mudg-hrdwr-b-toyota-pk389-16n00-tf-pk38916n00tf
PK38908M00TF,Sien Mudg Frnt Black X - Toyota (PK389-08M00-TF),30.21,Toyota,null,null,null,null,null,null,null,null,null,null,null,null,null,null,null,null,null,null,null,null,null,null,null,null,null,null,null,null,null,null,null,5,30,20,3000,0.6,null,N/A,null,null,null,null,Salpicaderas delanteras Sienna negras X,sien-mudg-frnt-black-x-toyota-pk389-08m00-tf-pk38908m00tf
PTQ7600230-2,Quick Charging Cable Package - Toyota (PTQ76-00230),null,Toyota,"Cable Package, Quick Charging, Multi Charge Cable","Quick Charging Cable Package-New: Automotive grade quality USB charging cables are a convenient way to have your smart devices charged while on the go. Features automotive grade quality USB charging cables, a convenient way to have your smart devices charged while on the go. Includes: 1-Apple Lightning to USB-A Cable - 3-ft. 1-Apple Lightning to USB-C Cable - 3-ft. 1-USB-C to USB-A Cable - 3-ft. 1-USB-C to USB-C Cable - 3-ft. .Quick Charging Cable Package:Automotive Grade quality USB charging cables are a convenient way to have your smart devices charged while on the go. Includes:��1-Apple Lightning to USB-A Cable - 3'1-Apple Lightning to USB-C Cable - 3'�1-USB-C to USB-A - Cable - 3'�1-USB-C to USB-C - Cable - 3'.",null,null,null,pt97603200,null,null,null,https://s3.amazonaws.com/rp-part-images/assets/524a4798e7ad33673068068f4acc9dc8.webp,https://s3.amazonaws.com/rp-part-images/assets/2b34fa54d13197bdb94bd3c49821102e.webp,null,null,null,null,null,null,null,null,null,null,null,null,null,null,null,null,null,null,null,null,3,20,10,600,0.39,null,Paquete de cables de carga r�pida,"Paquete de cables de carga rápida automotriz. Incluye:
1 cable Apple Lightning a USB-A (90 cm)
1 cable Apple Lightning a USB-C (90 cm)
1 cable USB-C a USB-A (90 cm)
1 cable USB-C a USB-C (90 cm)",25174418,Electronic Parts,null,null,ptq7600230-2
PT9483422000,"Exterior Badge, Tailgate Insert, Chrome - Toyota (PT948-34220-00)",60.42,Toyota,Tun Bdge Chr Tailgate,"Tailgate inserts emphasize the Tundra stamp in the tailgate and are an easy way to customize the look of your truck. Individual letters strongly adhere into the stamped tailgate logo.Attached with strong adhesive backingTwo colors available, bright chrome or flat black.",null,null,null,null,null,null,null,https://s3.amazonaws.com/rp-part-images/assets/ab2c63e9f6b49c8fbf91504a6cf67bec.webp,null,null,null,null,null,null,null,null,null,null,null,null,null,null,null,null,null,null,null,null,null,0.5,20,5,50,0.1,null,Tun Bdge Chr Tailgate,Las inserciones de la compuerta trasera enfatizan el grabado de Tundra en la compuerta trasera y son una forma sencilla de personalizar el aspecto de tu camioneta. Las letras individuales se adhieren firmemente al logotipo grabado en la compuerta. Se adhieren con un respaldo adhesivo fuerte. Disponibles en dos colores: cromo brillante o negro mate.,null,null,null,"Inserto de emblema exterior, cromo",exterior-badge-tailgate-insert-chrome-toyota-pt948-34220-00-pt9483422000
PT93847161,"Ground Effects, Aero Side Splitter - Toyota (PT938-47161)",251.17,Toyota,Aero Splitter,Provides a stylish enhancement to your PriusDesigned to complement the aerodynamic look of the Prius.,null,null,null,null,null,null,null,https://s3.amazonaws.com/rp-part-images/assets/e3e1f6bbcacdc9f26835c95c6478f64a.webp,https://s3.amazonaws.com/rp-part-images/assets/3191ce59aabeab3570274dcc837f861c.webp,null,null,null,null,null,null,null,null,null,null,null,null,null,null,null,null,null,null,null,null,10,180,6,10800,3.5,null,Aero Splitter,Proporciona una mejora elegante a tu Prius. Diseñado para complementar el aspecto aerodinámico del Prius.,null,null,null,"Efectos de carrocería, faldones laterales Aero",ground-effects-aero-side-splitter-toyota-pt938-47161-pt93847161
PU06012115P1,"Splash Guards, Set Of Four - Toyota (PU060-12115-P1)",43.02,Toyota,Mud Guard,"THIS IS A GLOBallY SOURCED PART.Help protect your paint Finish from road debris and the damage it causes. \
 Blend seamlessly with exterior styling \
 Set includes four mudguards  \
\
          \
          Fits Corolla Color: Black HARDWARE: With Hardware Number of Pieces: 4 Position: Front and Rear \
          \
          Toyota Genuine mudguards are designed to blend seamlessly with the exterior style.Help protect the paint finish from road debris and the damage it causes.",null,"Front, Rear",null,"PU060-12014-P1, PU060-12114-P1",null,null,null,https://s3.amazonaws.com/rp-part-images/assets/31febc501e38fc2fd9ef46b6bcec7546.webp,https://s3.amazonaws.com/rp-part-images/assets/73e186c164f43dae24b683190e4654b6.webp,https://s3.amazonaws.com/rp-part-images/assets/0c2f272fc3d59c1670e8369ee3bda770.webp,null,null,null,null,null,null,null,null,null,null,null,null,null,null,null,null,null,null,null,2,60,40,4800,1.5,null,Mud Guard,"ESTA ES UNA PIEZA FUENTE GLOBAL. Protege el acabado de pintura de los desechos de la carretera y los daños que causan.\
 Se integra perfectamente con el diseño exterior.\
 El juego incluye cuatro guardabarros.",null,null,null,Salpicaderas (juego de 4),splash-guards-set-of-four-toyota-pu060-12115-p1-pu06012115p1
PT94208210,"Door Sills, Illuminated - Toyota (PT942-08210)",201.38,Toyota,Door Sill Strip,This smart and stylish addition helps prevent door sill scuffs and scrapes.The durable brushed finish features polished accentsSienna LED logo illuminates icy blue when the front doors are open to help with entry into the Sienna.,null,null,null,null,null,null,null,https://s3.amazonaws.com/rp-part-images/assets/7a91c486939080f6484212336216afe5.webp,null,null,null,null,null,null,null,null,null,null,null,null,null,null,null,null,null,null,null,null,null,1,80,8,640,0.7,null,Door Sill Strip,Este complemento inteligente y elegante ayuda a prevenir raspaduras y arañazos en los umbrales de las puertas. El acabado cepillado duradero presenta detalles pulidos y el logotipo LED de Sienna se ilumina en azul helado cuando se abren las puertas delanteras.,null,null,null,Umbrales de puerta iluminados,door-sills-illuminated-toyota-pt942-08210-pt94208210
PK24108M01TP,"Cargo, Tri-Fold Liner - Toyota (PK241-08M01-TP)",123.07,Toyota,Cargo Area Liner,Precisely engineered to fit the Sienna's cargo floor. Folds up for easy storage.,null,null,null,null,null,null,null,https://s3.amazonaws.com/rp-part-images/assets/969c88ad71e2a1c642e58a397f6a69b0.webp,null,null,null,null,null,null,null,null,null,null,null,null,null,null,null,null,null,null,null,null,null,5,100,100,50000,2,null,Protector de área de carga,Diseñado para ajustarse perfectamente al área de carga de la Sienna. Se pliega para almacenamiento fácil.. Tapete de carga plegable.,null,null,null,"Protector de área de carga, triple pliegue",cargo-tri-fold-liner-toyota-pk241-08m01-tp-pk24108m01tp
PT9484716002,"Console, Lower, Applique - Toyota (PT948-47160-02)",170.94,Toyota,Console Panel,"To complement the sporty Interior, add the?Center Console Appliqu?. \
 Integrates beautifully with the Interior, highlighting the contrast between the Cupholder and Console \
 Durable, high quality Finish helps resist everyday wear and tear \
 Available only for the Prius Grade Three & Four Touring and Non-Touring and Prius Prime Premium and Advanced models with?moonstone Interior.  \
\
          \
          Fits Prius, Prius PrimeColor: Black ContentS: Center Console Applique and Armrest Applique \
          \
          Lower Console Applique complements the sporty interior and integrates beautifully with the black interior, highlighting the contrast between cupholder and consoleDurable high quality finish helps resist everyday wear and tear.",null,null,null,null,null,null,null,https://s3.amazonaws.com/rp-part-images/assets/fcde855a4283e251b54f325c29ef6cb0.webp,https://s3.amazonaws.com/rp-part-images/assets/c0c76749a7ccdb82dae1f93731506667.webp,null,null,null,null,null,null,null,null,null,null,null,null,null,null,null,null,null,null,null,null,1,40,30,1200,0.8,null,Console Panel,"Para complementar el interior deportivo, añade la Aplicación de Consola Central.\
 Se integra perfectamente con el interior, destacando el contraste entre el portavasos y la consola.\
 Acabado duradero de alta calidad que ayuda a resistir el desgaste diario.\
 Disponible solo para los modelos Prius Grado Tres y Cuatro Touring y No Touring, así como Prius Prime Premium y Advanced con interior Moonstone.",null,null,null,Aplique de consola inferior,console-lower-applique-toyota-pt948-47160-02-pt9484716002
PT9483524402,Black Badge Overlay For SR5 - Toyota (PT948-35244-02),117.47,Toyota,Taco Bdg SR5 Matte B,"Molded from tough and durable ABS plastic, blackout emblem overlays are engineered to precisely fit over existing badges, making it easy to customize in minutes. Designed to fit over existing chrome badging.",null,null,null,null,null,null,null,https://s3.amazonaws.com/rp-part-images/assets/8794a872e18a3eee695884fd48b92bbc.webp,null,null,null,null,null,null,null,null,null,null,null,null,null,null,null,null,null,null,null,null,null,0.5,20,5,50,0.1,null,Taco Bdg SR5 Matte B,"Moldeadas en plástico ABS resistente y duradero, las cubiertas de emblemas en negro están diseñadas para ajustarse con precisión sobre las insignias existentes, lo que facilita la personalización en minutos. Diseñadas para ajustarse sobre las insignias cromadas existentes.",null,null,null,Superposición de emblema negro SR5,black-badge-overlay-for-sr5-toyota-pt948-35244-02-pt9483524402
PT9484820B02,Blackout Emblem Overlays - XLE - Toyota (PT948-4820B-02),123.07,Toyota,Hldrh Bdge Xle Black,"Molded from tough and durable black ABS plastic, blackout emblem overlays are engineered to precisely fit over existing badges, making it easy to customize in minutesIncludes overlays for the Model name, Model grade, Toyota logo, AWD and Hybrid if applicable.",null,null,null,null,null,null,null,https://s3.amazonaws.com/rp-part-images/assets/5984f6710371399479b5789e7eac7502.webp,null,null,null,null,null,null,null,null,null,null,null,null,null,null,null,null,null,null,null,null,null,0.5,20,5,50,0.1,null,Hldrh Bdge Xle Black,"Moldeadas en plástico ABS negro resistente y duradero, las cubiertas de emblemas en negro están diseñadas para ajustarse con precisión sobre las insignias existentes, lo que facilita la personalización en minutos. Incluye cubiertas para el nombre del modelo, grado del modelo, logotipo de Toyota, AWD y Hybrid si corresponde.",null,null,null,"Emblemas exteriores en negro, XLE",blackout-emblem-overlays-xle-toyota-pt948-4820b-02-pt9484820b02
PT9494716002,"Tablet Holder, Universal - Toyota (PT949-47160-02)",66.01,Toyota,Tablet Computer Docking Station,"Compatible with virtually all multimedia devices, it holds your tablet, phone, and music or video player in place.\
 Installs and removes in seconds-no tools required\
 Durable construction with spring-loaded arms to hold your device in place\
 Adjustable pivot/tilt enables passengers to view their device at eye level\
\
          \
          Color: Black Universal Tablet Holder is intended for passengers only. Drivers should always be sure to obey traffic regulations and Maintain awareness of road and traffic conditions at all times. Use of aftermarket Accessories may pose an increased risk of injury to ocCupants in the eVent of an accident. Tablet sold separately.\
          \
          Universal tablet mount compatible with virtually all multimedia devicesInstalls and removes in seconds - no tools requiredDurable material with spring loaded armsAdjustable pivot/tilt for easy viewingMay Require vehicle service parts for assembly for specific vehicles.",null,null,null,null,null,null,null,https://s3.amazonaws.com/rp-part-images/assets/cb9e57e3da1f0972f049710adf8f015d.webp,https://s3.amazonaws.com/rp-part-images/assets/bbad75ddb8c00a7e6ebffb195bf9a3f6.webp,https://s3.amazonaws.com/rp-part-images/assets/bdd74bc3c91aa1e1a5866335de6dfc9b.webp,https://s3.amazonaws.com/rp-part-images/assets/8e3a7c0c8044f67dec36b0ac687eae32.webp,null,null,null,null,null,null,null,null,null,null,null,null,null,null,null,null,null,null,25,18,5,2250,0.6,null,Tablet Computer Docking Station,"Compatible con prácticamente todos los dispositivos multimedia, sostiene tu tablet, teléfono y reproductor de música o video en su lugar.\
 Se instala y retira en segundos sin necesidad de herramientas.\
 Construcción duradera con brazos cargados por resorte para sujetar tu dispositivo en su lugar.\
 El pivote/inclinación ajustable permite a los pasajeros ver su dispositivo a nivel de los ojos.",null,null,null,Soporte universal para tablet,tablet-holder-universal-toyota-pt949-47160-02-pt9494716002
PK38942K01TF,"Mudguards, Adventure Grade - Toyota (PK389-42K01-TF)",46.63,Toyota,Mud Guard Set,Mudguards-Adventure Grade-Front-Driver & PassengerHelp protect the paint finish from road debris and the damage it causes.         Designed to integrate with RAV4 exterior stylingSet includes two front mudguardsLE model mudguard shown.,null,Front,null,null,null,null,null,https://s3.amazonaws.com/rp-part-images/assets/f166fb0e0240110ff247b489f7ba0cf8.webp,null,null,null,null,null,null,null,null,null,null,null,null,null,null,null,null,null,null,null,null,null,5,30,20,3000,0.6,null,Juego de salpicaderas,Guardafangos delanteros para modelos Adventure; protege la pintura contra daños.. Incluye 2 piezas delanteras para RAV4.,null,null,null,"Salpicaderas, versión Adventure",mudguards-adventure-grade-toyota-pk389-42k01-tf-pk38942k01tf
PT97416220,Trailer Ball Mount For Tow Hitch - Toyota (PT974-16220),26.85,Toyota,Cor Crs Blmt Rec Tub,It is engineered to help accommodate your vehicle’s maximum tow ratingBuilt and tested to match exact towing capacityOn-road testing of trailer ball and ball mount help ensure towing system integrityMeets or exceeds industry towing standards.,null,null,null,null,null,null,null,https://s3.amazonaws.com/rp-part-images/assets/bbf2d778dcf9f4c02deb4e0ff968053c.webp,null,null,null,null,null,null,null,null,null,null,null,null,null,null,null,null,null,null,null,null,null,8,30,12,2880,3,null,Cor Crs Blmt Rec Tub,Está diseñada para ayudar a acomodar la capacidad máxima de remolque de tu vehículo. Construida y probada para coincidir con la capacidad exacta de remolque. Las pruebas en carretera del enganche y la bola de remolque ayudan a garantizar la integridad del sistema de remolque. Cumple o supera los estándares de remolque de la industria.,null,null,null,"Soporte de bola para remolque, Corolla Cross",trailer-ball-mount-for-tow-hitch-toyota-pt974-16220-pt97416220
PT9550318020,"Spoiler, Rear, Platinum White Pearl - Toyota (PT9550318020)",null,Toyota,null,Add even more style to your Camry with an aerodynamic rear spoiler.Contoured for a perfect fit and color-matched to your exterior paint finish.Available on LE & XLE models only.,1,null,null,null,null,null,null,https://s3.amazonaws.com/rp-part-images/assets/c7cd1afa99841336641b8fe0b501c71b.webp,https://s3.amazonaws.com/rp-part-images/assets/50436aabf230c6bb30a8e81235269ccd.webp,null,null,null,null,null,null,null,null,null,null,null,null,null,null,null,null,null,null,null,null,10,140,30,42000,4.5,null,null,Añade aún más estilo a tu Camry con un spoiler trasero aerodinámico. Contorneado para un ajuste perfecto y combinado con el color de la pintura exterior. Disponible solo en los modelos LE y XLE.,null,null,null,"Alerón trasero, blanco perla Platinum",spoiler-rear-platinum-white-pearl-toyota-pt9550318020-pt9550318020
PU06042S16P1,"Splash Guards, Set Of Four - Toyota (PU060-42S16-P1)",52.68,Toyota,Mud Guard,"Help protect your paint Finish from road debris and the damage it causes. \
 Blends seamlessly with exterior styling \
 Set includes four mudguards \
\
          \
          Fits Rav4 Position: Front and Rear Quantity: 4 \
          \
          Helps provide protection to vehicle paint from mud, road debris, dirt and stone chippingPrecise fit to match vehicle body panels and structureCorrosion-resistant mounting hardwareSet of four.",null,null,null,null,null,null,null,https://s3.amazonaws.com/rp-part-images/assets/3b6159313217c2cb80727bad1d7b3ed1.webp,null,null,null,null,null,null,null,null,null,null,null,null,null,null,null,null,null,null,null,null,null,2,60,40,4800,1.5,null,Mud Guard,"Ayuda a proteger el acabado de pintura de los desechos de la carretera y los daños que causan.\
 Se integra perfectamente con el diseño exterior.\
 El juego incluye cuatro guardabarros.",null,null,null,Salpicaderas (juego de 4),splash-guards-set-of-four-toyota-pu060-42s16-p1-pu06042s16p1
PK38947R00TR,Prs Prsp Mudg Hw Kit - Toyota (PK389-47R00-TR),70.99,Toyota,null,null,null,null,null,null,null,null,null,null,null,null,null,null,null,null,null,null,null,null,null,null,null,null,null,null,null,null,null,null,null,5,30,20,3000,0.6,null,N/A,null,null,null,null,Kit de loderas Prius Prime,prs-prsp-mudg-hw-kit-toyota-pk389-47r00-tr-pk38947r00tr
PTQ7600230,"Electronics, Charger Cable Package - Toyota (PTQ76-00230)",54.82,Toyota,Mobile Phone Charger,Quick Charging Cable Package:Automotive Grade quality USB charging cables are a convenient way to have your smart devices charged while on the go. Includes:  1-Apple Lightning to USB-A Cable - 3'1-Apple Lightning to USB-C Cable - 3' 1-USB-C to USB-A - Cable - 3' 1-USB-C to USB-C - Cable - 3'.,null,null,null,PT976-03200,null,null,null,https://s3.amazonaws.com/rp-part-images/assets/524a4798e7ad33673068068f4acc9dc8.webp,https://s3.amazonaws.com/rp-part-images/assets/2b34fa54d13197bdb94bd3c49821102e.webp,null,null,null,null,null,null,null,null,null,null,null,null,null,null,null,null,null,null,null,null,5,25,20,2500,1,null,Cargador para teléfono móvil,Paquete de Cable de Carga Rápida: Los cables USB de calidad automotriz son una forma conveniente de cargar tus dispositivos inteligentes mientras viajas. Incluye: 1 cable Lightning de Apple a USB-A de 3' 1 cable Lightning de Apple a USB-C de 3' 1 cable USB-C a USB-A de 3' 1 cable USB-C a USB-C de 3'.,25174418,Electronic Parts,null,Paquete de cable de carga (electrónica),electronics-charger-cable-package-toyota-ptq76-00230-ptq7600230
PU06012015F1,"Splash Guards, Front Set - Toyota (PU060-12015-F1)",22.05,Toyota,Mud Flap,"THIS IS A GLOBallY SOURCED PART.Help protect your paint Finish from road debris and the damage it causes. \
 Blend seamlessly with exterior styling\
\
          \
          Fits Corolla Position: Front Quantity: 2 \
          \
          Helps provide protection to vehicle exterior paint from mud, road debris, dirt and stone chippingPrecise fit to match vehicle body panels and structureCorrosion-resistant mounting hardwareSet includes four mudguards.",null,Front,null,PU060-12014-F1,null,null,null,https://s3.amazonaws.com/rp-part-images/assets/b37da9bf6783fad17c8371258273cac6.webp,https://s3.amazonaws.com/rp-part-images/assets/d4be9aa575274f39cb524b7ccb2d8bf4.webp,null,null,null,null,null,null,null,null,null,null,null,null,null,null,null,null,null,null,null,null,2,60,40,4800,1.5,null,Mud Flap,"ESTA ES UNA PIEZA FUENTE GLOBAL. Protege el acabado de pintura de los desechos de la carretera y los daños que causan.\
 Se integra perfectamente con el diseño exterior.\
 El juego incluye dos guardabarros delanteros.",null,null,null,Salpicaderas delanteras (juego),splash-guards-front-set-toyota-pu060-12015-f1-pu06012015f1
7410202140,Ashtray Cup With Lid - Toyota (74102-02140),14.54,Toyota,Ash Tray,"Self-contained coin holder/ashtray Cup fits conveniently inside the Cupholder.\
 Hinged lid helps minimize odors and flyaway ashes\
 Easy to empty, easy to Clean\
 Also provides handy storage of coins and other small items\
\
          \
          Requires retainer ring (P/N 74128-02020) for installation for: 2005-2010MY tC2005-2009MY Tacoma Available PPO on RX only\
          \
          Auto trans. Double cab, crew max, with limited. Self-contained coin holder/ashtray cup fits conveniently inside the cupholder.Hinged lid helps minimize odors and flyaway ashesEasy to empty, easy to cleanAlso provides handy storage of coins and other small items.",null,null,null,null,null,null,null,https://s3.amazonaws.com/rp-part-images/assets/fca6bf8a9647420aad41dc2af56c7a84.webp,https://s3.amazonaws.com/rp-part-images/assets/07d43ae00ca1632601f9d5a78b6f90a9.webp,https://s3.amazonaws.com/rp-part-images/assets/28a2edac3d0ea5e58def7f9ba1287c6a.webp,https://s3.amazonaws.com/rp-part-images/assets/f5ad7b6fe5fc60c5e2c8efea1e694ab7.webp,https://s3.amazonaws.com/rp-part-images/assets/eeb493db45a3223e8ad54bde55b48995.webp,https://dz310nzuyimx0.cloudfront.net/strapr1/972eaf99e6a49b3d5f557f5dd6b85c20/6e11697dd671970d2273d91c139bdfcb.png,https://dz310nzuyimx0.cloudfront.net/strapr1/972eaf99e6a49b3d5f557f5dd6b85c20/67e9c8025c53552d0c88c5e5bde32297.png,https://dz310nzuyimx0.cloudfront.net/strapr1/972eaf99e6a49b3d5f557f5dd6b85c20/f84f5ec8d0b7dac872efc08ed31ca7e8.png,null,null,null,null,null,null,null,null,null,null,null,null,null,null,7,7,7,343,0.2,null,Cenicero,Portavasos/monedero con tapa abatible. Fácil de limpiar y vaciar; reduce olores y cenizas voladoras. Compatible con modelos tC y Tacoma 2005-2010.. Portavasos/monedero; práctico almacenamiento para monedas y objetos pequeños.,null,null,null,Cenicero con tapa,ashtray-cup-with-lid-toyota-74102-02140-7410202140
C032599990,Trailer Hitch Plug - Toyota (C0325-99990),7.07,Toyota,Atvmt Hitch Plug,Activity Mount Plug with Toyota Logo.,null,null,null,null,null,null,null,https://s3.amazonaws.com/rp-part-images/assets/f5502d000593b38bee6b370a1dcfc32c.webp,https://s3.amazonaws.com/rp-part-images/assets/46d41610228d67057d00978cc3a1ec64.webp,null,null,null,null,null,null,null,null,null,null,null,null,null,null,null,null,null,null,null,null,5,5,5,125,0.25,null,Tapón de enganche de remolque,Tapón para montaje de actividades con logo de Toyota.. Accesorio de tapón de montaje.,null,null,null,Tapón de enganche para remolque,trailer-hitch-plug-toyota-c0325-99990-c032599990
PW30102005,Removable Cross Bars - Toyota (PW301-02005),43.63,Toyota,Roof Rack Mount Shim,Rubber Bases for Removable Cross Bars. Removable Cross Bars add an extra dimension of versatility plus additional cargo capacityClamps to the roof using fixed points in the door openings to secure cargo with confidenceIncludes integrated locking system and two removable aluminum bars with black end caps.,null,null,null,null,null,null,null,https://s3.amazonaws.com/rp-part-images/assets/2a20dfafbd45d10117317cfccf121648.webp,null,null,null,null,null,null,null,null,null,null,null,null,null,null,null,null,null,null,null,null,null,10,140,20,28000,5.5,null,Roof Rack Mount Shim,Bases de goma para barras transversales removibles. Las barras transversales removibles añaden una dimensión adicional de versatilidad y mayor capacidad de carga. Se sujetan al techo utilizando puntos fijos en las aperturas de las puertas para asegurar la carga con confianza. Incluyen un sistema de bloqueo integrado y dos barras de aluminio desmontables con tapas negras.,null,null,null,Barras transversales removibles,removable-cross-bars-toyota-pw301-02005-pw30102005
PK38908M00TP,Mudguards - Toyota (PK389-08M00-TP),87.27,Toyota,Mud Guard Set,Help protect your paint finish from road debris and the damage it causes. Designed to integrate with Sienna exterior styling.,null,"Front, Rear",null,null,null,null,null,https://s3.amazonaws.com/rp-part-images/assets/daf86770a19e0da62fade71894eafe3d.webp,null,null,null,null,null,null,null,null,null,null,null,null,null,null,null,null,null,null,null,null,null,5,30,20,3000,0.6,null,Juego de salpicaderas,Protege la pintura contra desechos del camino. Diseñado para integrarse con el estilo exterior de la Sienna.. Guardafangos delanteros y traseros.,null,null,null,Salpicaderas,mudguards-toyota-pk389-08m00-tp-pk38908m00tp
PK38942K00TP,Splash Guards - Toyota (PK389-42K00-TP),83.91,Toyota,Mud Flap,"Help protect your paint Finish from road debris and the damage it causes.\
 Designed to integrate with RAV4 exterior styling\
 Set includes four mudguards: Front & Rear \
\
          \
          Fits Rav4 , RAV4 PrimeHARDWARE: With Hardware Number of Pieces: 4 Position: Front and Rear \
          \
          Help protect the paint finish from road debris and the damage it causesDesigned to integrate with exterior stylingSet includes four mudguards.",null,"Front, Rear",null,null,null,null,null,https://s3.amazonaws.com/rp-part-images/assets/d7a39f48eda7c21f5bd3a7895606e250.webp,null,null,null,null,null,null,null,null,null,null,null,null,null,null,null,null,null,null,null,null,null,5,30,20,3000,0.6,null,Salpicadera,Protege la pintura contra desechos del camino. Incluye 4 guardafangos delanteros y traseros. Compatible con RAV4 Prime.. Juego de guardafangos para RAV4.,null,null,null,Guardabarros,splash-guards-toyota-pk389-42k00-tp-pk38942k00tp
PW30102008,"Roof Cross Bars, Removable - Toyota (PW301-02008)",245.28,Toyota,Roof Rack Bar,"Add an extra dimension of versatility plus additional cargo capacity. 
\
 CLamps to the Roof using fixed points in the door Openings to secure cargo with confidence.
\
 Includes integrated Locking system and two removable aluminum bars with Black end caps.
\

\
          
\
          Fits Corolla Bolt: With Anti-Rotation Clip KEYS: With Keys Mounting Type : DIRECT (ON Roof)  Number of Pieces: 2 Cargo and load capacity are limited by weight and distribution. Do not overload your vehicle. See Owner's Manual for weight limits and restrictions.
\
          
\
          Provides up to 100 lb. of cargo capacity (when evenly distributed across both bars) Constructed with a durable, weather-resistant finish Keys included.",null,null,null,null,null,null,null,https://s3.amazonaws.com/rp-part-images/assets/83daacdf3f2169f44431fe3169b438e8.webp,null,null,null,null,null,null,null,null,null,null,null,null,null,null,null,null,null,null,null,null,null,10,140,20,28000,5.5,null,Roof Rack Bar,"Añade una dimensión adicional de versatilidad y mayor capacidad de carga.\
 Se sujetan al techo utilizando puntos fijos en las aperturas de las puertas.\
 Incluyen un sistema de bloqueo integrado y dos barras de aluminio desmontables con tapas negras.",null,null,null,Barras de techo removibles,roof-cross-bars-removable-toyota-pw301-02008-pw30102008
PK3B135G5S,"Tonneau Cover, Soft, Short 5.5' Bed - Toyota (PK3B1-35G5S)",536.48,Toyota,Tonneau Cover,Low profile tri-fold design provides flexibility and versatility for cargo storageSelf-latching system allows for easy cover operation and removalFeatures an advanced seal and channel system to help keep water out of truck bedUtilizes an innovative mounting system allowing for full access to bed rails.,null,null,null,null,null,null,null,https://s3.amazonaws.com/rp-part-images/assets/f5448ff94d91397a47fdbb73eee62e11.webp,null,null,null,null,null,null,null,null,null,null,null,null,null,null,null,null,null,null,null,null,null,10,165,30,49500,4,null,Cobertor de caja,Diseño de bajo perfil con triple pliegue; facilita el almacenamiento de carga. Sistema de cierre automático para fácil operación y remoción.. Cobertura de carga con sistema de montaje innovador.,null,null,null,"Cobertor de caja, suave, cama corta 5.5'",tonneau-cover-soft-short-5-5-bed-toyota-pk3b1-35g5s-pk3b135g5s
PK5D042K11WH,Towing Wire Harness - Toyota (PK5D0-42K11-WH),213.69,Toyota,Trailer Wiring Adapter,"The Wire Harness is designed to be used with a tow hitch receiverHelps complete the connection between the vehicle’s tow hitch receiver and trailerProvides a 4-pin connector located on the trailer hitch to provide power to your trailer's brake lights, turn signals, and taillightsFeatures a converter assembly, fusing, cables, and connectors all specifically designed to work with your existing electrical system.",null,null,null,PK5D0-42K10-WH,null,null,null,https://s3.amazonaws.com/rp-part-images/assets/44d10614b018135def1da60a2e88a2c5.webp,null,null,null,null,null,null,null,null,null,null,null,null,null,null,null,null,null,null,null,null,null,5,20,15,1500,0.8,null,Adaptador de cableado para remolque,Arnés de cableado para remolque; conecta luces y frenos del remolque con el vehículo. Incluye conectores y fusibles.. Arnés de remolque de 4 pines.,null,null,null,Arnés de cableado para remolque,towing-wire-harness-toyota-pk5d0-42k11-wh-pk5d042k11wh
PK96008B02,"Towing, Ball Mount - Toyota (PK960-08B02)",111.88,Toyota,Trailer Hitch Ball Mount,"Designed and engineered to work together, the trailer ball and ball mount are built and tested to match Sienna's exact towing capacity.Optimized placement provides precise drop/rise to maintain vehicle departure angleOn-road testing of trailer ball and ball mount helps ensure towing system integrityTrailer ball and ball mount are sold separatelyAdding the genuine Tow hitch will remove the rear liftgate hands-free sensor.",null,null,null,null,null,null,null,https://s3.amazonaws.com/rp-part-images/assets/4ddd041d2add3757e48bb4f3a7805e46.webp,null,null,null,null,null,null,null,null,null,null,null,null,null,null,null,null,null,null,null,null,null,10,30,15,4500,3,null,Soporte de bola de enganche para remolque,Bola y soporte de remolque diseñados para la capacidad de carga de la Sienna. Probados en carretera para garantizar integridad del sistema.. Separados; optimizados para ángulos de salida.,null,null,null,"Remolque, soporte de bola",towing-ball-mount-toyota-pk960-08b02-pk96008b02
PK96008B08,Tow Hitch Receiver With Wire Harness - Toyota (PK960-08B08),526.40,Toyota,Trailer Hitch,It is engineered to help accommodate your Sienna's maximum tow rating.The optimized placement provides precise drop/rise to maintain vehicle departure angleIncludes Towing Wire Harness.,null,null,null,null,null,null,null,https://s3.amazonaws.com/rp-part-images/assets/84bd42644685bbc5586132484604c9bd.webp,null,null,null,null,null,null,null,null,null,null,null,null,null,null,null,null,null,null,null,null,null,15,40,20,12000,5,null,Enganche para remolque,Diseñado para soportar la capacidad máxima de remolque de la Sienna. Incluye arnés de cableado para remolque.. Soporte de remolque completo con arnés.,null,null,null,Receptor de enganche para remolque con arnés de cables,tow-hitch-receiver-with-wire-harness-toyota-pk960-08b08-pk96008b08
PZQ4442121,Running Boards - Toyota (PZQ44-42121),334.88,Toyota,Running Board,"Help provide easier Access into the Interior of your RAV4.\
 Features a Skid-resistant surface\
 Silver accents integrate with the bold vehicle styling lines\
\
          \
          Fits Rav4 , RAV4 PrimeLocation: Driver Side and Passenger Side \
          \
          Help provide easier access into the interior of your RAV4Features a skid-resistant surfaceSilver accents integrate with the bold vehicle styling lines .",null,null,null,PZQ44-42120,null,null,null,https://s3.amazonaws.com/rp-part-images/assets/6316540d5d5f06bda42ceffbb641ca5b.webp,null,null,null,null,null,null,null,null,null,null,null,null,null,null,null,null,null,null,null,null,null,12,150,15,27000,8.5,null,Running Board,"Ayuda a proporcionar un acceso más fácil al interior de tu RAV4. - Superficie antideslizante para mayor seguridad. - Los detalles en plata se integran con las líneas audaces del diseño del vehículo. Compatibilidad: Compatible con RAV4, RAV4 Prime. - Ubicación: Lado del conductor y lado del pasajero. Características: Proporciona un acceso más fácil al interior del vehículo. Superficie antideslizante con detalles en plata que se integran perfectamente con el diseño audaz del vehículo.",null,null,null,Estribos de ayuda,running-boards-toyota-pzq44-42121-pzq4442121
PT2060220201,"Floor Mats, Carpet - Toyota (PT206-02202-01)",130.90,Toyota,Floor Mat,"Long-wearing, fade-resistant carpet Floor mats help keep your carpet neat and Clean. \
 Precisely Engineered to fit your vehicle's Floor \
 Skid- resistant backing and Driver's side quarter-turn fasteners help secure mat in position \
 Removable and easy to Clean \
 Corolla Logo on the Front mats?add a customized touch \
\
          \
          Fits Corolla Color: Black Color Code: C2L9 Number of Pieces: 4 This Floor mat was designed specifically for use in your model and model year vehicle and SHOULD NOT be used in any other vehicle. To avoid potential interference with Pedal opeRation, each mat must be secured with its fasteners. Do not install a Floor mat on top of an existing Floor mat.\
          \
          Long-wearing, fade-resistant carpet floor mats help keep your carpet neat and cleanPrecisely engineered to fit your vehicle's floorSkid- resistant backing and driver's side quarter-turn fasteners help secure mat in positionRemovable and easy to cleanCorolla logo on front mats adds a customized touch.",null,"Front, Rear",null,PT206-02200-01,null,null,null,https://s3.amazonaws.com/rp-part-images/assets/ab2ec49b7684fa820794b3638382581a.webp,null,null,null,null,null,null,null,null,null,null,null,null,null,null,null,null,null,null,null,null,null,3,120,80,28800,2.5,null,Tapete de piso,Alfombrillas de moqueta duraderas y resistentes al desvanecimiento. Encajan perfectamente con el diseño del piso del vehículo.. Incluyen respaldo antideslizante y logo Corolla.,null,null,null,"Tapetes de piso, alfombra",floor-mats-carpet-toyota-pt206-02202-01-pt2060220201
PT2060220502,"Cargo Tray, Black - Toyota (PT206-02205-02)",72.72,Toyota,Cargo Tray,"Tough, flexible all-weather cargo tray helps keep damage from spills and everyday wear and tear to a minimum.\
 Precisely Engineered to fit the Corolla's trunk Floor and easy to install and remove\
 The molded perimeter lip helps contain spills\
\
          \
          Fits Corolla Color: Black Logo: With Logo Cargo and load capacity are limited by weight and distribution.?Always properly secure cargo and cargo area.\
          \
          Tough, flexible cargo tray helps keep damage from spills and everyday wear and tear to a minimumPrecisely engineered to fit the Corolla's trunk floor and easy to install and removeThe molded perimeter lip helps contain spills.",null,null,null,null,null,null,null,https://s3.amazonaws.com/rp-part-images/assets/36da93cb419e88e718e0ee1ccc454821.webp,null,null,null,null,null,null,null,null,null,null,null,null,null,null,null,null,null,null,null,null,null,5,120,80,48000,3.5,null,Bandeja de carga,Bandeja de carga todo clima; protege contra derrames y desgaste diario. Fácil de instalar y remover.. Incluye borde moldeado para contener derrames.,null,null,null,"Bandeja de carga, negra",cargo-tray-black-toyota-pt206-02205-02-pt2060220502
PT2064213120,"Cargo Mat, Carpet, Black - Toyota (PT206-42131-20)",42.28,Toyota,Cargo Area Liner,Help keep the cargo area of your RAV4 looking like-new with the protection of the carpet cargo mat. It helps protect against premature wear and features a RAV4 logo..,null,null,null,null,null,null,null,https://s3.amazonaws.com/rp-part-images/assets/a096d12799c6f7d65e21220d2a71f138.webp,https://s3.amazonaws.com/rp-part-images/assets/75fb477e4417b5db92b21d786e5d19e1.webp,null,null,null,null,null,null,null,null,null,null,null,null,null,null,null,null,null,null,null,null,1.5,100,80,12000,2,null,Protector de área de carga,Tapete de cajuela para RAV4; protege contra desgaste prematuro. Incluye logo RAV4.. Tapete de carga personalizado.,null,null,null,"Tapete de cajuela de alfombra, negro",cargo-mat-carpet-black-toyota-pt206-42131-20-pt2064213120
PT2060220101,"Floor Liners, All Weather - Toyota (PT206-02201-01)",130.90,Toyota,Floor Liner,"All-weather liners are made from durable, flexible, weather-resistant Material that Cleans easily.\
 Precise Injection molding uses Toyota's original vehicle design data for a perfect fit to your vehicle\
 Two rear liners?help provide more complete coverage\
 Skid-resistant backing and Driver's side quarter-turn fasteners help keep the liners in place\
\
          \
          Fits Corolla Color: Black Logo: Corolla Number of Pieces: 4 This Floor mat/liner was designed specifically for use in your model and model year vehicle and SHOULD NOT be used in any other vehicle. To avoid potential interference with Pedal opeRation, each mat/liner must be secured with its fasteners. Do not install a Floor mat/liner on top of an existing Floor mat/liner.\
          \
          All-weather liners are made from durable, flexible, weather-resistant material that cleans easilyPrecise injection molding uses Toyota's original vehicle design data for a perfect fit to your vehicleTwo rear liners help provide more complete coverageSkid-resistant backing and driver's side quarter-turn fasteners help keep the liners in place.",null,"Front, Rear",null,null,null,null,null,https://s3.amazonaws.com/rp-part-images/assets/67a195891d4b1d863f07ebae410758c6.webp,null,null,null,null,null,null,null,null,null,null,null,null,null,null,null,null,null,null,null,null,null,3,120,80,28800,3,null,Tapete de piso,Alfombrillas todo clima de material flexible y resistente. Fáciles de limpiar; encajan perfectamente con datos originales del vehículo.. Incluye 4 piezas con logo Corolla.,null,null,null,"Tapetes de piso, todo clima",floor-liners-all-weather-toyota-pt206-02201-01-pt2060220101
PT94947160AA,"Detachable Holder, Service - Toyota (PT949-47160-AA)",66.08,Toyota,Detachable Holder,This is a Detachable Holder service part for the Universal Tablet Holder accessory..,null,null,null,null,null,null,null,null,null,null,null,null,null,null,null,null,null,null,null,null,null,null,null,null,null,null,null,null,null,10,8,6,480,0.2,null,Detachable Holder,Esta es una pieza de servicio desmontable para el accesorio Universal Tablet Holder.,null,null,null,Soporte desmontable (servicio),detachable-holder-service-toyota-pt949-47160-aa-pt94947160aa
PT2060220402,Cargo Area Trunk Mat - Toyota (PT206-02204-02),72.72,Toyota,Cargo Area Liner,"The ideal solution for helping keep the Corolla trunk area looking like new. \
 Helps preVent premature trunk area wear and tear \
 Durable, Skid-resistant backing helps keep the mat in place \
\
          \
          Fits Corolla Color: Black Color Code: C2L8 Logo: Corolla \
          \
          The ideal solution for helping keep the Corolla trunk area looking like newHelps prevent premature trunk area wear and tearDurable, skid-resistant backing helps keep the mat in place.",null,null,null,null,null,null,null,https://s3.amazonaws.com/rp-part-images/assets/b023eaf08f5c482e7be0f13dac55610f.webp,null,null,null,null,null,null,null,null,null,null,null,null,null,null,null,null,null,null,null,null,null,3,120,80,28800,2.5,null,Protector de área de carga,Tapete de cajuela para Corolla; ayuda a prevenir desgaste prematuro. Base antideslizante duradera.. Incluye logo Corolla.,null,null,null,Tapete de área de carga/cajuela,cargo-area-trunk-mat-toyota-pt206-02204-02-pt2060220402
PT2060318002,Camry Floor Mats Black Gas - Toyota (PT206-03180-02),123.07,Toyota,Floor Mat,"Long-wearing, fade-resistant carpet Floor mats help keep your carpet neat and Clean.\
 \
 Precisely Engineered to fit your vehicle's Floor?Skid- resistant backing and Driver-side quarter-turn fasteners help secure mat in positionRemovable and easy to CleanVehicle Logo adds a customized touch\
 \
 \
 \
\
          \
          Fits Camry Color: Black Logo: Camry Number of Pieces: 4 Transmission: 2 Wheel Drive This Floor mat was designed specifically for use in your model and model year vehicle and SHOULD NOT be used in any other vehicle. To avoid potential interference with Pedal opeRation, each mat must be secured with its fasteners. Do not install a Floor mat on top of an existing Floor mat.\
          \
          These plush, long-wearing carpet floor mats help protect and dress up the interior.Durable, fade-resistant carpet features a Camry logoDriver’s-side quarter-turn fasteners and skid-resistant backing on all mats help keep them in place.",null,"Front, Rear",null,null,null,null,null,https://s3.amazonaws.com/rp-part-images/assets/216b091d5785e4e5a688cc55e4932fdd.webp,null,null,null,null,null,null,null,null,null,null,null,null,null,null,null,null,null,null,null,null,null,3,120,80,28800,2.5,null,Tapete de piso,Alfombrillas de moqueta duraderas; diseño preciso para el piso del Camry. Respaldo antideslizante y fácil limpieza.. Logo Camry incluido.,null,null,null,"Tapetes de piso para Camry, negros, gasolina",camry-floor-mats-black-gas-toyota-pt206-03180-02-pt2060318002
PT2060822002,"Floor Liners, All Weather, Black - Toyota (PT206-08220-02)",179.01,Toyota,Sien Awfl 8PASS,"Engineered to precisely fit your vehicle, all-weather floor liners are made from durable, flexible, weather-resistant material that cleans easily.Precise injection molding uses Toyota's original vehicle design data for a perfect fitLiners feature ribbed channels to better hold moistureSkid-resistant backing and driver-side quarter-turn fasteners help keep the liners in place.",null,"Front, Rear",null,PT206-08212-02,null,null,null,https://s3.amazonaws.com/rp-part-images/assets/b94ab7fc4f458c7d7383d2d65d41da82.gif,null,null,null,null,null,null,null,null,null,null,null,null,null,null,null,null,null,null,null,null,null,3,120,80,28800,3,null,Tapetes de piso todo clima Sienna 8 pasajeros,Alfombrillas todo clima duraderas; encaje preciso. Material flexible con canales acanalados para contener humedad.. Base antideslizante para mayor seguridad.,null,null,null,"Tapetes de piso, todo clima, negros",floor-liners-all-weather-black-toyota-pt206-08220-02-pt2060822002
PT2063509302,"Floor Mats, Carpet, AT - Toyota (PT206-35093-02)",123.07,Toyota,Floor Mat,"Long-wearing, fade-resistant carpet Floor mats help keep your Interior looking new.\
 Precisely Engineered to fit your vehicle's Floor\
 Skid- resistant backing and Driver-side quarter-turn fasteners help secure mat in position\
 Removable and easy to Clean\
 Tacoma  Logo adds a customized touch\
\
          \
          Fits Tacoma  CAB SIZE: D-cab Color: Black Color Code: C2H9 Number of Pieces: 4 PASSENGER SIDE GROMMET: Yes Transmission: Automatic Transmission This Floor mat/liner was designed specifically for use in your model and model year vehicle and SHOULD NOT be used in any other vehicle. To avoid potential interference with Pedal opeRation, each mat/liner must be secured with its fasteners. Do not install a Floor mat/liner on top of an existing Floor mat.\
          \
          Long-wearing, fade-resistant carpet floor mats help keep your interior looking new.Precisely engineered to fit your vehicle's floorSkid-resistant backing and driver-side quarter-turn fasteners help secure mat in positionRemovable and easy to cleanTacoma logo adds a customized touch.",null,"Front, Rear",null,null,null,null,null,https://s3.amazonaws.com/rp-part-images/assets/01bd77a9d1b67a2fb655c414c0d0acdd.webp,https://s3.amazonaws.com/rp-part-images/assets/2a9247b068060acb1801261f0a31e3cd.webp,null,null,null,null,null,null,null,null,null,null,null,null,null,null,null,null,null,null,null,null,3,120,80,28800,2.5,null,Tapete de piso,Alfombrillas de moqueta resistentes al desgaste; ajustan perfectamente al Tacoma. Incluyen respaldo antideslizante y logo Tacoma.. Incluye 4 piezas para doble cabina.,null,null,null,"Tapetes de piso, alfombra, transmisión automática",floor-mats-carpet-at-toyota-pt206-35093-02-pt2063509302
PT2064219001,"Floor Mats, Carpet - Toyota (PT206-42190-01)",139.85,Toyota,Floor Mat,"Long-wearing, fade-resistant carpet Floor mats help keep your Interior looking new. \
 Precisely Engineered to fit your vehicle's Floor \
 Skid- resistant backing and Driver-side quarter-turn fasteners help secure mat in position \
 Includes two front and two rear mats \
 The RAV4 Logo adds a customized touch \
\
          \
          Fits Rav4 Color: Black Color Code: C2K1 This Floor mat was designed specifically for use in your model and model year vehicle and SHOULD NOT be used in any other vehicle. To avoid potential interference with Pedal opeRation, each mat must be secured with its fasteners. Do not install a Floor mat on top of an existing Floor mat.\
          \
          Long-wearing, fade-resistant carpet floor mats help keep your interior looking newPrecisely engineered to fit your vehicle's floorSkid- resistant backing and driver-side quarter-turn fasteners help secure mat in positionIncludes two front and two rear matsThe RAV4 logo adds a customized touch.",null,"Front, Rear",null,null,null,null,null,https://s3.amazonaws.com/rp-part-images/assets/1a306fd1dc6396203781ed00e800751e.webp,null,null,null,null,null,null,null,null,null,null,null,null,null,null,null,null,null,null,null,null,null,1.5,100,80,12000,2,null,Tapete de piso,Las alfombrillas de moqueta resistentes al desgaste y a la decoloración ayudan a mantener el interior de tu vehículo como nuevo. Diseñadas con precisión para ajustarse al piso del vehículo. Respaldo antideslizante y sujetadores de cuarto de vuelta del lado del conductor ayudan a mantener las alfombrillas en su lugar. Incluye dos alfombrillas delanteras y dos traseras. El logotipo de RAV4 añade un toque personalizado.,null,null,null,"Tapetes de piso, alfombra",floor-mats-carpet-toyota-pt206-42190-01-pt2064219001
PT2064720020,Prius All Weather Mats Tub - Toyota (PT206-47200-20),68.45,Toyota,Floor Mat,"Engineered to precisely fit your vehicle, all-weather Floor liners are made from durable, flexible, weather-resistant Material that Cleans easily.\
 Precise Injection molding uses Toyota's original vehicle design data for a perfect fit\
 Includes two rear liners for more complete coverage\
 Front liners feature a stylish vehicle Logo ?Skid-resistant backing and Driver-side quarter turn fasteners help keep the liners in place\
\
          \
          Fits PriusColor: Black Color Code: 201B This Floor mat/liner was designed specifically for use in your model and model year vehicle and SHOULD NOT be used in any other vehicle. To avoid potential interference with Pedal opeRation, each mat/liner must be secured with its fasteners. Do not install a Floor mat on top of an existing Floor mat/liner.\
          \
          Engineered to precisely fit your vehicle, all-weather floor liners are made from durable, flexible, weather-resistant material that cleans easilyPrecise injection molding uses Toyota's original vehicle design data for a perfect fitIncludes two rear liners for more complete coverageFront liners feature stylish vehicle logoSkid-resistant backing and driver-side quarter-turn fasteners help keep the liners in place.",null,"Front, Rear",null,"PT908-47165-20, PT908-47190-20",null,null,null,https://s3.amazonaws.com/rp-part-images/assets/0c7b66aa61f1060f8b5a65beedc46a90.webp,https://s3.amazonaws.com/rp-part-images/assets/21973d52d7a75945f48287dcf32c4e7b.webp,https://s3.amazonaws.com/rp-part-images/assets/9300c14501f8f617836431d31e635082.webp,null,null,null,null,null,null,null,null,null,null,null,null,null,null,null,null,null,null,null,2,120,90,21600,3.5,null,Tapete de piso,"Los revestimientos de piso para todo clima, hechos de material duradero, flexible y resistente al clima, son fáciles de limpiar y están diseñados con precisión para un ajuste perfecto. Incluyen dos revestimientos traseros para una cobertura más completa. Los revestimientos delanteros cuentan con un logotipo estilizado del vehículo. El respaldo antideslizante y los sujetadores de cuarto de vuelta del lado del conductor ayudan a mantenerlos en su lugar.",null,null,null,Tapetes todo clima para Prius,prius-all-weather-mats-tub-toyota-pt206-47200-20-pt2064720020
PT2264221012,Exhaust Tip - Black Chrome - Toyota (PT226-42210-12),33.56,Toyota,Exhaust Tail Pipe Tip,"Finish off the RAV4's bold style with this shiny exhaust tip\
 Constructed of polished, corrosion-resistant single-walled 304 stainless steel\
 Easy bolt-on installation; no cutting, drilling, or welding\
\
          \
          Fits Rav4 Color: Black Chrome Finish: Blk Chrome \
          \
          Finish off the RAV4's bold style with this shiny exhaust tipConstructed of polished, corrosion-resistant single-walled 304 stainless steelEasy bolt-on installation. no cutting, drilling, or welding.",null,null,null,null,null,null,null,https://s3.amazonaws.com/rp-part-images/assets/7e88e0448b442054b2f90f9492fce071.webp,null,null,null,null,null,null,null,null,null,null,null,null,null,null,null,null,null,null,null,null,null,8,20,8,1280,0.5,null,Punta de tubo de escape,"Complementa el estilo audaz del RAV4 con esta punta de escape brillante. Construida con acero inoxidable 304 de pared simple, pulido y resistente a la corrosión. Instalación sencilla sin necesidad de cortar, taladrar o soldar.",null,null,null,"Punta de escape, cromo negro",exhaust-tip-black-chrome-toyota-pt226-42210-12-pt2264221012
PT22802140,"Door Sill Protectors, Brushed Aluminum - Toyota (PT228-02140)",99.20,Toyota,Door Sill Plate,"Door sill protectors help guard against Interior door scuffs, scrapes and scratches. Premium brushed- aluminum Finish adds durablility and style. Features a Corolla Logo for a customized look\
          \
          Fits Corolla Logo: With Logo Material: Aluminum and Plastic Number of Pieces: 4 \
          \
          Featuring a brushed-aluminum overlay with polished accents and a vehicle logo, these door sill enhancements are as protective as they are stylish..",null,null,null,null,null,null,null,https://s3.amazonaws.com/rp-part-images/assets/f360559f928a3b1ff3ec499aa83cef16.webp,https://s3.amazonaws.com/rp-part-images/assets/86001078a9055a1f5e44180188e98081.webp,https://s3.amazonaws.com/rp-part-images/assets/b543ceb08ef1b67459c63d8cfd91e66b.webp,null,null,null,null,null,null,null,null,null,null,null,null,null,null,null,null,null,null,null,2,100,5,1000,1.5,null,Placa de umbral de puerta,"Los protectores de umbral de puerta ayudan a proteger contra rayones, arañazos y desgaste en las puertas interiores. El acabado de aluminio cepillado premium añade durabilidad y estilo. Incluyen un logotipo de Corolla para un aspecto personalizado.",null,null,null,"Protectores de umbral de puerta, aluminio cepillado",door-sill-protectors-brushed-aluminum-toyota-pt228-02140-pt22802140
PT22816221,"Tow Hitch Receiver, Class I - Toyota (PT228-16221)",167.82,Toyota,Cor Crs Tow Hitch,"It is engineered to help accommodate your vehicle’s maximum tow ratingDesigned, engineered and built to meet Toyota’s exacting quality standardsHelps accommodate the Corolla Cross maximum tow rating Optimized placement provides precise drop/rise to maintain vehicle departure angle .",null,null,null,null,null,null,null,https://s3.amazonaws.com/rp-part-images/assets/70ad21f28b6a9de177bc1b038ffee674.webp,null,null,null,null,null,null,null,null,null,null,null,null,null,null,null,null,null,null,null,null,null,15,50,15,11250,7.5,null,Enganche de remolque Corolla Cross,"Está diseñado para ayudar a acomodar la capacidad máxima de remolque del vehículo. Diseñado, fabricado y construido para cumplir con los estándares de calidad exigentes de Toyota. Optimiza la posición para mantener el ángulo de salida del vehículo.",null,null,null,"Receptor de enganche de remolque, clase I",tow-hitch-receiver-class-i-toyota-pt228-16221-pt22816221
PT27634071,Spare Tire Lock - Toyota (PT276-34071),39.16,Toyota,Spare Tire Lock,"Add an extra layer of security for your Spare tire with this precision-machined Spare tire Lock.?\
 Made from zinc-nickel-plated hardened steel for enduring structural integrity\
\
          \
          Fits Tacoma  , TundraMaterial: Steel Quantity: 1 weight(key): 128 g \
          \
          Provides an extra layer of security for your spare tireManufactured with restricted chemistry steel for enduring structural integrityMade from zinc-nickel plated hardened steel construction.",null,null,null,"51930-YQ010, PT276-35050, PT276-35060",null,null,null,https://s3.amazonaws.com/rp-part-images/assets/d8bfb63cfc607f01a18be0fe8a57f324.webp,https://s3.amazonaws.com/rp-part-images/assets/e2d646b1011f791c0eb9330adacf3f38.gif,https://s3.amazonaws.com/rp-part-images/assets/78313389da7b5968226338997c1f6928.webp,https://s3.amazonaws.com/rp-part-images/assets/404f1ec7b8fdae71194bac83d2f91feb.webp,null,null,null,null,null,null,null,null,null,null,null,null,null,null,null,null,null,null,5,8,8,320,0.3,null,Seguro de llanta de refacción,Añade una capa extra de seguridad para tu llanta de repuesto con este bloqueo de precisión. Fabricado en acero endurecido con zinc-níquel para garantizar integridad estructural duradera.,null,null,null,Seguro de llanta de refacción,spare-tire-lock-toyota-pt276-34071-pt27634071
PT27800160,Bed Tie-Downs (Mini) W\\\\/Hooks - Toyota (PT278-00160),34.68,Toyota,Tie Down Strap,"Organize and secure your equipment with these adjustable mini tie-downs with hooks, composed of sturdy Black nylon for durability.\
 Each mini tie-down measures 2 x 1 in. and holds a maximum load of 110 lb. each?a total of 220 lb. for the Set of two\
 Hooks are rated up to 50 lb.\
 Tie-downs slide along the bed rail system and are held firmly in place by an Inner tension spring\
\
          \
          Fits Tacoma  , TundraHOOK: With Hook Number of Pieces: 2 Not compatible with the factory Tonneau Cover. Requires Deck Rail System.\
          \
          Set of two fully adjustable mini tie-downs add flexibility and additional utility to the vehicle’s truck bedEach mini tie-down holds a maximum load of 110 lbs. each—a total of 220 lbs. for the set of twoHooks are rated for up to 50 lbs.Tie-downs slide along the bed rail system, held firmly in place by an inner tension springManufactured from sturdy black nylon, each tie-down measures approximately 2 in. x 1 in..",null,null,null,null,null,null,null,https://s3.amazonaws.com/rp-part-images/assets/c2c078c2c016c3a46e7356d7618c3122.webp,https://s3.amazonaws.com/rp-part-images/assets/f40f5c7e9e226b6655ba0951d3dff2a3.webp,null,null,null,null,null,null,null,null,null,null,null,null,null,null,null,null,null,null,null,null,5,10,10,500,0.6,null,Correa de sujeción,"Organiza y asegura tu equipo con estos mini amarres ajustables con ganchos, fabricados en nylon negro resistente para mayor durabilidad. Cada amarre puede sostener hasta 110 libras; el conjunto de dos tiene una capacidad total de 220 libras.",null,null,null,Amarres de caja (mini) con ganchos,bed-tie-downs-mini-w-hooks-toyota-pt278-00160-pt27800160
PT27802140,"Bumper Protector, Rear - Toyota (PT278-02140)",33.42,Toyota,Bumper Protection Pad,"Rear Bumper protector helps keep your rear Bumper's top surface free from scrapes and scratches. \
 Made of high-grade, durable Material and custom-fit to your vehicle's rear Bumper \
\
          \
          Fits Corolla Material: Plastic \
          \
          The skid-resistant surface and raised tread pattern provide a stylish look for the rear bumper.. Help keep the top surface of your rear bumper free of scrapes and scratches to help preserve your vehicle’s like-new appearance.",null,null,null,null,null,null,null,https://s3.amazonaws.com/rp-part-images/assets/9fe89fab9ad882848f14ef441445e1e1.webp,https://s3.amazonaws.com/rp-part-images/assets/a7975d011c9dfb4135e496f7b61ef32c.webp,https://s3.amazonaws.com/rp-part-images/assets/83805720eb7ee728898d36f92b60a94f.webp,null,null,null,null,null,null,null,null,null,null,null,null,null,null,null,null,null,null,null,10,100,10,10000,2,null,Protección de defensa,El protector trasero del parachoques ayuda a mantener la superficie superior libre de rayones y arañazos. Hecho de material duradero de alta calidad y ajustado específicamente al parachoques trasero del vehículo.,null,null,null,Protector de defensa trasera,bumper-protector-rear-toyota-pt278-02140-pt27802140
PT27835160,Bed Cleat - Toyota (PT278-35160),22.38,Toyota,Tie Down Anchor,"Secure your gear and head out with confidence, knowing that each bed cleat will hold up to 110 lb.\
 Fully adjustable, the bed cleat slides along the vehicle?s bed rail system using a spring-loaded, twist/Locking cLamp to hold it in place\
 Made of sturdy Black-nylon Material, each bed cleat measures approximately 6 x 1in.\
\
          \
          Fits Tacoma  Color: Black Material: Nylon Plastic Number of Pieces: 1 \
          \
          Fully adjustable, the bed cleat slides along the vehicle's bed rail system using a spring-loaded, twist/locking clamp to hold it in placeMade of sturdy black nylon material, the tie-down bed cleat measures approximately 6-in. x 1-in.Each bed cleat holds a maximum of 110 lbs..",null,null,null,"PT278-35050-S1, PT278-35100-S1, PT278-35111, PT278-35112, PT785-35050-S1",null,null,null,https://s3.amazonaws.com/rp-part-images/assets/2c3bc3b882cf69df728ff2270ebece5b.webp,https://s3.amazonaws.com/rp-part-images/assets/f4b53f7fb75bc4e6fe4d3c5f31ae04b2.webp,null,null,null,null,null,null,null,null,null,null,null,null,null,null,null,null,null,null,null,null,5,8,8,320,0.5,null,Ancla de amarre,"El cleat de cama ajustable se desliza a lo largo del sistema de rieles con un mecanismo de resorte para mantenerse en su lugar. Fabricado en nylon negro resistente, cada cleat mide aproximadamente 6x1 pulgadas y puede sostener hasta 110 libras.",null,null,null,Gancho/abrazadera de la caja (bed cleat),bed-cleat-toyota-pt278-35160-pt27835160
PT27835170,Roof Rack - Toyota (PT278-35170),267.68,Toyota,Roof Rack,"Mounts directly to the Roof rails to help you carry additional cargo and also provides additional secure tie-down points for a variety of Roof rack Accessories.\
 Stowable cross bars unfold to a Locked position for use and can be stowed in line with the Roof rails when not in use\
 Low-profile Roof rack installs with ease on factory Roof rail channels\
 Can be easily adjusted with no tools necessary\
\
          \
          Fits Tacoma  CAB SIZE: Double CAB STYLE: Stowaway Do not overload your vehicle. See Owner?s Manual for weight limits and restrictions. Applicable only with a D-cab Tacoma .\
          \
          Stowable cross bars unfold to a locked position for use and can be stowed in line with the roof rails when not in useLow-profile roof rack installs with ease on factory roof rail channelsCan be easily adjusted with no tools necessaryOffers a 100-lb. load capacityMaintains Toyota’s high standards for quality, performance and strength.",null,null,null,"PT278-35050, PT278-35055, PT278-35056, PT278-35130, PT278-35140",null,null,null,https://s3.amazonaws.com/rp-part-images/assets/899e28c4135249e4aba68cf52c11020a.webp,https://s3.amazonaws.com/rp-part-images/assets/e996b0e08bab7b5f716638b3a6daf4d9.webp,https://s3.amazonaws.com/rp-part-images/assets/bc561c990ddcb1b0f872c0eaa1587f6b.webp,https://s3.amazonaws.com/rp-part-images/assets/11a8658b043fe24fcb396b5fdafc1ff9.webp,https://s3.amazonaws.com/rp-part-images/assets/5f92d5f1e2b9e74f3ac32144023698cc.webp,https://s3.amazonaws.com/rp-part-images/assets/37978cd706b7397317bde31b0cf98275.webp,https://s3.amazonaws.com/rp-part-images/assets/4de4bf69e08543411e9d1ad1e5a16c0f.webp,null,null,null,null,null,null,null,null,null,null,null,null,null,null,null,20,150,100,300000,12,null,Portaequipajes de techo,Las barras transversales plegables se montan directamente en los rieles del techo y se bloquean en su lugar para su uso. Se pliegan en línea con los rieles del techo cuando no se usan. Ofrecen una capacidad de carga de 100 libras.,null,null,null,Portaequipajes de techo,roof-rack-toyota-pt278-35170-pt27835170
PT29A0220010,"Molding, Body Side, Super White - Toyota (PT29A-02200-10)",173.41,Toyota,Door Molding,"Body side moldings help protect against careless door swings, runaway shopping carts and other parking lot mishaps while adding a little extra exterior styleColor-matched to the exterior paint finish.",null,null,null,null,null,null,null,https://s3.amazonaws.com/rp-part-images/assets/ba83e5b45b36260e6ec4e22112fb1c10.webp,https://s3.amazonaws.com/rp-part-images/assets/e27d84aaab526611d854284b2557527e.webp,null,null,null,null,null,null,null,null,null,null,null,null,null,null,null,null,null,null,null,null,3,120,5,1800,2,null,Moldura de puerta,"Los molduras laterales del cuerpo ayudan a proteger contra golpes de puertas, carritos de supermercado y otros percances, mientras añaden un toque de estilo extra. Están pintadas a juego con el color exterior del vehículo.",null,null,null,"Moldura lateral, blanco brillante",molding-body-side-super-white-toyota-pt29a-02200-10-pt29a0220010
PT27842151,Roof Rack Cross Bars - Toyota (PT278-42151),199.69,Toyota,Roof Rack,"Take along all kinds of cargo with Genuine Toyota Roof rack cross bars. \
 Provides up to 100 lb of cargo capacity (when evenly distributed across both bars) Aerodynamically styled with a durable, weather-resistant matte Black Finish \
  \
    \
   RAV4 LE gas models require optional Roof Rails in order to purchase Cross Bars \
   \
   RAV4 XLE gas models require either Extra Value ?Plus? Package, Extra Value ?Power Plus? Package or the Extra Value ?Premium Plus? Package.  \
   ? Cargo and load capacity are limited by weight and distribution. ? ? ? ? ?\
 \
\
          \
          Fits Rav4 Finish: Painted HARDWARE: With Hardware Number of Pieces: 2 Cargo and load capacity are limited by weight and distribution.?\
\
          \
          Take along all kinds of cargo with Genuine Toyota roof rack cross bars.Provides up to 100 lb of cargo capacity (when evenly distributed across both bars) Aerodynamically styled with a durable, weather-resistant matte black finish RAV4 LE gas models require optional Roof Rails in order to purchase Cross BarsRAV4 XLE gas models require either Extra Value “Plus” Package, Extra Value “Power Plus” Package or the Extra Value “Premium Plus” Package. .",null,null,null,"PT278-42130, PT278-42150",null,null,null,https://s3.amazonaws.com/rp-part-images/assets/4ee3f51fdd8e50e5a9b0f80cf2f549de.webp,https://s3.amazonaws.com/rp-part-images/assets/51fc6813202e94f29cc46cc3b1f9a32d.webp,null,null,null,null,null,null,null,null,null,null,null,null,null,null,null,null,null,null,null,null,5,120,10,6000,4,null,Portaequipajes de techo,"Lleva todo tipo de carga con las barras transversales del portaequipajes genuinas de Toyota. Ofrecen hasta 100 libras de capacidad de carga, distribuidas uniformemente en ambas barras. Su diseño aerodinámico minimiza el ruido del viento.",null,null,null,Barras transversales para portaequipajes de techo,roof-rack-cross-bars-toyota-pt278-42151-pt27842151
PT29A0220001,"Molding, Body Side, Classic Silver Metallic - Toyota (PT29A-02200-01)",173.41,Toyota,Door Molding,"Body side moldings help protect against careless door swings, runaway shopping carts and other parking lot mishaps while adding a little extra exterior styleColor-matched to the exterior paint finish.",null,null,null,null,null,null,null,https://s3.amazonaws.com/rp-part-images/assets/7bac965c3f48fdef34d044b647a2d4bb.webp,null,null,null,null,null,null,null,null,null,null,null,null,null,null,null,null,null,null,null,null,null,3,120,5,1800,2,null,Moldura de puerta,"Los molduras laterales del cuerpo ayudan a proteger contra golpes de puertas, carritos de supermercado y otros percances, mientras añaden un toque de estilo extra. Están pintadas a juego con el color exterior del vehículo.",null,null,null,"Moldura lateral, plata metálico clásico",molding-body-side-classic-silver-metallic-toyota-pt29a-02200-01-pt29a0220001
PT29A0220018,"Moldings, Body Side, Blueprint - Toyota (PT29A-02200-18)",173.41,Toyota,Door Molding,"Body side moldings help protect against careless door swings, runaway shopping carts and other parking lot mishaps while adding a little extra exterior styleColor-matched to the exterior paint finish.",null,null,null,null,null,null,null,https://s3.amazonaws.com/rp-part-images/assets/8d72121da89f5c53ac7264cbbd1a4e9d.webp,null,null,null,null,null,null,null,null,null,null,null,null,null,null,null,null,null,null,null,null,null,3,120,5,1800,2,null,Moldura de puerta,"Los molduras laterales del cuerpo ayudan a proteger contra golpes de puertas, carritos de supermercado y otros percances, mientras añaden un toque de estilo extra. Están pintadas a juego con el color exterior del vehículo.",null,null,null,"Molduras laterales, color Blueprint (azul marino)",moldings-body-side-blueprint-toyota-pt29a-02200-18-pt29a0220018
PT29A0220032,Body Side Moldings - Black - Toyota (PT29A-02200-32),173.41,Toyota,Corh Bsm Md Nt Black M,"Body side moldings help protect against careless door swings, runaway shopping carts and other parking lot mishaps while adding a little extra exterior style. Color-matched to the exterior paint color.",null,null,null,null,null,null,null,https://s3.amazonaws.com/rp-part-images/assets/3083c30efbbd1722bd50bc3abbd9d178.webp,null,null,null,null,null,null,null,null,null,null,null,null,null,null,null,null,null,null,null,null,null,3,120,5,1800,2,null,Moldura lateral Corolla Hatchback negro,"Los molduras laterales del cuerpo ayudan a proteger contra golpes de puertas, carritos de supermercado y otros percances, mientras añaden un toque de estilo extra. Están pintadas a juego con el color exterior del vehículo.",null,null,null,"Molduras laterales, color negro",body-side-moldings-black-toyota-pt29a-02200-32-pt29a0220032
PT29A3524000,Body Side Molding - Ice Cap - Toyota (PT29A-35240-00),173.41,Toyota,Taco Bsm 040 White,"Body side moldings help protect against careless door swings, runaway shopping carts and other parking lot mishaps while adding a little extra exterior style. Color-matched to the exterior paint finish.",null,null,null,null,null,null,null,https://s3.amazonaws.com/rp-part-images/assets/92c9a042055c22014ca754f86b8bb4c1.webp,null,null,null,null,null,null,null,null,null,null,null,null,null,null,null,null,null,null,null,null,null,10,120,5,6000,1.2,null,Tacoma moldura lateral 040 blanco,"Los molduras laterales del cuerpo ayudan a proteger contra golpes de puertas, carritos de supermercado y otros percances, mientras añaden un toque de estilo extra. Están pintadas a juego con el color exterior del vehículo.",null,null,null,"Moldura lateral, color Ice Cap (blanco)",body-side-molding-ice-cap-toyota-pt29a-35240-00-pt29a3524000
PT29A3524001,Body Side Molding - Celestial Silver Metallic - Toyota (PT29A-35240-01),173.41,Toyota,Taco Bsm 1J9 Silver,null,null,null,null,null,null,null,null,https://s3.amazonaws.com/rp-part-images/assets/94f0d0971d36bc30f1fe1ddaf54a2ce6.webp,null,null,null,null,null,null,null,null,null,null,null,null,null,null,null,null,null,null,null,null,null,10,120,5,6000,1.2,null,Tacoma moldura lateral 1J9 plata,"Los molduras laterales del cuerpo están diseñadas para integrarse perfectamente con el diseño exterior del vehículo, ofreciendo protección contra golpes y rayones en estacionamientos.",null,null,null,"Moldura lateral, plata metálico celestial",body-side-molding-celestial-silver-metallic-toyota-pt29a-35240-01-pt29a3524001
PT2065216002,Prius C All Weather Mats Tubstyle - Toyota (PT206-52160-02),96.69,Toyota,Floor Mat,"Engineered to precisely fit your vehicle, All-Weather Floor Liners are made from durable, flexible, weather-resistant Material that Cleans easily. 
 Precise Injection molding uses Toyota's original vehicle design data for a perfect fit 
 Includes two rear liners to help provide more complete coverage 
 Liners feature ribbed channels to better hold moisture and a stylish vehicle Logo 
 Skid-resistant backing and Driver- side quarter-turn fasteners help to keep the liners in place 
 Made in the U.S.A. 
          
          Fits Prius cColor: Black Engine Type: Hybrid Number of Pieces: 4 This Floor mat/liner was designed specifically for use in your model and model year vehicle and SHOULD NOT be used in any other vehicle. To avoid potential interference with Pedal opeRation, each mat must be secured with its fasteners. Do not install a Floor mat/liner on top of an existing Floor mat/liner.
          
          Helps protect vehicle�s factory carpet against mud, sand, stains and soilsMade from a durable and flexible weather-resistant material that�s easy to cleanQuarter-turn fasteners (on the driver�s side) and nibbed backing on all mats help keep mats in positionBlack mats feature ribbed channels and an embossed vehicle logo.",null,null,null,pt2065212520,null,null,null,https://s3.amazonaws.com/rp-part-images/assets/b6f666848be79422b9a6d2e5c8115d97.webp,https://s3.amazonaws.com/rp-part-images/assets/b1867c60b17bc0903e924656483239eb.webp,https://s3.amazonaws.com/rp-part-images/assets/28df1f1ccd24019253a0728e419be945.webp,https://s3.amazonaws.com/rp-part-images/assets/28b6c7e031073ffbd62dd6ce6fe584ad.webp,https://s3.amazonaws.com/rp-part-images/assets/ccfbc84381c776002d95edc838c59518.webp,null,null,null,null,null,null,null,null,null,null,null,null,null,null,null,null,null,2,100,70,14000,2.7,null,Tapete de Piso,"Forros de piso todo clima diseñados con precisión para ajustarse a la perfección a tu vehículo. Fabricados en material resistente, flexible y fácil de limpiar. Moldeado por inyección con los datos originales de Toyota para un ajuste ideal. Incluye dos forros traseros para una cobertura más completa.",null,Interior,null,null,PT2065216002
PT9080325002,All Weather Floor Liners - Black - Toyota (PT908-03250-02),130.90,Toyota,Camh Awfl,Precise injection molding uses Toyota�s original vehicle design data for a custom fit.Liners feature channels to better hold moisture. Skid-resistant backing and driver-side quarter-turn fasteners help keep the liners in place.,null,null,null,null,null,null,null,null,null,null,null,null,null,null,null,null,null,null,null,null,null,null,null,null,null,null,null,null,null,50,40,3,6000,2,null,C�mara Todo Clima,Moldeado por inyección con datos originales de Toyota para un ajuste perfecto. Los forros cuentan con canales diseñados para retener mejor la humedad. Base antideslizante y sujetadores de giro en el lado del conductor para mantenerlos en su lugar.,null,Interior,null,null,PT9080325002
PT94908231,"Interior, Integrated Dash Camera - Toyota (PT949-08231)",274.40,Toyota,Dashcam,"Toyota Integrated Dashcam is designed to reliably capture images, sound, and location data while you safely operate your vehicle.Mounted on the windshield, it is designed to begin recording upon ignition to capture the drive, or on impact whether moving or in park.Play back video and share on social channels via included Smartphone APP or Viewer Software on PCIncludes 8GB, industrial grade SD memory card that can store up to 130 minutes in HIGH mode or more with lower video quality settingsMade of durable materials. tested for harsh temperatures, humidity, and shock resistantSleek compact design, 2MP, full HD and 117-degree horizontal view angle.",null,null,null,"pt94908210, pt94908230",null,null,null,https://s3.amazonaws.com/rp-part-images/assets/488613f39324a46f53d5c3ef87e3e2c6.webp,null,null,null,null,null,null,null,null,null,null,null,null,null,null,null,null,null,null,null,null,null,6,15,10,900,0.6,null,C�mara de Tablero,Mini cámara integrada de Toyota diseñada para capturar imágenes sonido y datos de ubicación mientras operas tu vehículo de manera segura.,null,Interior,null,null,PT94908231
PT29A4820110,Handler Bsm 1K5 Galena - Toyota (PT29A-48201-10),173.41,Toyota,Door Molding,Body side moldings help protect against careless door swings and other parking lot mishaps while adding a little extra exterior styleColor-matched to the exterior paint finishBody side moldings follow the lower door styling lines to enhance the vehicle exterior.,null,null,null,PT29A-48200-00,null,null,null,https://s3.amazonaws.com/rp-part-images/assets/95b433e008de384933daae083051d4a8.webp,https://dz310nzuyimx0.cloudfront.net/strapr1/bba17e9027517155446beb1134ddf2e4/346990e1e3019aaf2b9ac128dd69b405.png,https://dz310nzuyimx0.cloudfront.net/strapr1/bba17e9027517155446beb1134ddf2e4/4fb3b01d11e56c0190467bba78b693d0.png,https://dz310nzuyimx0.cloudfront.net/strapr1/bba17e9027517155446beb1134ddf2e4/6e36b938b7dcf7423fbe4cdb77de03ef.png,null,null,null,null,null,null,null,null,null,null,null,null,null,null,null,null,null,null,10,20,10,2000,0.6,null,Moldura de puerta,"Las molduras laterales del cuerpo ayudan a proteger contra golpes de puertas y otros percances en estacionamientos, mientras añaden un toque de estilo extra. Están pintadas a juego con el color exterior del vehículo y siguen las líneas inferiores de las puertas para realzar la estética.",null,null,null,Moldura Handler 1K5 Galena,handler-bsm-1k5-galena-toyota-pt29a-48201-10-pt29a4820110
PU06048214P1,"Bumper Protector, Rear - Toyota (PU060-48214-P1)",95.52,Toyota,Bumper Protection Pad,"Help keep the top surface of the rear Bumper free of scrapes and scratches while adding a touch of style. The polished stainless steel Finish enhances Highlander?s sporty styling, and Skid-resistant, raised-ribbed treads provide practical Assistance when loading or unloading cargo. \
?\
          \
          Fits HighlanderBumper Type: Standard Fascia Position: Rear Bumper \
          \
          Features a polished stainless steel raised ribbed pattern to match the sporty styling of the Highlander. Help keep the top surface of your rear bumper free of scrapes and scratches while preserving the like new appearance of your Highlander.",null,null,null,null,null,null,null,https://s3.amazonaws.com/rp-part-images/assets/d0e5ca6d6b27c1173577736ae3f37595.webp,https://s3.amazonaws.com/rp-part-images/assets/3f5c77e05a808c18a2f56a8de740b090.webp,null,null,null,null,null,null,null,null,null,null,null,null,null,null,null,null,null,null,null,null,10,90,20,18000,2.5,null,Protector de Defensa,"Ayuda a mantener la superficie superior del parachoques trasero libre de raspaduras y arañazos mientras añadeds un toque de estilo. El acabado de acero inoxidable pulido mejora el diseño deportivo del Highlander, y las ranuras elevadas antideslizantes brindan asistencia práctica al cargar o descargar carga. Compatible con Highlander. Tipo de parachoques: Fascia estándar. Posición: Parachoques trasero Características: Acabado de acero inoxidable pulido.
Patrón de ranuras elevadas que combina con el estilo deportivo del Highlander.
Protege la superficie superior del parachoques trasero de raspaduras y arañazos mientras mantiene la apariencia como nueva de tu Highlander.",null,Exterior,null,null,PU06048214P1
PT29A4820119,Handler Bsm 1G3 Gray - Toyota (PT29A-48201-19),173.41,Toyota,Door Molding,Body side moldings help protect against careless door swings and other parking lot mishaps while adding a little extra exterior styleColor-matched to the exterior paint finishBody side moldings follow the lower door styling lines to enhance the vehicle exterior.,null,null,null,PT29A-48200-09,null,null,null,https://s3.amazonaws.com/rp-part-images/assets/17ea90206f877cf498c11593aa53ff46.webp,https://dz310nzuyimx0.cloudfront.net/strapr1/bba17e9027517155446beb1134ddf2e4/346990e1e3019aaf2b9ac128dd69b405.png,https://dz310nzuyimx0.cloudfront.net/strapr1/bba17e9027517155446beb1134ddf2e4/4fb3b01d11e56c0190467bba78b693d0.png,https://dz310nzuyimx0.cloudfront.net/strapr1/bba17e9027517155446beb1134ddf2e4/6e36b938b7dcf7423fbe4cdb77de03ef.png,null,null,null,null,null,null,null,null,null,null,null,null,null,null,null,null,null,null,10,20,10,2000,0.6,null,Moldura de puerta,"Las molduras laterales del cuerpo ayudan a proteger contra golpes de puertas y otros percances en estacionamientos, mientras añaden un toque de estilo extra. Están pintadas a juego con el color exterior del vehículo y siguen las líneas inferiores de las puertas para realzar la estética.",null,null,null,Moldura Handler 1G3 gris,handler-bsm-1g3-gray-toyota-pt29a-48201-19-pt29a4820119
PT9483524111,"Tailgate Insert, Gun Metal - Toyota (PT948-35241-11)",60.42,Toyota,Taco Bdg Tg Gunmtl G,"?Attached with strong adhesive backing?Three colors available, bright chrome, flat black, or gun metal.",null,null,null,null,null,null,null,https://s3.amazonaws.com/rp-part-images/assets/fd399490ade48a97b43a5cf64db31988.webp,null,null,null,null,null,null,null,null,null,null,null,null,null,null,null,null,null,null,null,null,null,100,20,2,4000,2,null,Emblema de Puerta Trasera Tacoma Gunmetal,"Fijación con adhesivo de alta resistencia. Disponible en tres colores: cromo brillante, negro mate o gris metálico.",null,Exterior,null,null,000979244E
PT34702140,"Cargo Net, Envelope Style - Toyota (PT347-02140)",19.79,Toyota,Cargo Net,"Lightweight cargo net helps secure everyday items from rolling around. \
 Quick and easy attachment and removal \
 Envelope-style netting accommodates a wide variety of shapes and sizes \
 Stores flat when not in use  \
\
          \
          Fits Corolla STYLE: Envelope T-ANCHOR Color: Black VEHICLE ATTACHMENT STYLE: T- Anchor Cargo and load capacity are limited by weight and distribution.\
          \
          This convenient cargo net helps keep everyday items from rolling around or tipping over. Specifically designed for your vehicle, the envelope-style net can be quickly attached or detached, and it stores flat when not in use.Note: Cargo and load capacity limited by weight and distribution..",null,null,null,null,null,null,null,https://s3.amazonaws.com/rp-part-images/assets/7beca1cc2575bca1c1c1dbb76cd88cde.webp,https://s3.amazonaws.com/rp-part-images/assets/1e683ab9d126855eefcd8145d72218dc.webp,https://s3.amazonaws.com/rp-part-images/assets/3b787aa09fa2bd3712b1b03fce9a2954.webp,null,null,null,null,null,null,null,null,null,null,null,null,null,null,null,null,null,null,null,5,50,50,12500,0.5,null,Red de carga,La red de carga ligera ayuda a asegurar los artículos diarios y evitar que rueden o se deslicen. Su diseño estilo sobre permite acomodar una variedad de formas y tamaños. Se guarda plana cuando no se usa.,null,null,null,Red de carga tipo sobre,cargo-net-envelope-style-toyota-pt347-02140-pt34702140
PT92203182,"Door Sill Protectors, Brushed Steel - Toyota (PT922-03182)",110.76,Toyota,Door Sill Strip,"Door sill protectors help guard against normal wear and tear from Interior door scuffs, scrapes and scratches.\
 Premium polished stainless steel Finish adds durability and style\
 Vehicle Logo adds a customized look\
 Added protection when entering and exiting your vehicle\
\
          \
          Fits Camry Finish: Brushed Logo: Camry Material: Brushed Steel Number of Pieces: 4 Position: Does not apply Special Edition: Does not apply \
          \
          Features a brushed-stainless steel overlay and polished accents.Help prevent door sill scuffs and scratchesIncludes an etched logo for a personalized look.",null,null,null,pt92203181,null,null,null,https://s3.amazonaws.com/rp-part-images/assets/9c21230264291eebbd39b43c7eeb45c5.webp,https://s3.amazonaws.com/rp-part-images/assets/d05f631214f9f4f5d6bd69c88c6a83cf.webp,null,null,null,null,null,null,null,null,null,null,null,null,null,null,null,null,null,null,null,null,2,80,10,1600,1.2,null,Protector de Umbral de Puerta,Protectores de umbral de puerta que ayudan a proteger contra el desgaste normal por rasguños y rozaduras interiores.,null,Interior,null,null,PT92203182
PT2063509620,Fj All Weather Mat Cargo Trailed - Toyota (PT206-35096-20),53.84,Toyota,Cargo Area Liner,"An essential Accessory to accompany you on your adVentures, this custom-fitted cargo tray helps keep your cargo area Clean and dry: 
 Cut to an exact fit of your FJ?s cargo area 
 Multidimensional surface and perimeter lip help contain dirt, debris and liquids 
 Molded FJ Logo adds a touch of customization 
          
          Fits FJ CruiserColor: Black Cargo and load capacity limited by weight and distribution.
          
          It's removable, waterproof and easy to clean. This heavy-duty, long-wearing polymer mat helps protect the cargo area and keep it clean. Cut to an exact fit for maximum coverage, the perimeter lip and custom design keep dirt, debris and liquids under control.",null,null,null,"pt5486007101, pt5486008101",null,null,null,https://s3.amazonaws.com/rp-part-images/assets/ebe980aff2ca6225f8db87646bff9737.webp,https://s3.amazonaws.com/rp-part-images/assets/155d47daede94e315798e2445645f959.webp,https://s3.amazonaws.com/rp-part-images/assets/519826ef107dc88f4875560ee6743870.webp,null,null,null,null,null,null,null,null,null,null,null,null,null,null,null,null,null,null,null,2,120,80,19200,3,null,Protector de �rea de Carga,"Bandeja de carga diseñada a la medida para acompañarte en tus aventuras. Ayuda a mantener el área de carga limpia y seca. Diseñada con un ajuste exacto para la zona de carga de tu FJ. Superficie multidimensional con borde elevado para contener suciedad, residuos y líquidos Incluye el logo de FJ en relieve para un toque personalizado.",null,Cajuela,null,null,PT2063509620
PT22848141,"Tow Hitch Ball Mount, Class Iii - Toyota (PT228-48141)",40.28,Toyota,Trailer Hitch Ball Mount,"Designed and Engineered to work together, the trailer Ball and Ball mount are built and tested to meet the Highlander?s maximum towing capacity. 
 Cold-forged steel construction helps provide Superior strength 
 2?in. Ball Diameter 
          
          Fits HighlanderCLASS(Ball): Class III Receiver Tube: 2 inch Before towing, confirm that your vehicle and trailer are compatible, properly hooked up and loaded, and that you have any necessary additional equipment. Do not exceed any Weight Rating and follow all instructions in your Owner?s Manual. The maximum you can tow depends on the total weight of your cargo, ocCupants and available equipment.?
          
          Available in 2 5/16-in., 2-in. or 1 7/8-in. ball diametersMade specifically for use with Toyota tow hitches and ball mountsHelps complete the connection between the vehicle�s tow hitch receiver and trailerCrafted of cold-forged steel for superior strengthIncludes built-in wrench flats for ease of installation and torquingToyota trailer balls meet or exceed industry towing standards.",null,null,null,null,null,null,null,https://s3.amazonaws.com/rp-part-images/assets/5b916646d81e4db326131ca3f2f79a92.webp,null,null,null,null,null,null,null,null,null,null,null,null,null,null,null,null,null,null,null,null,null,10,30,10,3000,5,null,Montura de Bola para Remolque,La bola de remolque y la montura están diseñadas y probadas para cumplir con la capacidad máxima de remolque del Highlander. Fabricadas en acero forjado en frío para mayor resistencia. Diámetro de bola de 2 pulgadas.,null,Remolque,null,null,PT22848141
0027600900,Wheel Lock Set - Toyota (00276-00900),46.99,Toyota,"Wheel Locks, Alloy, Clear Chrome Finish",Helps provide dependable protection against wheel and tire theft. Design corresponds with stock lug nuts to guarantee proper fit. Weight matched to the stock lug nut weight- making rebalancing unnecessary. Triple nickel chrome plating helps ensure superior corrosion protection and enduring shine. Constructed of hardened steel with triple-nickel chrome plating- Scion wheel locks help provide inexpensive- dependable protection against wheel and tire theft--along with peace-of-mind in knowing wheels and tires are secure. Wheel locks can save vehicle owners the time and expense of replacing their wheels and tires- while also helping protect against additional vehicle damage that can occur during theft. Not to mention protection from being stranded away from home or having to pay out-of-pocket insurance deductibles. Wheel locks are available in kits of four.,null,null,null,PT276-52041,null,null,null,https://s3.amazonaws.com/rp-part-images/assets/9f0b5457efd731e6457d9a4f51782b39.webp,https://s3.amazonaws.com/rp-part-images/assets/8f1b358077850e5ee711a238be35a9fb.webp,https://s3.amazonaws.com/rp-part-images/assets/b9766a3c258eb2823d35b6ce90b442d8.webp,https://s3.amazonaws.com/rp-part-images/assets/bbd7febf2b5b17b94e3c94237c02fcd4.webp,https://s3.amazonaws.com/rp-part-images/assets/e0464d0c60c20d565e3bad652dbc33b4.webp,https://s3.amazonaws.com/rp-part-images/assets/a39d667b31eabbc4b194e0ff75d172c3.webp,https://s3.amazonaws.com/rp-part-images/assets/059150c2ec5281bfbaa2704f3a0792e3.webp,https://s3.amazonaws.com/rp-part-images/assets/3ae409e8f914492d560b163f1897ef96.webp,https://dz310nzuyimx0.cloudfront.net/strapr1/48b0392ccd4ccfc2949492edc569c7f6/01ecac507a0defd2f7b243f1b5d24e5b.png,https://dz310nzuyimx0.cloudfront.net/strapr1/48b0392ccd4ccfc2949492edc569c7f6/7e2962e39f0eb57379a9c6808e634024.png,https://dz310nzuyimx0.cloudfront.net/strapr1/48b0392ccd4ccfc2949492edc569c7f6/3d3b9022ed158135bc29942510f71298.png,null,null,null,null,null,null,null,null,null,null,null,5,10,10,500,0.5,null,"Tuercas de seguridad para ruedas, aleaci�n, acabado cromo transparente",Proporciona protección confiable contra el robo de ruedas y neumáticos. El diseño corresponde a las tuercas originales para garantizar un ajuste adecuado y no requiere rebalanceo. Fabricado en acero endurecido con triple cromado para resistencia a la corrosión y brillo duradero. Disponible en kits de cuatro.. Bloqueo de ruedas Scion; protección económica y confiable contra robo de ruedas y neumáticos.,null,null,null,Juego de tuercas de seguridad para ruedas,"wheel-lock-set-toyota-00276-00900-0027600900                                                                                                                                                                                                                                                                                                                                                                                                                                                                                                                                                                                                      "
PT34702200,Cargo Net - Toyota (PT347-02200),31.33,Toyota,Cargo Net,"Lightweight cargo net helps secure everyday items from rolling around. \
 Quick and easy attachment and removal \
 Envelope-style netting accommodates a wide variety of shapes and sizes \
 Stores flat when not in use  \
\
          \
          Fits Corolla Location: Trunk POUCH: With STYLE: Envelope VEHICLE ATTACHMENT STYLE: T- Anchor Cargo and load capacity are limited by weight and distribution. Always properly secure cargo and cargo area.\
          \
          Lightweight cargo net helps secure everyday items from rolling aroundQuick and easy attachment and removalEnvelope-style netting accommodates a wide variety of shapes and sizesWhen not needed, this cargo net fits easily into a compact, zippered pouch for convenient storage.",null,null,null,null,null,null,null,https://s3.amazonaws.com/rp-part-images/assets/813f2d778e2e61c5b949eb805f59d2a0.webp,null,null,null,null,null,null,null,null,null,null,null,null,null,null,null,null,null,null,null,null,null,5,50,50,12500,0.5,null,Red de carga,"La red de carga ligera asegura los artículos diarios y evita que rueden o se deslicen. Su diseño sobre permite acomodar una amplia variedad de formas y tamaños. Cuando no se necesita, se guarda fácilmente en una bolsa compacta con cierre.",null,null,null,Red de carga,cargo-net-toyota-pt347-02200-pt34702200
PT2063524220,All Weather Floor Liners D-Cab 4 Pieces - Toyota (PT206-35242-20),null,Toyota,Taco Awfl A T D Cab,"Engineered to precisely fit your vehicle, all-weather floor liners are made from durable, flexible, weather-resistant material. Precise injection molding uses Toyotas original vehicle design data for a perfect fit. Liners feature ribbed channels to better hold moisture with a stylish vehicle logo. Skid-resistant backing and driver-side quarter-turn fasteners help keep the liners in place.",null,null,null,null,null,null,null,https://s3.amazonaws.com/rp-part-images/assets/aee204cfc2e21fe9002ccc1405343f00.webp,null,null,null,null,null,null,null,null,null,null,null,null,null,null,null,null,null,null,null,null,null,3,106,83,26394,2.49,null,Tapetes todo clima Doble Cabina Tacoma,"Diseñados con precisión para tu vehículo. Hechos de material resistente, flexible y fácil de limpiar. Moldeo por inyección exacto con datos originales de Toyota. Canales acanalados con logotipo. Reverso antideslizante y sujetadores giratorios.",25174418,Additional Parts,null,null,pt2063524220
PT9084723520,"Cargo Liner, All Weather, Black - Toyota (PT908-47235-20)",null,Toyota,"All Weather Cargo Liner - Black, Prs Prsp Awcm Black Hi","Help protect your cargo area with the cargo liner. Specially contoured to fit the cargo area Molded from durable, lightweight material.",null,null,null,null,null,null,null,https://s3.amazonaws.com/rp-part-images/assets/6e46a5307eff8661dcf8a1abf45f8487.webp,null,null,null,null,null,null,null,null,null,null,null,null,null,null,null,null,null,null,null,null,null,3,102,69,21114,2.14,null,Tapete de carga todo clima - negro,"Ayuda a proteger el área de carga con la charola moldeada. Hecha de material duradero y ligero, contorneada al espacio del vehículo",25174418,Additional Parts,null,null,pt9084723520
PU06052012,"Splash Guards, Rear Set - Toyota (PU060-52012)",null,Toyota,Mud Flap,Help protect your paint from damaging stones- tar and- yes – mud – with a set of mudguards. Designed to integrate with your Yaris styling- these durable mudguards feature corrosion-resistant hardware and are constructed from material that stands up to the rigors of everyday driving.,null,null,null,null,null,null,null,https://s3.amazonaws.com/rp-part-images/assets/c9027ed9025a6e3a34c1410e6880aa4c.webp,null,null,null,null,null,null,null,null,null,null,null,null,null,null,null,null,null,null,null,null,null,3,89,41,10947,0.85,null,Guardabarros traseros,"Ayuda a proteger la pintura del lodo, piedras y alquitrán. Diseñadas para integrarse con el estilo del Yaris. Fabricadas con materiales resistentes y herrajes anticorrosivos.",25174418,Suspension & Steering,null,null,pu06052012
PT37A42090,Shift Knob - Toyota (PT37A-42090),107.02,Toyota,Automatic Transmission Shift Lever Knob,Upgrade your RAV4 interior with an added touch of style.Features a unique textured design with chrome accentsSculpted to provide a firm grip to enhance your driving experience.,null,null,null,PTS37-42090,null,null,null,https://s3.amazonaws.com/rp-part-images/assets/14aa8c3b785cf0510ce5b65293fb3ffb.webp,https://s3.amazonaws.com/rp-part-images/assets/7a37dfde4b4c6e57ff69da49c0f7a48b.webp,null,null,null,null,null,null,null,null,null,null,null,null,null,null,null,null,null,null,null,null,10,5,5,250,0.2,null,Perilla de palanca de cambios automática,Mejora el interior de tu RAV4 con un toque adicional de estilo. Cuenta con un diseño texturizado único con detalles cromados y proporciona un agarre firme para mejorar la experiencia de conducción.,null,null,null,Perilla de cambio,shift-knob-toyota-pt37a-42090-pt37a42090
PT2061C16020,Toyota C-Hr All Weather Mats Flat - Toyota (PT206-1C160-20),null,Toyota,Floor Mat,"Engineered to precisely fit your vehicle, all-weather Floor liners are made from durable, flexible, weather-resistant Material that Cleans easily.
 Precise Injection molding uses Toyota's original vehicle design data for a perfect fit
 Includes two rear liners to help provide more complete coverage
 Liners feature ribbed channels to better hold moisture and a stylish vehicle Logo
 Skid-resistant backing and Driver- side quarter-turn fasteners help to keep the liners in place
 Made in the U.S.A.
          
          Fits C-HR Color: Black Floor Type: Carpet Logo: With Logo Number of Pieces: 3 Transmission: Automatic Transmission This Floor mat/liners was designed specifically for use in your model and model year vehicle and SHOULD NOT be used in any other vehicle. To avoid potential interference with Pedal opeRation, each mat must be secured with its fasteners. Do not install a Floor mat/liners on top of an existing Floor mat.
          
          Helps protect vehicle�s factory carpet against mud, sand, stains and soilsMade from a durable and flexible weather-resistant material that�s easy to cleanNibbed backing and quarter-turn fastener on driver floor liner helps keep mats in positionBlack liner features ribbed channels and molded grey vehicle logoLightweight.",null,"Front, Rear",null,null,null,null,null,https://s3.amazonaws.com/rp-part-images/assets/8dfe7b1b34a468c882ab603926fe702f.webp,https://s3.amazonaws.com/rp-part-images/assets/209fb6d4d708aa06801818f1cd0ae53d.webp,null,null,null,null,null,null,null,null,null,null,null,null,null,null,null,null,null,null,null,null,3,104,66,20592,1.69,null,Tapete de piso,"Diseñados con precisión para tu vehículo los tapetes todo clima están fabricados con material resistente, flexible y fácil de limpiar. Moldeo por inyección precisa usando datos originales de Toyota para un ajuste perfecto. Incluye dos tapetes traseros para mayor cobertura. Canales acanalados que retienen humedad y logotipo estilizado. Reverso antideslizante y sujetadores giratorios para mantenerlos en su lugar. Fabricado en EE. UU.
Ayuda a proteger la alfombra original contra lodo, arena y manchas. Material resistente y fácil de limpiar. Reverso con gomas y sujetador giratorio en tapete del conductor para fijación. Logotipo gris moldeado. Ligero.",25174418,Additional Parts,null,null,pt2061c16020
PT2063422120,All Weather Floor Liners - C Cab - Toyota (PT206-34221-20),null,Toyota,"Floor Liners, All-Weather, Front & Rear, Tun Awfl Black","Engineered to precisely fit your vehicle, all-weather floor liners are made from durable, flexible, weather-resistant material that cleans easily. Precise injection molding uses Toyotas original vehicle design data for a perfect fit. Includes two rear liners to help provide more complete coverage. Liners feature ribbed channels to better hold moisture and a stylish vehicle logo. Skid-resistant backing and driver- side quarter-turn fasteners help keep the liners in place.",null,"Front, Rear",null,null,null,null,null,https://s3.amazonaws.com/rp-part-images/assets/acdaecd64a70fb0c9be09af42395485e.webp,null,null,null,null,null,null,null,null,null,null,null,null,null,null,null,null,null,null,null,null,null,3,104,65,20280,1.57,null,Tapetes de piso todo clima delanteros y traseros Tacoma,"Diseñados con precisión para tu vehículo. Hechos de material resistente y flexible, fácil de limpiar. Moldeo por inyección con datos originales de Toyota para un ajuste exacto. Incluye dos tapetes traseros. Canales acanalados para contener humedad. Logotipo estilizado. Reverso antideslizante y sujetadores giratorios.",25174418,Additional Parts,null,null,pt2063422120
PT34735050,Cargo Net - Toyota (PT347-35050),43.63,Toyota,Cargo Net,"This outdoor-grade cargo net is perfect for keeping smaller, lightweight items from sliding around or getting damaged.\
 Easy installation attaches to hooks and tabs in cargo area\
 Rotates for various configuRations including lying flat above cargo\
 Elastic-mesh netting is durable and stain-resistant\
\
          \
          Fits Tacoma  STYLE: Envelope Cargo and load capacity limited by weight and distribution. Always properly secure all items and cargo area.\
          \
          Don't you hate it when items in your trunk roll around while you're driving? The Cargo Net is your answer - it's easy to install and even easier to use.",null,null,null,null,null,null,null,https://s3.amazonaws.com/rp-part-images/assets/760cf258a83b14cce622c4adbd34291f.webp,https://s3.amazonaws.com/rp-part-images/assets/17ee4d49b70c63daca76233569997d3a.webp,https://s3.amazonaws.com/rp-part-images/assets/e49c65f6332ad4e592a97e190634515c.webp,null,null,null,null,null,null,null,null,null,null,null,null,null,null,null,null,null,null,null,5,50,50,12500,0.5,null,Red de carga,"Esta red de carga de grado exterior es perfecta para mantener en su lugar artículos pequeños y ligeros. Su diseño elástico-malla es duradero y resistente a las manchas, con configuraciones rotativas para mayor flexibilidad.",null,null,null,Red de carga,cargo-net-toyota-pt347-35050-pt34735050
PT0760C20002,"Wheel Locks, Alloy, Black Pvd - Toyota (PT076-0C200-02)",null,Toyota,Wheel Lock,"Helps provide dependable protection against wheel and tire theftWeight-balanced to the stock lug nut, making rebalancing unnecessaryPremium black PVD overlay and nickel plating helps ensure superior corrosion protectionConstructed of precision-machined and hardened steelSpecial key tool and collar guide enable simple installationVehicle specific key patterns resist lock removal tools and allow only a single unique key to interface. These are black PVD lug nuts for the Land Cruiser, Sequoia, and Tundra.",null,null,null,null,null,null,null,https://s3.amazonaws.com/rp-part-images/assets/ea5a2f39e207fa4d7412379cc677261d.webp,https://s3.amazonaws.com/rp-part-images/assets/c6edc8f5857d56bff659d31393cef7a0.webp,null,null,null,null,null,null,null,null,null,null,null,null,null,null,null,null,null,null,null,null,6,6,6,216,1.14,null,Seguro de rueda,"Ayuda a proporcionar protección confiable contra el robo de llantas y rines. Balanceado al peso de la tuerca original, eliminando la necesidad de rebalanceo. El recubrimiento negro PVD y niquelado ayudan a asegurar protección superior contra la corrosión Fabricadas en acero endurecido y mecanizado con precisión Herramienta especial y guía para fácil instalación Los patrones de llave específicos del vehículo impiden el uso de herramientas de extracción y permiten que solo una llave única funcione.",25174418,"Wheels, Tires & Parts",null,null,pt0760c20002
PT97635240,Multimedia Screen Protector (8 In Screen) - Toyota (PT976-35240),null,Toyota,Toyota Scnptr 8 In,"Enhance your driving experience with the Toyota Multimedia Screen Protector for 8 in screen. Made from high quality, tempered glass, it shields your screen from scratches and is fingerprint resistant. The advanced coatings help ensure optimal visibility without compromising screen brightness. Anti-reflection coating is engineered to help improve visibility. Easy, tool-free installation takes less than five minutes, making it a seamless addition to your vehicle.",null,null,null,null,null,null,null,https://s3.amazonaws.com/rp-part-images/assets/45b8c374f6121e0be07e71ce583fd817.webp,null,null,null,null,null,null,null,null,null,null,null,null,null,null,null,null,null,null,null,null,null,1,22,14,308,0.2,null,Protector de pantalla multimedia de 8 pulgadas,Protector de pantalla para sistema multimedia de 8. Vidrio templado de alta calidad. Resistente a rayaduras y huellas. Recubrimiento antirreflejante. No afecta el brillo. Instalación sencilla en menos de 5 minutos.,25174418,Electronic Parts,null,null,pt97635240
PT9085217102,Yaris All Weather Mats Tub Style - Toyota (PT908-52171-02),null,Toyota,Floor Mat,Helps protect vehicles factory carpet against mud- sand- stains and soils Made from a durable and flexible weather-resistant material thats easy to clean Quarter-turn fasteners (on the drivers side) and skid-resistant backing on all mats help keep mats in position Black mats feature ribbed channels and an embossed vehicle logo. An advanced concept in superior protection for the interior. They cover the floor and surrounding edges on all sides to help keep your carpets clean and dry. Precise injection molding utilizing Toyotas own vehicle design data helps ensure a perfect fit.. Molded Yaris logo for the front liners.,null,null,null,null,null,null,null,https://s3.amazonaws.com/rp-part-images/assets/2d537dc4e3777186db2fa06e40b95c5d.webp,https://s3.amazonaws.com/rp-part-images/assets/cff9c961044aba66edf532133d9b69d1.webp,https://s3.amazonaws.com/rp-part-images/assets/2d76b5c80ea709e27ac08f6df25718fa.webp,null,null,null,null,null,null,null,null,null,null,null,null,null,null,null,null,null,null,null,3,90,75,20250,1.12,null,Tapete de piso,"Protege la alfombra del vehículo contra lodo, arena, manchas. Material resistente y flexible. Sujetadores giratorios en el del conductor y reverso antideslizante. Cubre piso y bordes para máxima protección Ajuste preciso con moldeo por inyección. Logotipo moldeado.",25174418,Additional Parts,null,null,pt9085217102
PT9085212220,4PC All Weather Mats Yaris - Toyota (PT908-52122-20),null,Toyota,Floor Mat,"Count on these rugged all-weather Floor mats to help protect your original carpet.? Ribbed-channel design helps contain dirt, moisture and other debris? Quarter-turn fasteners (on the Driver?s-side) and nibbed backing on all mats help keep them in place
          
          Fits YarisColor: Black Number of Pieces: 4 Position: Front and Rear ?To avoid potential interference with Pedal opeRation, do not install a Floor mat on top of an existing Floor mat, and each mat must be secured with either quarter-turn fasteners or retention hooks (clips). This Floor mat was designed specifically for use in this model and model year vehicle and SHOULD NOT be used in any other vehicle.????????
          
           Helps protect vehicle�s factory carpet against mud, sand, stains and soils Made from a durable and flexible thermoplastic elastomer that�s easy to clean Black mats feature ribbed channels and an embossed vehicle logo  Lightweight .",null,null,null,null,null,null,null,https://s3.amazonaws.com/rp-part-images/assets/93b71768bab97821ddd62ee0b68e73d7.webp,https://s3.amazonaws.com/rp-part-images/assets/d32ba53eae1c2a8d4f092d81a43b064c.webp,null,null,null,null,null,null,null,null,null,null,null,null,null,null,null,null,null,null,null,null,3,100,78,23400,2.33,null,Tapete de piso,"Tapetes todo clima que protegen la alfombra original. Diseño acanalado que contiene suciedad y humedad. Sujetadores giratorios (en el del conductor) y reverso con gomas.
Evitar colocar sobre otro tapete. Solo usar en el modelo y año indicados.
Fabricados con elastómero termoplástico duradero y flexible. Color negro, logotipo moldeado.",25174418,Additional Parts,null,null,pt9085212220
PT39235120,Bed Extender - Toyota (PT392-35120),195.79,Toyota,Truck Bed Tailgate Extender,"Truck bed not big enough? No problem. With the Tailgate down, our bed extender increases bed length by two feet to help fit your longBoards and other bulky items. Or you can leave the Tailgate up and use it to secure smaller objects.\
 Powder coat Finish enhances Appearance and durability\
 Taillights reMain visible when in use, in compliance with DOT lighting requirements\
 Bed extender cannot be removed when Tailgate is up and Locked\
 Angle-release Mounting brackets enable easy installation or removal\
 Adjustable strap latches ensure the bed extender is secured to the Tailgate when down\
\
          \
          Fits Tacoma  Finish: Powder Coated Material: Aluminum Cargo and load capacity limited by weight and distribution. Always properly secure all items and cargo area.\
          \
          The Genuine Toyota Bed Extender, designed specifically for Toyota trucks, performs double-duty for Tacoma owners—extending usable cargo length by approximately two-feet when rotated outward over the tailgate, while providing a convenient enclosed cargo area when rotated inward toward the cab.",null,null,null,"PT329-35050, PT392-35000",null,null,null,https://s3.amazonaws.com/rp-part-images/assets/1b3c51d5897fed0e2460094bb23a09e2.webp,https://s3.amazonaws.com/rp-part-images/assets/ac0f8de5a702f7632071f9f8a373f944.webp,https://s3.amazonaws.com/rp-part-images/assets/e9fb42af7033861a6e2364d685436487.webp,https://s3.amazonaws.com/rp-part-images/assets/3b7cb04fe86ccc6ff4d0650658f3e4e7.webp,null,null,null,null,null,null,null,null,null,null,null,null,null,null,null,null,null,null,50,120,5,30000,8,null,Extensor de compuerta de caja,"El extensor de cama aumenta la longitud utilizable en aproximadamente dos pies cuando se gira hacia afuera sobre la compuerta trasera, proporcionando un área de carga cerrada al girarlo hacia el interior. Incluye un acabado de recubrimiento en polvo y diseño específico para camiones Toyota.",null,null,null,Extensor de caja,bed-extender-toyota-pt392-35120-pt39235120
PT41302201,Door Sill Protectors - Toyota (PT413-02201),117.47,Toyota,Door Sill Strip,"Door sill protectors help guard against Interior door scuffs, scrapes and scratches.\
 Premium brushed-aluminum Finish adds durability and style\
 Features a Corolla Logo for a customized look\
\
          \
          Fits Corolla Logo: Corolla Material: Stainless Steel And Plastic Number of Pieces: 4 \
          \
          Door sill protectors help guard against interior door scuffs, scrapes and scratchesPremium brushed- aluminum finish adds durability and styleFeatures a Corolla logo for a customized look.",null,null,null,PT413-02200,null,null,null,https://s3.amazonaws.com/rp-part-images/assets/429e1e9fc56f7b96a26abd08dcd99451.webp,null,null,null,null,null,null,null,null,null,null,null,null,null,null,null,null,null,null,null,null,null,5,70,2,700,0.3,null,Tira de umbral de puerta,Los protectores de umbral de puerta ayudan a proteger contra rayones y desgaste interior. Su acabado de aluminio cepillado premium añade estilo y durabilidad. Incluye el logotipo de Corolla para un toque personalizado.,null,null,null,Protectores de umbral de puerta,door-sill-protectors-toyota-pt413-02201-pt41302201
PT39235230,Bed Stepandreg - Toyota (PT392-35230),190.20,Toyota,Tailgate Step,"Offers hands-free operation - raise or lower the step with the touch of your foot. Features a black anodized and Teflon powder coat finish for long-term durability.Provides a convenient, secure stepping platform that makes it easy to get in and out of the truck bedWorks with tailgate up or downHands-free operation allows users to raise or lower the step by nudging with their footStores discreetly under rear bumperLightweight, high-strength aluminum die-cast construction features a glass-reinforced nylon step pad with ribbed, nonskid stepping surface300-lb. load capacityWeather-resistant black anodized and Teflon® powder-coat finish for long-term durabilityQuick and simple no-drill, bolt-on installationUses the vehicle’s existing bumper/frame mounting pointsLeaves hitch receiver free for towing.",null,null,null,PT392-35100,null,null,null,https://s3.amazonaws.com/rp-part-images/assets/5c2c3f093158c95ddaf4ec578408ecca.webp,https://s3.amazonaws.com/rp-part-images/assets/328c614214999d28ed1e683f03771845.webp,https://s3.amazonaws.com/rp-part-images/assets/5439de2027aaf4bb114e96d7596cd899.webp,null,null,null,null,null,null,null,null,null,null,null,null,null,null,null,null,null,null,null,25,35,15,13125,4.5,null,Escalón de compuerta,Ofrece una operación manos libres: levanta o baja el escalón tocándolo con el pie. Fabricado con aluminio de alta resistencia con un acabado anodizado negro y recubrimiento de teflón para mayor durabilidad.,null,null,null,Escalón de caja,bed-stepandreg-toyota-pt392-35230-pt39235230
PT39842130,Remote Start - Toyota (PT398-42130),230.07,Toyota,Remote Vehicle Starter Kit,"Enjoy the luxury of having your RAV4 ready and waiting for you with a comfortable vehicle interior, no matter what the weather is outside. The remote engine starter enables you to start your engine and activate preset air conditioner, heater, defroster and defogger functions from a remote location, creating an ideal cabin temperature when it’s time to head down the road.Note: Requires vehicles equipped with Smart Key System..",null,null,null,null,null,null,null,https://s3.amazonaws.com/rp-part-images/assets/3fea95af5eca625d2d4fdd3706bc7ea7.webp,https://s3.amazonaws.com/rp-part-images/assets/bf7eefbc460f34b12c6257a72c152ef7.webp,null,null,null,null,null,null,null,null,null,null,null,null,null,null,null,null,null,null,null,null,10,15,5,750,0.4,null,Kit de encendido remoto de vehículo,"El arranque remoto del motor permite iniciar el motor y activar las funciones preestablecidas de aire acondicionado, calefacción y desempañador desde una ubicación remota, asegurando una temperatura ideal en la cabina al momento de conducir.",null,null,null,Encendido remoto,remote-start-toyota-pt398-42130-pt39842130
PT41342190,"Fog Lights, Led, Chrome Finish - Toyota (PT413-42190)",106.29,Toyota,Fog Light,"High performance LED Fog lights seamlessly upgrade your vehicle's standard halogen Fog Lamps.\
 Helps provide brighter light with higher lumen output for increased visibility\
 Extra wide coverage angle for increased visibility of vehicle surroundings\
\
          \
          Fits 4Runner, C-HR, Highlander, Tacoma , TundraFinish: Chrome \
          \
          UV-resistant polycarbonate lens and housing with aluminum heat sinkAsymmetrical design with specific right and left lamps to ensure excellent road illuminationWider view-angles for increased visibility: 68° outwards, 36° inwardsNo less than 300 lumen output6100k color temperatureSeamless integration of fog lights into the bumper with OE mounting and direct OE replacementFully tested for vibration, corrosion, water intrusion, dust intrusion, electrical noise, impact, weather-ability, high/low temperature, humidity, and chemical resistanceDealer installation requires purchase of Fit Kit, PT413-1C191.",null,null,null,null,null,null,null,https://s3.amazonaws.com/rp-part-images/assets/85490c06fed153d16e3ddb75e5bd1a4b.webp,https://s3.amazonaws.com/rp-part-images/assets/f5c97eb9a836f3d004314f959154c91f.webp,null,null,null,null,null,null,null,null,null,null,null,null,null,null,null,null,null,null,null,null,10,20,15,3000,1.2,null,Luz antiniebla,"Los faros antiniebla LED de alto rendimiento mejoran la visibilidad y la seguridad en carretera. Diseñados con lentes de policarbonato resistentes a los rayos UV y una carcasa con disipador de calor de aluminio, proporcionan una iluminación más amplia y brillante.",null,null,null,"Luces antiniebla LED, acabado cromado",fog-lights-led-chrome-finish-toyota-pt413-42190-pt41342190
PT42700120,Cargo Tote - Toyota (PT427-00120),45.87,Toyota,Carry Bag,"Versatile cargo tote holds a variety of items and helps keep them in place.\
 Removable divider Panels help hold items upright and customize space\
 Two carrying handles for easy loading and unloading\
 Collapses for easy storing in cargo area when not in use\
\
          \
          Color: Black Cargo and load capacity limited by weight and distribution. Always properly secure all items and cargo area.\
          \
          For added convenience, the tote includes removable divider panels that hold items upright. It also features two carrying handles for easy loading and unloading, folds flat when not in use, and pops up easily when needed. The collapsible soft-sided cargo tote is designed to hold a variety of smaller everyday items, helping to ensure they don’t shift around or tip over in your cargo area.",null,null,null,"PTS07-00020-02, PTS07-00040-02",null,null,null,https://s3.amazonaws.com/rp-part-images/assets/c884f8035005f7c59bb6901d86807300.webp,https://s3.amazonaws.com/rp-part-images/assets/ebf06369e3b4338681b75dc9d1bb5e00.webp,https://s3.amazonaws.com/rp-part-images/assets/08a3174a1e88783e2a5ad925bd4db36f.webp,https://s3.amazonaws.com/rp-part-images/assets/e8691f4ca49cc44aafbf96a9e65d76b7.webp,https://s3.amazonaws.com/rp-part-images/assets/98fbb3510285425dde769329b22da1c8.webp,https://s3.amazonaws.com/rp-part-images/assets/75e9cdf44bd8cec0184d3f717cc85f96.webp,https://s3.amazonaws.com/rp-part-images/assets/6dc4327ccda79be2a98e0795f8e7815b.webp,https://s3.amazonaws.com/rp-part-images/assets/9a2a90dcdcd9bc9249276218344e6ef5.webp,https://s3.amazonaws.com/rp-part-images/assets/b0df62528da87fa8a50a51d75f831e58.webp,https://s3.amazonaws.com/rp-part-images/assets/4761508691c88815f0b3898f1fe67c2a.webp,null,null,null,null,null,null,null,null,null,null,null,null,30,50,30,45000,2.5,null,Bolsa de mano,El organizador de carga versátil ayuda a mantener en su lugar una variedad de artículos. Incluye divisores removibles para personalizar el espacio y se pliega fácilmente para su almacenamiento cuando no se utiliza.,null,null,null,Bolsa de carga,cargo-tote-toyota-pt427-00120-pt42700120
PT72516230,"Towing Wire Harness, Bumper - Toyota (PT725-16230)",313.60,Toyota,Cor Crs Tw Wh,"The Wire Harness is designed to be used with tow hitch receiver.Helps complete the connection between the vehicle's tow hitch receiver and trailerProvides power to your trailer's brake lights, turn signals, and taillightsFeatures a converter assembly, fusing, cables, and connectors all specifically designed to work with the existing electrical system.",null,null,null,null,null,null,null,https://s3.amazonaws.com/rp-part-images/assets/a114258ec6855c534b76bb2dfc69507d.webp,null,null,null,null,null,null,null,null,null,null,null,null,null,null,null,null,null,null,null,null,null,5,20,10,1000,0.8,null,Arnés de remolque Corolla Cross,"El mazo de cables está diseñado para utilizarse con el receptor de enganche de remolque. Completa la conexión entre el remolque y las luces de freno, intermitentes y traseras del vehículo.",null,null,null,"Arnés de remolque, defensa",towing-wire-harness-bumper-toyota-pt725-16230-pt72516230
PT73142130,"Cover, Cargo - Toyota (PT731-42130)",77.88,Toyota,Luggage Compartment Cover,"Hide your cargo area from view for added protection and peace of mind. The cargo cover features UV- resistant Material that helps protect items from sun damage and fading, and removes easily to make room for larger items.? \
\
          \
          Fits Rav4 Color: Black Type: Retractable \
          \
          It is simple to install and easy to remove to accommodate larger items. Resistant to the sun&rsquo;s ultraviolet rays, it offers valuable protection against sun damage and fading. Designed for a precise fit, the cargo cover attaches to the rear seats, providing added security for items stored in your cargo area.",null,null,null,null,null,null,null,https://s3.amazonaws.com/rp-part-images/assets/caa3feb4d4c91b30b088de57870d2a7e.webp,null,null,null,null,null,null,null,null,null,null,null,null,null,null,null,null,null,null,null,null,null,2,120,80,19200,5,null,Cubierta de compartimento de equipaje,"La cubierta de carga oculta el área trasera del vehículo, ofreciendo mayor protección y privacidad. Fabricada con material resistente a los rayos UV, protege los objetos del daño solar y se instala fácilmente.",null,null,null,Cubierta de carga,cover-cargo-toyota-pt731-42130-pt73142130
PT73834220,Tun Rkrl D Cab Right - Toyota (PT738-34220),211.45,Toyota,null,null,null,null,null,null,null,null,null,null,null,null,null,null,null,null,null,null,null,null,null,null,null,null,null,null,null,null,null,null,null,10,180,10,18000,7.5,null,null,"El protector trasero ayuda a mantener la superficie superior del parachoques libre de desgaste y rayones, mejorando la apariencia del vehículo.",null,null,null,Rock rail Tundra doble cabina derecho,tun-rkrl-d-cab-right-toyota-pt738-34220-pt73834220
PT74708211,"Rear Bumper, Applique - Toyota (PT747-08211)",38.04,Toyota,Bumper Cover Trim Panel,"Made of high-grade, nearly invisible urethane film, the rear bumper appliqué helps protect the top surface from unsightly scrapes and scratches.Urethane film contains a UV protectant to help resist yellowing from the sunCustom-tailored to fit select Sienna models.",null,null,null,null,null,null,null,https://s3.amazonaws.com/rp-part-images/assets/6ea3f57c769590e47528defe8ddc4c9a.webp,null,null,null,null,null,null,null,null,null,null,null,null,null,null,null,null,null,null,null,null,null,2,120,5,1200,0.5,null,Panel de moldura de cubierta de defensa,La película protectora de uretano ayuda a prevenir rayones en la parte superior del parachoques trasero. Contiene un protector UV para resistir el amarillamiento causado por el sol.,null,null,null,Aplique para defensa trasera,rear-bumper-applique-toyota-pt747-08211-pt74708211
PT7473520102,"Door Sill Appliqu?, Tacoma Logo - Toyota (PT747-35201-02)",33.59,Toyota,Door Sill Strip,"Durable door sill protectors help protect the vehicle?s Interior from everyday scuffs, scrapes and scratches.\
 Designed for a precision fit to the vehicle\
 Skid-resistant surface\
 Vehicle name molded into the sill\
 Quick, simple installation\
\
          \
          Fits Tacoma  CAB SIZE: D-cab Color: Black Logo: Tacoma  Logo Type: Debossed Material: PVC Film Number of Pieces: 4 Position: Driver Side and Passenger Side Type: Wrap Around \
          \
          • Durable door sill protectors help protect the vehicle’s interior from everyday scuffs, scrapes and scratches. • Designed for a precision fit to the vehicle •Skid-resistant surface • Vehicle name molded into the sill• Quick, simple installation.",null,null,null,PT747-35161,null,null,null,https://s3.amazonaws.com/rp-part-images/assets/9aa8a9dc66b09f6d7e5b03e30e205f99.webp,https://s3.amazonaws.com/rp-part-images/assets/36db374bca2d9cccf859d31359f072d6.webp,null,null,null,null,null,null,null,null,null,null,null,null,null,null,null,null,null,null,null,null,5,70,2,700,0.3,null,Tira de umbral de puerta,"Los protectores de umbral de puerta duraderos ayudan a proteger el interior del vehículo contra rayones y desgaste diario. Diseñados con precisión, tienen una superficie antideslizante y un logotipo moldeado del vehículo.",null,null,null,"Aplique de umbral de puerta, logotipo Tacoma",door-sill-appliqu-tacoma-logo-toyota-pt747-35201-02-pt7473520102
PT7474221102,"Exterior Graphics, Lower Body, Black - Toyota (PT747-42211-02)",106.29,Toyota,Rav Bdy Grph Side Bl,Black Lower Body Side Graphics provide a sporty look to your RAV4.Body side graphic helps define the RAV4 styling lines.,null,null,null,null,null,null,null,https://s3.amazonaws.com/rp-part-images/assets/2e4a7a2180c840910a2048829c83f628.webp,null,null,null,null,null,null,null,null,null,null,null,null,null,null,null,null,null,null,null,null,null,2,150,20,6000,0.6,null,Gráfico lateral RAV4 en negro,Los gráficos laterales inferiores en negro proporcionan un aspecto deportivo a tu RAV4. Ayudan a definir las líneas de estilo del RAV4.,null,null,null,"Gráficos exteriores, parte inferior, color negro",exterior-graphics-lower-body-black-toyota-pt747-42211-02-pt7474221102
PT74747160,"Bumper Applique, Rear - Toyota (PT747-47160)",33.43,Toyota,Bumper Protection Pad,Helps protect top surface of bumper from scrapes and scratchesUV-resistant urethane film helps prevent damage from the sunCustom-tailored for an exact fit to the rear bumper .,null,null,null,null,null,null,null,https://s3.amazonaws.com/rp-part-images/assets/77fe054a0d1220606b6e55b821591858.webp,https://s3.amazonaws.com/rp-part-images/assets/8965f989b13ab577fdf2cea3de40c22c.gif,https://s3.amazonaws.com/rp-part-images/assets/fb54d97dccf61fb640e9da06c9fac6fa.webp,null,null,null,null,null,null,null,null,null,null,null,null,null,null,null,null,null,null,null,2,120,5,1200,0.5,null,Protección de defensa,Protege la superficie superior del parachoques de rayones y arañazos. La película de uretano resistente a los rayos UV ayuda a prevenir daños por el sol y está diseñada para un ajuste exacto al parachoques trasero.,null,null,null,Aplique de defensa trasera,bumper-applique-rear-toyota-pt747-47160-pt74747160
PT74748200,"Exterior Trim, Rear Bumper Appliqu? - Toyota (PT747-48200)",38.04,Toyota,Bumper Sill Protector,"Made of high-grade, nearly invisible urethane film, the rear bumper appliqué helps protect the top surface from unsightly scrapes and scratches.Urethane film contains UV protectant to help resist yellowing from the sunCustom-tailored to fit the Highlander's rear bumper with textured logo for added style.",null,null,null,null,null,null,null,https://s3.amazonaws.com/rp-part-images/assets/4f56449e2c0a9929b2251c45e8d51d9d.webp,null,null,null,null,null,null,null,null,null,null,null,null,null,null,null,null,null,null,null,null,null,2,120,5,1200,0.5,null,Protector de borde de defensa,"La película aplicada al parachoques trasero, fabricada con uretano de alta calidad y casi invisible, protege la superficie superior de rayones y daños. Incluye un logotipo texturizado para un toque adicional de estilo.",null,null,null,"Moldura exterior, aplique para defensa trasera",exterior-trim-rear-bumper-appliqu-toyota-pt747-48200-pt74748200
PT76734220,"Assist Steps, Running Boards - Toyota (PT767-34220)",1047.20,Toyota,Tun Rbrd Cast Alum D,Step up and step in. These sturdy running boards give you easier access to the vehicle.• Durable aluminum construction with slip-resistant coating• Sleek design enhances the contours of the vehicle.,null,null,null,null,null,null,null,https://s3.amazonaws.com/rp-part-images/assets/6eee045e3812f68f340b8c97a7d10aae.webp,null,null,null,null,null,null,null,null,null,null,null,null,null,null,null,null,null,null,null,null,null,10,180,15,27000,8.5,null,Estribos Tundra de aluminio fundido,Las estriberas laterales robustas facilitan el acceso al vehículo. Su construcción de aluminio duradero con recubrimiento antideslizante mejora la seguridad y el estilo del vehículo.,null,null,null,Estribos de asistencia,assist-steps-running-boards-toyota-pt767-34220-pt76734220
PT76735112,"Assist Steps, Oval Tube Steps - Toyota (PT767-35112)",464.80,Toyota,Running Board,"Whether or not your truck is lifted, you might need a step up. Tube steps ease entry into the cab while complementing Tacoma ?s good looks.\
 5-in. oval tube steps provide dual-molded and Skid-resistant, heavy-duty step pads on both sides of the vehicle to help channel water off the step\
 Durable, lightweight aluminum construction is chip- and rust- resistant; choice of chrome-plated or Black powder coat Finish\
 Meets all Toyota-required load, cyclic and durability testing\
\
          \
          Fits Tacoma  BED Type: Short CAB SIZE: Double CAB Color: Black \
          \
          The tube steps feature a lightweight, yet high-strength construction and add a valuable measure of convenience to the Tacoma. Constructed of durable, chip- and rust-resistant aluminum with a black powder coat finish, the five-inch oval tube steps provide dual molded skid-resistant step pads on both sides of the Tacoma—providing a stylish lower surface for easy entry and exit of the vehicle.",null,null,null,null,null,null,null,https://s3.amazonaws.com/rp-part-images/assets/ca00933d10422078c8e4f84586074c34.webp,https://s3.amazonaws.com/rp-part-images/assets/8cc4c195cc35a4ee1a89e1272d1eba5d.webp,https://s3.amazonaws.com/rp-part-images/assets/6c893c82aa7b3fa3ee929e1df35df582.webp,https://s3.amazonaws.com/rp-part-images/assets/e8327f8e4c1e2d1313f594ff8ced59fa.webp,null,null,null,null,null,null,null,null,null,null,null,null,null,null,null,null,null,null,10,180,15,27000,8.5,null,Estribo,"Los escalones tubulares ovalados de 5 pulgadas ofrecen almohadillas antideslizantes moldeadas en ambos lados para facilitar el acceso al vehículo. Construcción ligera y resistente a la corrosión, disponible con acabado en cromo o negro con recubrimiento en polvo.",null,null,null,"Pasos laterales de ayuda, tubo ovalado",assist-steps-oval-tube-steps-toyota-pt767-35112-pt76735112
PT76735200,Tacoma Cargo Divider - Toyota (PT767-35200),274.40,Toyota,Cargo Divider,"Transport your tools and toys more safely and securely with the customized cargo divider.\
 Slides along the Tacoma ?s Deck rail system to create the space to fit your needs\
 Rotates for various configuRations including lying flat above cargo\
 Made of lightweight, corrosion-resistant, Black-powder-coated aluminum\
\
          \
          Fits Tacoma  Cargo and load capacity limited by weight and distribution. Not compatible with the factory Tonneau Cover.\
          \
          Helps protect both truck bed and cargo. Tested to withstand loads up to 400 lb. Helps keep truck bed organized and cargo safe. Designed to fit the vehicles deck rail system. Rotates for various configurations including lying flat above cargo. Made of lightweight- corrosion-resistant- black powder-coated aluminum. Slides along deck rails- enabling multi-position use including standard cargo divider positioning. The aluminum cargo divider connects to the bed rail tracks allowing you to section the bed into various sizes. Provides owner with the ability to customize truck bed for multiple needs- while preventing inadvertent sliding or shifting of cargo.",null,null,null,"PT767-35051, PT767-35162",null,null,null,https://s3.amazonaws.com/rp-part-images/assets/ab2c4ed3ec9858c393c33c758053fb22.webp,https://s3.amazonaws.com/rp-part-images/assets/776d8b88130e7c035f662621e09b7202.webp,https://s3.amazonaws.com/rp-part-images/assets/a761c27e8bed75991f950b0c24bbd688.webp,null,null,null,null,null,null,null,null,null,null,null,null,null,null,null,null,null,null,null,15,120,15,27000,7,null,Divisor de carga,"El divisor de carga personalizable deslizable organiza y protege el área de carga de la camioneta. Fabricado en aluminio recubierto en polvo, resiste la corrosión y permite múltiples configuraciones.",null,null,null,Divisor de carga Tacoma,tacoma-cargo-divider-toyota-pt767-35200-pt76735200
8111004300,Headlight Right - Toyota (81110-04300),719.92,Toyota,"Headlamp Assembly, Headlamp Assembly Right-hand","Fits Tacoma  
          
          2020, led, with sequential turn.",null,Right,null,null,null,null,null,https://cdn-illustrations.revolutionparts.io/strapr1/f4fe97bae81e0ea62e60c4472b411c68/0a3ebd284089955176a77567afb1467c.png,https://cdn-illustrations.revolutionparts.io/strapr1/f4fe97bae81e0ea62e60c4472b411c68/e10c771cb25904a9e0f9f53132a79bcf.png,null,null,null,null,null,null,null,null,null,null,null,null,null,null,null,null,null,null,null,null,65,35,30,68250,3.5,null,Faro completo derecho,Faros LED Tacoma 2020 con direccionales secuenciales.,null,"Electrical, Lighting and Body",null,Faro derecho,8111004300
PT22835170AA,Fog Lamp. Fog Lights. - Toyota (PT228-35170-AA),183.46,Toyota,null,null,null,null,null,null,null,null,null,null,null,null,null,null,null,null,null,null,null,null,null,null,null,null,null,null,null,null,null,null,null,28,22,16,9856,1.1,null,null,null,null,"Electrical, Lighting and Body",null,Faro antiniebla,pt22835170aa
PT22835170AB,Fog Lamp. Fog Lights. - Toyota (PT228-35170-AB),183.46,Toyota,null,null,null,null,null,null,null,null,null,null,null,null,null,null,null,null,null,null,null,null,null,null,null,null,null,null,null,null,null,null,null,28,22,16,9856,1.1,null,null,null,null,"Electrical, Lighting and Body",null,Faro antiniebla,pt22835170ab
PT9483518102,"Tailgate Insert, Black - Toyota (PT948-35181-02)",43.63,Toyota,Emblem,"Tailgate inserts emphasize the Tacoma  stamp in the Tailgate and are an easy way to customize the look of your truck. Individual letters strongly adhere into the stamped Tailgate Logo. 
 Attached with strong adhesive backing 
 Two Colors available, bright chrome or flat Black 
          
          Fits Tacoma  Color: Black Position: Tailgate  
          
           Individual letters fit in the stamped tailgate “Tacoma” logo• Easily attaches with strong adhesive  • Two colors available: bright chrome and flat black.Materials:• Bright Chrome = chrome ABS plastic covered with polyurethane resin• Flat Black = black ABS plastic covered with flat black vinyl, polyurethane resin, and a matte finish.Size:• Letter Width: ranges from 2.91” to 3.12”• Letter Height: 2.19”• Letter Thickness: 0.12”.",null,null,null,null,null,null,null,https://cdn-product-images.revolutionparts.io/assets/0eea77365d34652d7b0353db17e7e4a3.webp,null,null,null,null,null,null,null,null,null,null,null,null,null,null,null,null,null,null,null,null,null,4,80,2,640,0.5,null,Emblema,Letras TACOMA negras para portón.,null,Body,null,Inserto negro de portón,pt9483518102
PT97334220LH,"Bed Storage Box, Left Side - Toyota (PT973-34220-LH)",224.00,Toyota,"Bed Storage Box - Left Side, Tun Ssbx Black Left","The most innovative and versatile Tundra storage box ever made. Built to last from lightweight, high impact material-tough and weather resistant. Easy installation-installs in minutes. Removable for complete access to Tundra bed. Added security with lockable lid and ability to lock Swingcase Box to side attachment bracket. Quick release latch allows case to swing-out nearly 180 degrees for easy access. Holds 30 lbs. Convenient sliding tool tray. Tucks away between the wheel well and back of bed.",null,Left,null,null,null,null,null,https://cdn-product-images.revolutionparts.io/assets/a5596629340065056b0f0a8c40ddf138.webp,null,null,null,null,null,null,null,null,null,null,null,null,null,null,null,null,null,null,null,null,null,90,30,35,94500,6.5,null,Caja de almacenamiento lateral izquierda Tacoma negra,Caja SwingCase izquierda Tundra abatible.,null,Body,null,Compartimento de carga lado izquierdo,pt97334220lh
PTR2035110F5,TRD Bronze Wheel - Toyota (PTR20-35110-F5),229.60,Toyota,"Wheels, Rim, Rims",PARTS,null,null,null,null,null,null,null,https://cdn-product-images.revolutionparts.io/assets/cbb7d1ee796395f274ea6f3b41074998.webp,null,null,null,null,null,null,null,null,null,null,null,null,null,null,null,null,null,null,null,null,null,45,45,25,50625,12,null,Rin,Pieza de servicio.,null,Tire and Wheel,null,Rin TRD bronce,ptr2035110f5
PT27650190,"Wheel, Alloy Locks - Toyota (PT276-50190)",null,Toyota,Wheel Lock Set,"Lexus Alloy Wheel Locks help protect your wheels against theft ""only your key can interface with your wheel locks. Weight-matched to the stock lug nut"" no rebalancing is needed.",null,null,null,null,null,null,null,https://s3.amazonaws.com/rp-part-images/assets/a3efb4d4695d838ab248957bb7f31d03.webp,https://s3.amazonaws.com/rp-part-images/assets/09420d83bbe9147eb2af8d32a0c4f794.webp,null,null,null,null,null,null,null,null,null,null,null,null,null,null,null,null,null,null,null,null,6,6,6,216,1.04,null,Juego de seguros para ruedas,"Las tuercas de seguridad Lexus ayudan a proteger tus rines contra robo. Solo tu llave puede funcionar con ellas. Peso igual a la tuerca original, no requiere rebalanceo.",25174418,"Wheels, Tires & Parts",null,null,pt27650190
PT4204723050,"Key Gloves, Black - Toyota (PT420-47230-50)",null,Toyota,"Key Gloves - Black, Prs Prsp Kyglv Black B","Stylish Key Gloves are designed to protect your key and help keep the Smart Access key clean and protect it from scratches. Constructed of durable, long lasting material Key Gloves feature Toyota logo on the back Designed to precisely fit the Smart Access key fob Includes set of two key gloves.",null,null,null,null,null,null,null,https://s3.amazonaws.com/rp-part-images/assets/e632a2a40b6743aca1f894b01b997248.webp,null,null,null,null,null,null,null,null,null,null,null,null,null,null,null,null,null,null,null,null,null,2,10,5,100,0.15,null,Guantes para llaves - negros,Los guantes para llaves protegen tu Smart Key del uso diario. Material duradero y resistente. Con logotipo Toyota. Ajuste perfecto para la llave. Incluye juego de dos piezas.,25174418,Electronic Parts,null,null,pt4204723050
PT4208925102,4RUN Kg Black 3BUTTO - Toyota (PT420-89251-02),null,Toyota,null,null,null,null,null,null,null,null,null,null,null,null,null,null,null,null,null,null,null,null,null,null,null,null,null,null,null,null,null,null,null,6,33,21,4158,1.76,null,null,null,25174418,Electronic Parts,null,null,pt4208925102
PT59342001LH,Rocker Panel - Toyota (PT593-42001-LH),null,Toyota,Rocker Panel,Service Replacement part.,null,Left,null,pt59342000lh,null,null,null,https://s3.amazonaws.com/rp-part-images/assets/fcddd02956eaa1e58b2c64cc230184db.webp,null,null,null,null,null,null,null,null,null,null,null,null,null,null,null,null,null,null,null,null,null,2,70,10,1400,0.49,null,Panel lateral izquierdo,Repuesto de servicio.,25174418,Additional Parts,null,null,pt59342001lh
PT41389250,Illuminated Front Emblem - Dark Chrome - Toyota (PT413-89250),null,Toyota,4RUN Eemb Drkchrm Il,"Add a touch of style to your 4Runner with the Illuminated Front Emblem. Whether navigating city streets or tackling rugged trails, this emblem will make a bold Toyota statement wherever your adventures take you. Tested against harsh UV exposure to resist fading, ensuring long-lasting brilliance. Provides a polished finish to elevate your vehicles front grille. Easy installation makes upgrading your badge simple.",null,null,null,null,null,null,null,https://s3.amazonaws.com/rp-part-images/assets/c932cc4c38d0495cb38389bcb412b2dd.webp,null,null,null,null,null,null,null,null,null,null,null,null,null,null,null,null,null,null,null,null,null,2,10,5,100,0.15,null,Emblema frontal iluminado 4Runner en cromo oscuro,Agrega un toque de estilo a tu 4Runner con el emblema frontal iluminado. Resalta en ciudad o en terreno. Probado contra rayos UV. Brillo duradero. Acabado pulido. Instalación sencilla.,25174418,Lighting,null,null,pt41389250
PT59342001RH,Rocker Panel - Toyota (PT593-42001-RH),null,Toyota,Rocker Panel,This is a Rocker Panel for the RAV4 for the right side. Service Replacement part.. Rocker Panel developed for RAV4 Running Boards to facilitate dealer installation.,null,Right,null,pt59342000rh,null,null,null,https://s3.amazonaws.com/rp-part-images/assets/24df2fee81d4ad35a2a7be814c356115.webp,null,null,null,null,null,null,null,null,null,null,null,null,null,null,null,null,null,null,null,null,null,2,70,10,1400,0.8,null,Panel lateral derecho,Panel lateral derecho para RAV4. Repuesto de servicio. Diseñado para facilitar instalación con estribos.,25174418,Additional Parts,null,null,pt59342001rh
PT7318925012,Cargo Cover - Toyota (PT731-89250-12),null,Toyota,4RUN Cargo Cover,"Keep your precious cargo away from prying eyes with this cargo cover, custom designed specifically for the 4Runners cargo area. Attaches to cargo area side panels. Helps protect against sun damage, fading and theft. Made of durable, UV- and stain-resistant woven polyester. Simple to install and remove.",null,null,null,null,null,null,null,https://s3.amazonaws.com/rp-part-images/assets/cb9c119028a937081637e46f82aef085.webp,null,null,null,null,null,null,null,null,null,null,null,null,null,null,null,null,null,null,null,null,null,6,100,30,18000,1.24,null,Cubierta de �rea de carga 4Runner,Mantén tu carga protegida con esta cubierta de carga diseñada para el área del 4Runner. Se sujeta a los paneles laterales. Protege del sol y robos. Tejido de poliéster resistente a manchas y rayos UV. Fácil de instalar y retirar.,25174418,Additional Parts,null,null,pt7318925012
PTR6035240,Front Skid Plate - Large - Toyota (PTR60-35240),null,Toyota,Taco Frskp,"Beef up the aggressive stance of your Tacoma while protecting its underbody from off-road hazards with the TRD skid plate. Helps prevent damage to underbody from rocks, branches, ice chunks and other types of road debris. Easy no-drill installation uses vehicles existing attachment mounts. Rigorously tested to maximize protection and prevent vibration, stress and noise. Wont interfere with or block cooling system. Provides unobstructed access to all maintenance points and vehicle tow hooks. Made from stamped and formed 1/4-in.- thick aluminum. Red TRD lettering helps provide a sporty look.",null,null,null,null,null,null,null,https://s3.amazonaws.com/rp-part-images/assets/a08c12e3bc8123a7f3a27d095b6d3525.webp,null,null,null,null,null,null,null,null,null,null,null,null,null,null,null,null,null,null,null,null,null,5,75,54,20250,1.92,null,Placa de protecci�n frontal Tacoma,"Refuerza el estilo agresivo de tu Tacoma con la placa protectora TRD. Protege el bajo chasis de piedras, ramas y escombros. Instalación sin perforaciones. Probada para resistir vibraciones. No bloquea puntos de servicio ni sistema de enfriamiento. Fabricada en aluminio de 1/4ª. Letras TRD rojas para estilo deportivo.",25174418,Suspension & Steering,null,null,ptr6035240
PT9083520002,TRD All-Weather D-Cab Floor Liners - Toyota (PT908-35200-02),null,Toyota,Floor Liner,"Helps protect vehicle�s factory carpet against mud, sand, stains and soilsMade from a durable and flexible weather-resistant material that�s easy to cleanNibbed backing and quarter-turn fasteners on front floor liners help keep mats in positionBlack liners feature ribbed channels and an embossed vehicle logo Lightweight.",null,"Front, Rear",null,null,null,null,null,https://s3.amazonaws.com/rp-part-images/assets/34a3d3474c7852d950d7ff8ab2fbcc28.webp,https://s3.amazonaws.com/rp-part-images/assets/dd25c86fb22157dccdd1c5323c495291.gif,null,null,null,null,null,null,null,null,null,null,null,null,null,null,null,null,null,null,null,null,3,102,76,23256,1.45,null,Tapete de piso,"Ayuda a proteger la alfombra original contra lodo, arena y manchas. Material resistente, flexible y fácil de limpiar. Reverso con gomas y sujetadores giratorios en los tapetes frontales. Logotipo moldeado en relieve.",25174418,Additional Parts,null,null,pt9083520002
PT90852120,Cargo Tray - Toyota (PT908-52120),null,Toyota,Trunk Mat,Made of a tough- flexible- lightweight material- the cargo tray is uniquely designed to fit your Prius C- allowing you to carry all types of cargo without worrying about soiling the inside of the vehicle. The cargo tray features a molded Prius C logo- skid resistant surface- and perimeter lip to help contain spills.,null,null,null,null,null,null,null,https://s3.amazonaws.com/rp-part-images/assets/48dbffa125a01773802bda20f8b10781.webp,https://s3.amazonaws.com/rp-part-images/assets/fdac2f6c7e5a137185d9cad2b854bc08.webp,https://s3.amazonaws.com/rp-part-images/assets/910dc1cb7c3bd19c9ec5e70fd6b6932b.webp,null,null,null,null,null,null,null,null,null,null,null,null,null,null,null,null,null,null,null,3,106,71,22578,1.12,null,Tapete de cajuela,"Charola de carga ligera, resistente y flexible. Diseñada para el Prius C. Logotipo moldeado, superficie antideslizante y borde elevado para contener derrames.",25174418,Additional Parts,null,null,pt90852120
PT79100844,"Tow Hitch Ball, 2\"" - Toyota (PT791-00844)",null,Toyota,Trailer Hitch Ball,"Crafted of cold-forged steel for Superior strength, the trailer Ball is designed to work with your Tundra?s tow hitch Ball mount.
 Available in 2 5/16-in. or 2-in. Ball Diameters
 Helps complete the connection between the vehicle?s tow hitch Receiver and trailer
 Includes built-in wrench flats for ease of installation and torquing
 Ball mount sold separately
          
          Fits 4Runner, FJ Cruiser, Highlander, RAV4, Sequoia, Tacoma , TundraBall Diameter: 2"" LOAD RATING (Ball): 6000 lbs SHANK Diameter: 1"" SHANK LENGTH: 2 1/8"" The Trailer Ball is designed to be used with Tow Hitch Receiver which is currently not available on Highlander Limited & Platinum grades.Before towing, confirm your vehicle and trailer are compatible, hooked up and loaded properly and that you have any necessary additional equipment. Do not exceed any Weight Ratings and follow all instructions in your Owner?s Manual. The maximum you can tow depends on base curb weight plus the total weight of any cargo, ocCupants, and added vehicle equipment. ?Added vehicle equipment? includes additional standard/optional equipment and Accessories added by the manufacturer, dealers, and/or vehicle owners. The only way to be certain of your vehicle?s exact curb weight is to weigh your vehicle without passengers or cargo. [Calculated with the new SAE J2807 method.] Installation of a tow hitch Receiver or other Accessories located near the rear Bumper may require disabling or removing the kick sensor, and the sensor opeRation Setting in your vehicle should be turned off. See Owner?s Manual for limitations.For Highlander?Limited & Platinum grades: Installation of a tow hitch Receiver or other Accessories located near the rear Bumper may require disabling or removing the kick sensor, and the sensor opeRation Setting in your vehicle should be turned off. Water, weather, dirt, and other conditions also may cause the sensor to not operate properly or to operate unintentionally. See Owner?s Manual for limitations.
          
          Trailer Ball = 2,000 lbs. 2"" ball dia., 1"" shank dia., 2 1/8"" shank length. Toyota Trailer Balls can handle all Toyota vehicle tow loads as specified in each vehicle owner's manual. They are made of cold forged steel and include built in wrench flats to ease installation and torqueing. In addition there are new graphics for bolder, brighter displays to dress up your TPC.. This product requires: PT228-35161.",null,null,null,"21400912, 21400916, 21400956",null,null,null,https://s3.amazonaws.com/rp-part-images/assets/077a6cdd08efed6a7e090710dc5becde.webp,https://s3.amazonaws.com/rp-part-images/assets/0bf7857be6b658f296017c595f28f4b1.webp,https://s3.amazonaws.com/rp-part-images/assets/013245d62fbfeb127896eb7aeb3c0ffc.webp,https://s3.amazonaws.com/rp-part-images/assets/cfdce7d24b8033303d9491bca6af46f9.webp,https://s3.amazonaws.com/rp-part-images/assets/a51b5f5b4a22b76a87c0aed2892b5c53.webp,null,null,null,null,null,null,null,null,null,null,null,null,null,null,null,null,null,6,6,6,216,0.58,null,Bola para enganche de remolque,Bola para remolque fabricada en acero forjado en frío para mayor resistencia. Diámetro de bola: 2º. Diseñada para remolques con enganche Toyota. Incluye caras planas para llave. Montura se vende por separado.,25174418,Suspension & Steering,null,null,pt79100844
PT9084820020,"Floor Liners, All-Weather - Toyota (PT908-48200-20)",null,Toyota,Floor Liner,"Precise injection molding uses Toyotas original vehicle design data for a perfect fit. Engineered to precisely fit your vehicle, all-weather floor liners are made from durable, flexible, weather-resistant material that cleans easilyPrecise injection molding uses Toyota's original vehicle design data for a perfect fitIncludes one piece 2nd row liner and one piece 3 row liner for more complete coverageLiners feature ribbed channels to better hold moisture and a stylish vehicle logoSkid-resistant backing and driver-side quarter-turn fasteners help keep the liners in place.",null,"Front, Rear",null,null,null,null,null,https://s3.amazonaws.com/rp-part-images/assets/8fd459c9819c2fd55cee042fa6f9ac7a.webp,null,null,null,null,null,null,null,null,null,null,null,null,null,null,null,null,null,null,null,null,null,3,106,65,20670,2.15,null,Tapete de piso,"Moldeo por inyección usando datos originales de Toyota. Ajuste preciso. Material resistente, flexible y fácil de limpiar. Incluye tapete trasero de una sola pieza y tercera fila. Canales acanalados, logotipo estilizado. Reverso antideslizante y sujetadores giratorios.",25174418,Additional Parts,null,null,pt9084820020
27600900,Wheel Lock Set - Toyota (00276-00900),46.99,Toyota,"Wheel Locks, Alloy, Clear Chrome Finish",Helps provide dependable protection against wheel and tire theft. Design corresponds with stock lug nuts to guarantee proper fit. Weight matched to the stock lug nut weight- making rebalancing unnecessary. Triple nickel chrome plating helps ensure superior corrosion protection and enduring shine. Constructed of hardened steel with triple-nickel chrome plating- Scion wheel locks help provide inexpensive- dependable protection against wheel and tire theft--along with peace-of-mind in knowing wheels and tires are secure. Wheel locks can save vehicle owners the time and expense of replacing their wheels and tires- while also helping protect against additional vehicle damage that can occur during theft. Not to mention protection from being stranded away from home or having to pay out-of-pocket insurance deductibles. Wheel locks are available in kits of four.,null,null,null,PT276-52041,null,null,null,https://s3.amazonaws.com/rp-part-images/assets/9f0b5457efd731e6457d9a4f51782b39.webp,https://s3.amazonaws.com/rp-part-images/assets/8f1b358077850e5ee711a238be35a9fb.webp,https://s3.amazonaws.com/rp-part-images/assets/b9766a3c258eb2823d35b6ce90b442d8.webp,https://s3.amazonaws.com/rp-part-images/assets/bbd7febf2b5b17b94e3c94237c02fcd4.webp,https://s3.amazonaws.com/rp-part-images/assets/e0464d0c60c20d565e3bad652dbc33b4.webp,https://s3.amazonaws.com/rp-part-images/assets/a39d667b31eabbc4b194e0ff75d172c3.webp,https://s3.amazonaws.com/rp-part-images/assets/059150c2ec5281bfbaa2704f3a0792e3.webp,https://s3.amazonaws.com/rp-part-images/assets/3ae409e8f914492d560b163f1897ef96.webp,https://dz310nzuyimx0.cloudfront.net/strapr1/48b0392ccd4ccfc2949492edc569c7f6/01ecac507a0defd2f7b243f1b5d24e5b.png,https://dz310nzuyimx0.cloudfront.net/strapr1/48b0392ccd4ccfc2949492edc569c7f6/7e2962e39f0eb57379a9c6808e634024.png,https://dz310nzuyimx0.cloudfront.net/strapr1/48b0392ccd4ccfc2949492edc569c7f6/3d3b9022ed158135bc29942510f71298.png,null,null,null,null,null,null,null,null,null,null,null,5,10,10,500,0.5,null,"Tuercas de seguridad para ruedas, aleación, acabado cromo transparente","Proporciona protección confiable contra el robo de ruedas y neumáticos. El diseño corresponde a las tuercas originales para garantizar un ajuste adecuado y no requiere rebalanceo. Fabricado en acero endurecido con triple cromado para resistencia a la corrosión y brillo duradero. Disponible en kits de cuatro.. Bloqueo de ruedas Scion; protección económica y confiable contra robo de ruedas y neumáticos. ",null,null,null,Juego de tuercas de seguridad para ruedas,27600900
8115004300,Headlight Left - Toyota (81150-04300),719.92,Toyota,"Headlamp Assembly, Headlamp Assembly Left-hand","Fits Tacoma  
          
          2020, led, with sequential turn.",null,Left,null,null,null,null,null,https://cdn-illustrations.revolutionparts.io/strapr1/f4fe97bae81e0ea62e60c4472b411c68/0a3ebd284089955176a77567afb1467c.png,null,null,null,null,null,null,null,null,null,null,null,null,null,null,null,null,null,null,null,null,null,65,35,30,68250,3.5,null,Faro completo izquierdo,Faros LED Tacoma 2020 con direccionales secuenciales.,null,"Electrical, Lighting and Body",null,Faro izquierdo,8115004300
9094201131,Wheel Nut - Toyota (90942-01131),15.73,Toyota,Nut Hub W Washer,null,null,null,null,null,null,null,null,https://cdn-illustrations.revolutionparts.io/strapr1/39df1d916d11d3eb91210c4ec30acc4b/6dec4c2ed5a4d7ce56da5dba1ef4ce24.png,null,null,null,null,null,null,null,null,null,null,null,null,null,null,null,null,null,null,null,null,null,4,8,8,256,0.1,null,Tuerca de cubo con arandela,null,null,Tire and Wheel,null,Tuerca de rueda,9094201131
426030E070,Center Cap - Toyota (42603-0E070),19.23,Toyota,"Wheel Cap, Ornament Sub Assembly W",20 wheel.,null,null,null,4260342170,null,null,null,https://cdn-illustrations.revolutionparts.io/strapr1/846a1164ec60543686780ec9c442efb5/3ac2e113598c51e5ba108fbb729245b2.png,null,null,null,null,null,null,null,null,null,null,null,null,null,null,null,null,null,null,null,null,null,10,10,5,500,0.15,null,Tapón central de rueda,"Rin de 20"".",null,Tire and Wheel,null,Tapón central de rueda,426030e070
426030C121,Center Cap - Toyota (42603-0C121),29.64,Toyota,"Wheel Cap, Ornament Sub Assembly W","Type b. 20, type 2. 18"". type 2.",null,null,null,426030c120,null,null,null,https://cdn-illustrations.revolutionparts.io/strapr1/5ff2a0dba747ea9090bf17cefcffea20/8494df957258ab375dd7de95f40181fa.png,null,null,null,null,null,null,null,null,null,null,null,null,null,null,null,null,null,null,null,null,null,10,10,5,500,0.15,null,Tapón central de rueda,Rin 18″ tipo 2,null,Tire and Wheel,null,Tapón central de rueda,426030c121
PC210BZ006,Floor Mat Avnza Tmex - Toyota (PC210-BZ006),93.65,Toyota,Floor Mat,null,null,null,null,null,null,null,null,https://cdn-static.revolutionparts.io/assets/parts/floor_mat.jpg,null,null,null,null,null,null,null,null,null,null,null,null,null,null,null,null,null,null,null,null,null,80,60,6,28800,3,null,Tapete de piso,null,null,Accessories,null,Tapetes de piso Avanza,pc210bz006
PK5D042R00,Rav Wirehar Kit - Toyota (PK5D0-42R00),195.79,Toyota,null,"Towing Wire Harness helps complete the connection between the vehicle's tow hitch receiver and trailer.Genuine Toyota Wire Harness provides a 4-pin connector located on the trailer hitch to provide power to the trailer's brake lights, turn signals and taillights.Featuring a converter assembly, fusing, cables, and connector all specifically designed to work with the existing electrical system.. Genuine Toyota Wire Harness provides a 4-pin connector located on the trailer hitch to provide power to the trailers brake lights, turn signals and taillights.",null,null,null,"pk5d042k10wh, pk5d042k11wh",null,null,null,https://cdn-product-images.revolutionparts.io/assets/a64570428a9ca78034f3b397c0887cfb.webp,null,null,null,null,null,null,null,null,null,null,null,null,null,null,null,null,null,null,null,null,null,30,20,8,4800,0.6,null,null,Arnés de arrastre 4 pines,null,"Electrical, Charging and Starting",null,Arnés de cableado RAV4,pk5d042r00
PK96008S08,Towhit - Toyota (PK960-08S08),565.60,Toyota,null,It is engineered to help accommodate your Sienna's maximum tow rating.The optimized placement provides precise drop/rise to maintain vehicle departure angleIncludes Towing Wire Harness. It is engineered to help accommodate your Siennas maximum tow rating.,null,null,null,pk96008b08,null,null,null,https://cdn-product-images.revolutionparts.io/assets/84bd42644685bbc5586132484604c9bd.webp,null,null,null,null,null,null,null,null,null,null,null,null,null,null,null,null,null,null,null,null,null,20,120,25,60000,16,null,null,Enganche Clase III Sienna con cableado.,null,Body,null,Kit de enganche,pk96008s08
PK96042R10,Tow Hitch Receiver - Class Iii - Toyota (PK960-42R10),448.00,Toyota,Rav Tow Hitch,It is engineered to help accommodate your vehicles maximum tow rating. Optimized placement provides precise drop/rise to maintain vehicle departure angle The Trailer Ball Mount is included with the Tow Hitch ReceiverRequires Towing Wire Harness (sold separately).,null,null,null,pk96042k10,null,null,null,https://cdn-product-images.revolutionparts.io/assets/1d16c2d058317a4c4c471458eaff52b5.webp,null,null,null,null,null,null,null,null,null,null,null,null,null,null,null,null,null,null,null,null,null,20,120,25,60000,16,null,Enganche de remolque RAV4,Soporte de bola para remolque (con receptor).,null,Body,null,Receptor de enganche clase III,pk96042r10
PT2060817041,Sienna Floor Mats Bisque 7P - Toyota (PT206-08170-41),177.83,Toyota,Floor Mat Set,Precisely engineered to fit your vehicles floor. Skid- resistant backing and drivers-side quarter-turn fasteners help secure mat in position. Second and third row carpet floor mats accommodates Siennas seating configurations. Helps protect the original carpet from wear and stains. Designed to fit the vehicles floor pattern. Made of durable- fade resistant carpeting. Skid-resistant backing and quarter-turn fasteners (on the drivers side) help keep mats in position. Removable and easy to clean. Features a stylish vehicle logo. Long-wearing carpet floor mats help keep your carpet neat and cleanPrecisely engineered to fit your vehicle's floorSkid- resistant backing and driver's-side quarter-turn fasteners help secure mat in positionSienna logo adds a customized touchSecond and third row carpet floor mats accommodates Sienna's seating configurations.,null,null,null,pt2060813041,null,null,null,https://cdn-product-images.revolutionparts.io/assets/6d84d63377745e80a5b4d17166a849df.webp,null,null,null,null,null,null,null,null,null,null,null,null,null,null,null,null,null,null,null,null,null,110,100,8,88000,4.2,null,Juego de tapetes,Tapetes Sienna 2ª-3ª fila (logo).,null,Accessories,null,Tapetes Sienna bisque 7 pasaj.,pt2060817041
PT27606999,"Wheel Locks Pouch, Vinyl - Toyota (PT276-06999)",0.80,Toyota,Wheel Lock,Vinyl pouch to hold wheel lock key tool & spare lug nuts. Made of vinyl material. Holds wheel lock key tools and spare lug nuts. 30 zip lock vinyl pouches per master carton.,null,null,null,null,null,null,null,https://cdn-product-images.revolutionparts.io/assets/7744ef54cb360bf2a82ab8ff7541ee1e.webp,null,null,null,null,null,null,null,null,null,null,null,null,null,null,null,null,null,null,null,null,null,2,15,10,300,0.25,null,Pernos de seguridad,Bolsa vinílica para llave de seguros,null,Tire and Wheel,null,Estuche vinílico para birlos de seguridad,pt27606999
PT2063524420,All Weather Floor Liners - D Cab - Trd Pro - Toyota (PT206-35244-20),139.85,Toyota,Taco Pro Awfl A T D,"Engineered to precisely fit your vehicle, all-weather floor liners are made from durable, flexible, weather-resistant material. Precise injection molding uses Toyotas original vehicle design data for a perfect fit. Liners feature ribbed channels to better hold moisture with a stylish vehicle logo. Skid-resistant backing and driver-side quarter-turn fasteners help keep the liners in place.",null,null,null,null,null,null,null,https://cdn-product-images.revolutionparts.io/assets/c786ee72a35b325a65d9ac2d95ab8b33.webp,null,null,null,null,null,null,null,null,null,null,null,null,null,null,null,null,null,null,null,null,null,95,70,8,53200,4.5,null,Alfombrillas todo clima TRD Pro Tacoma,Alfombrillas todo clima con canales y logo.,null,Accessories,null,Alfombrillas todo clima D-Cab TRD Pro,pt2063524420
PT2065212110,"Floor Mats, Carpet, Set Of Four, Dark Gray - Toyota (PT206-52121-10)",117.47,Toyota,Floor Mat,"Long-wearing, fade-resistant carpet Floor mats help keep your Interior looking new. Precisely Engineered to fit your vehicle's Floor Skid- resistant backing and Driver-side quarter-turn fasteners help secure mat in position. The Prius c Logo adds a customized touch
          
          Fits Prius cColor: Dark Gray Number of Pieces: 4 This Floor mat was designed specifically for use in your model and model year vehicle and SHOULD NOT be used in any other vehicle. To avoid potential interference with Pedal opeRation, each mat must be secured with its fasteners. Do not install a Floor mat on top of an existing Floor mat.
          
          The floor mats are also removable and easy to clean. They protect your vehicle's carpet from premature wear and stains. A quarter-turn fastener (on the driver's side) and nibbed backing on all mats help keep them in position. Custom-tailored for an exact fit, the carpet floor mats are constructed of durable nylon carpet and include an embroidered patch Prius C logo.",null,null,null,null,null,null,null,https://cdn-product-images.revolutionparts.io/assets/3abfef35b09b82b0d0351dcabdce7765.webp,null,null,null,null,null,null,null,null,null,null,null,null,null,null,null,null,null,null,null,null,null,90,60,6,32400,3,null,Tapete de piso,Tapetes de alfombra Prius c grises.,null,Accessories,null,Tapetes de alfombra gris oscuro (juego 4),pt2065212110
PT22835170BA,Fog Lamp Bezel. Fog Lights. - Toyota (PT228-35170-BA),46.21,Toyota,null,null,null,null,null,null,null,null,null,null,null,null,null,null,null,null,null,null,null,null,null,null,null,null,null,null,null,null,null,null,null,25,20,12,6000,0.8,null,null,null,null,"Electrical, Lighting and Body",null,Bisel de faro antiniebla,pt22835170ba
PT22835170BB,Fog Lamp Bezel. Fog Lights. - Toyota (PT228-35170-BB),46.21,Toyota,null,null,null,null,null,null,null,null,null,null,null,null,null,null,null,null,null,null,null,null,null,null,null,null,null,null,null,null,null,null,null,25,20,12,6000,0.8,null,null,null,null,"Electrical, Lighting and Body",null,Bisel de faro antiniebla,pt22835170bb
PT7670C660,Roof Cross Bars - Toyota (PT767-0C660),257.60,Toyota,Seq Cross Bar,The roof cross bars are designed to integrate with the Sequoias roof rails to secure cargo with more confidence. Provides additional secure tie-down points for various roof rack accessories. Can support a maximum of 132 lbs. when weight is evenly distributed across both bars. Set of two black bars.,null,null,null,null,null,null,null,https://cdn-product-images.revolutionparts.io/assets/9a6bfe102db54ba1752528d3e52dfab2.webp,null,null,null,null,null,null,null,null,null,null,null,null,null,null,null,null,null,null,null,null,null,15,140,12,25200,5,null,Barra transversal Sequoia,Barras transversales de techo,null,Accessories,null,Barras transversales de techo,pt7670c660
PT22835240,Front Skid Plate - Steel Embossed Trailhunter - Toyota (PT228-35240),302.40,Toyota,Front Skid Plate,"Beef up the aggressive stance of your Tacoma while protecting its underbody from off-road hazards with this skid plate. Helps prevent damage to underbody from rocks, branches, ice chunks and other types of road debris. Easy no-drill installation uses vehicles existing attachment mounts. Rigorously tested to maximize protection and prevent vibration, stress and noise. Wont interfere with or block cooling system. Provides unobstructed access to all maintenance points and vehicle tow hooks.",null,null,null,null,null,null,null,https://cdn-product-images.revolutionparts.io/assets/219e3f410ced8a0116047cb280b9a0a1.webp,null,null,null,null,null,null,null,null,null,null,null,null,null,null,null,null,null,null,null,null,null,125,60,15,112500,10,null,Placa protectora delantera,"Placa protectora delantera Tacoma; aluminio, instalación sin perforar.",null,Body,null,Placa protectora delantera de acero estampado Trailhunter,pt22835240
PT22848200,"Tow Hitch Receiver, Class Iii - Toyota (PT228-48200)",437.92,Toyota,Trailer Hitch,"Class III Tow Hitch Receiver, 2in. , With Wire Harness, without Hitch Cover. It is engineered to help accommodate your Highlanders maximum tow rating. Optimized placement provides precise drop/rise to maintain vehicle departure angle. Designed, engineered and built to meet Toyotas exacting quality standards. Tow hitch receiver has step pad for easy access to roof and includes Towing wire harness.",null,null,null,null,null,null,null,https://cdn-product-images.revolutionparts.io/assets/f8a163f4577c86d9d8d03b41f495ab1e.webp,https://cdn-product-images.revolutionparts.io/assets/50fd864661d1b4504105b3e7ee2db488.webp,null,null,null,null,null,null,null,null,null,null,null,null,null,null,null,null,null,null,null,null,20,120,25,60000,16,null,Enganche de remolque,"Receptor de enganche Clase III Highlander con arnés 2"".",null,Body,null,Receptor de enganche clase III,pt22848200
PT2284820701,"Towing, Hitch Bumper Cover - Toyota (PT228-48207-01)",100.69,Toyota,Trailer Hitch Ball Cover,This is a Tow Hitch Bumper Cover accessory part.,null,null,null,null,null,null,null,https://cdn-product-images.revolutionparts.io/assets/512c570508c44cc4a474874acba92185.webp,null,null,null,null,null,null,null,null,null,null,null,null,null,null,null,null,null,null,null,null,null,8,40,10,3200,0.9,null,Cubierta para bola de remolque,Tapa de defensa para enganche,null,Body,null,Cubierta de defensa para enganche,pt2284820701
PT27852120,"Bumper Protector, Rear (Standard Fascia) - Toyota (PT278-52120)",43.02,Toyota,Bumper Protection Pad,"Keep the top surface of your rear bumper free of scrapes and scratches and preserve your Yaris' like-new appearance with this durable, black PVC rear bumper protector. The rear bumper protector’s raised tread pattern provides a custom look, while the skid-resistant surface provides protection. With its durable black PVC construction and UV-resistant top coat- the rear bumper protector helps keep the top surface of the Yaris sedans rear bumper free of scrapes and scratches. A raised tread pattern provides a skid resistant surface- while pressure-sensitive adhesive ensures simple installation.",null,Rear,null,null,null,null,null,https://cdn-product-images.revolutionparts.io/assets/dfba7200e23ef921c983c94d04f67d77.webp,null,null,null,null,null,null,null,null,null,null,null,null,null,null,null,null,null,null,null,null,null,110,15,6,9900,1.3,null,Almohadilla protectora de defensa,Protector plástico para defensa trasera Yaris.,null,Body,null,Protector de defensa trasera (fascia estándar),pt27852120
PT28002230,Cor Wheel Cover 16 Sp - Toyota (PT280-02230),89.50,Toyota,null,null,null,null,null,null,null,null,null,null,null,null,null,null,null,null,null,null,null,null,null,null,null,null,null,null,null,null,null,null,null,45,45,8,16200,1.5,null,null,null,null,Tire and Wheel,null,Tapa de rueda Corolla 16 radios,pt28002230
PT2804220002,RAV4 Center Cap - Toyota (PT280-42200-02),6.23,Toyota,null,null,null,null,null,null,null,null,null,null,null,null,null,null,null,null,null,null,null,null,null,null,null,null,null,null,null,null,null,null,null,12,12,8,1152,0.3,null,null,null,null,Tire and Wheel,null,Tapón central RAV4,pt2804220002
PT29A0221010,Apex Rear Spoiler - Super White - Toyota (PT29A-02210-10),263.20,Toyota,"Spoiler, Rear, Apex, Cor Rrsplrt 040 Supe","Color-matched to exterior paint for SE and XSE models. For the Apex models in their gray, white or black exterior color, the spoiler is black. Add even more sporty style with this aerodynamic rear spoiler.",null,Rear,null,null,null,null,null,https://cdn-product-images.revolutionparts.io/assets/8eb32cfb48701d3578c9eac3979dea1d.webp,null,null,null,null,null,null,null,null,null,null,null,null,null,null,null,null,null,null,null,null,null,140,30,20,84000,3.2,null,Alerón trasero Apex Corolla blanco 040,Alerón trasero deportivo pintado Camry/Apex.,null,Body,null,Alerón trasero Apex blanco Super,pt29a0221010
PT34734070,Cargo Net - Toyota (PT347-34070),43.63,Toyota,Cargo Net,"This outdoor-grade cargo net is perfect for keeping smaller, lightweight items from sliding around or getting damaged.
 Easy installation attaches to hooks and tabs in cargo area
 Rotates for various configuRations including lying flat above cargo
 Elastic-mesh netting is durable and stain-resistant
 Install to truck beds with or without a Deck Rail System
          
          Fits Tundra Location: Truck Bed Cargo and load capacity limited by weight and distribution. Always properly secure all items and cargo area.
          
          Envelope-style elastic cargo net attaches in the bed area. Eliminates sliding and tipping of items stored in the cargo area.",null,null,null,null,null,null,null,https://cdn-product-images.revolutionparts.io/assets/fa59e2b333b943c637562e10ae98f034.webp,https://cdn-product-images.revolutionparts.io/assets/5c8573f400c91b8a583f9654aab8f7e3.webp,null,null,null,null,null,null,null,null,null,null,null,null,null,null,null,null,null,null,null,null,30,25,4,3000,0.35,null,Red de carga,Red de carga para batea,null,Accessories,null,Red de carga,pt34734070
PT39234231,Bed Step - Toyota (PT392-34231),257.60,Toyota,Tun Bed Step,"Get a leg up when loading or unloading the cargo in your trucks bed with a BedStep. Get a leg up when loading or unloading the cargo in your truck's bed with a BedStep®. It bolts on with no drilling required, and tucks neatly under the rear bumper when not in use. Works with tailgate up or downHands-free operation. adjusts easilyLightweight, high-strength aluminum die-cast construction features a reinforced nylon step pad with ribbed, nonskid stepping surface300-lb. load capacityWeather-resistant black anodized and Teflon powder-coat finish for long-term durabilityLeaves hitch receiver free for towing .",null,null,null,pts3034000,null,null,null,https://cdn-product-images.revolutionparts.io/assets/3610e0875535886a41e476840208d7a6.webp,null,null,null,null,null,null,null,null,null,null,null,null,null,null,null,null,null,null,null,null,null,40,25,15,15000,3.8,null,Escalón de caja Tundra,Escalón retráctil de caja (BedStep) Tacoma/Tundra.,null,Body,null,Escalón de caja,pt39234231
PT7474221002,Front Headlight Graphic - Black - Toyota (PT747-42210-02),107.40,Toyota,"Graphic, Front Headlight, Rav Bdy Grph Frnt Bl",Black Front Headlight Surround Graphic provides a sporty look to the RAV4.Front Headlight Surround Graphic helps define the RAV4 styling lines.,null,Front,null,null,null,null,null,https://cdn-product-images.revolutionparts.io/assets/de7d353483257542a44e1ad139764b23.webp,null,null,null,null,null,null,null,null,null,null,null,null,null,null,null,null,null,null,null,null,null,40,10,10,4000,0.3,null,Gráfica negra para faro delantero RAV4,Gráfica negra alrededor de faros delanteros RAV4.,null,Body,null,Gráfica negra para faro delantero,pt7474221002
PT7584220002,TRD Alloy Wheel - Toyota (PT758-42200-02),195.79,Toyota,"Wheels, Rim, Rims",PARTS,null,null,null,null,null,null,null,https://cdn-static.revolutionparts.io/assets/parts/wheel.jpg,null,null,null,null,null,null,null,null,null,null,null,null,null,null,null,null,null,null,null,null,null,45,45,25,50625,12,null,Rin,Pieza de servicio.,null,Tire and Wheel,null,Rin de aleación TRD,pt7584220002
PT98600270,Trailer Ball - Toyota (PT986-00270),17.90,Toyota,null,null,null,null,null,"21400912, 21400916, 21400956, pt79100844",null,null,null,https://cdn-product-images.revolutionparts.io/assets/077a6cdd08efed6a7e090710dc5becde.webp,null,null,null,null,null,null,null,null,null,null,null,null,null,null,null,null,null,null,null,null,null,8,8,8,512,0.7,null,null,null,null,Body,null,Bola de remolque,pt98600270
PT9084816502,Highlander Tub All Weather Mats - Toyota (PT908-48165-02),83.51,Toyota,Floor Mat,"Engineered to precisely fit your vehicle, all-weather Floor liners are made from durable, flexible, weather-resistant Material that Cleans easily.
 Precise Injection molding uses Toyota's original vehicle design data for a perfect fit
 Includes one piece rear liner for more complete coverage
 Liners feature ribbed channels to better hold moisture and a stylish vehicle Logo
 Skid-resistant backing and Driver-side quarter-turn fasteners help keep the liners in place
          
          Fits HighlanderColor: Black Location: Front Logo: With Logo Number of Pieces: 3 Position: Front This Floor mat/liner was designed specifically for use in your model and model year vehicle and SHOULD NOT be used in any other vehicle. To avoid potential interference with Pedal opeRation, each mat/liner must be secured with its fasteners. Do not install a Floor mat/liner on top of an existing Floor mat/liner.
          
          Black, front and rear.",null,"Front, Rear",null,pt9084814020,null,null,null,https://cdn-product-images.revolutionparts.io/assets/780883f247b04369489c5d0792264ae1.webp,null,null,null,null,null,null,null,null,null,null,null,null,null,null,null,null,null,null,null,null,null,120,110,9,118800,5,null,Tapete de piso,Alfombrillas todo clima Highlander (delanteras y trasera).,null,Accessories,null,Tapetes tipo charola todo clima Highlander,pt9084816502
PT99889210F2,Wheel Center Cap - Trd Pro - Toyota (PT998-89210-F2),null,Toyota,Center Cap 4RUN Trd Bl,"TRD Pro Center Cap, Flat Black, 1pc.",null,null,null,pt28089210f2,null,null,null,https://cdn-product-images.revolutionparts.io/assets/1daac374be1601645adbb03a3e8b6249.webp,null,null,null,null,null,null,null,null,null,null,null,null,null,null,null,null,null,null,null,null,null,12,12,8,1152,0.3,null,Tapón central TRD negro 4Runner,Tapón central TRD Pro negro,null,Tire and Wheel,null,Tapón central TRD Pro,pt99889210f2
PT9480321002,"Lighting, Front Accent, Gloss Black - Toyota (PT948-03210-02)",263.20,Toyota,Cam Acc Lighting Glo,Front Accent Lamps feature customized accent lighting that surrounds the lower grille and accommodates to daytime and nighttime lighting intensities.,null,null,null,null,null,null,null,https://cdn-product-images.revolutionparts.io/assets/43e6c05ab2ae4d9c87ecbc1f93bf0481.webp,null,null,null,null,null,null,null,null,null,null,null,null,null,null,null,null,null,null,null,null,null,60,20,15,18000,1.8,null,Iluminación de acento Camry (Glow),Luces de acento frontales para parrilla inferior (intensidad diurna/nocturna).,null,"Electrical, Lighting and Body",null,Iluminación frontal de acento negro brillante,pt9480321002
PT9483518002,"Exterior Trim, Emblem Blackout Overlays - Toyota (PT948-35180-02)",117.47,Toyota,Emblem,"Molded from tough and durable ABS plastic, Blackout emblem overlays are Engineered to precisely fit over existing badges, making it easy to customize in minutes. 
 Designed to fit over existing chrome badging 
 Easy to install-simply remove tape line and apply over Clean badges 
          
          Fits Tacoma  Color: Black 
          
          Molded from tough and durable black ABS plastic, blackout badges are engineered to precisely fit over existing badges, making it easy to customize in minutesDesigned to fit over existing chrome vehicle badgingEasy to install-simply remove tape liner and apply over clean badgesTested against harsh UV exposure to resist fading.",null,null,null,null,null,null,null,https://cdn-product-images.revolutionparts.io/assets/8c2ce6c96fe3f02220f06ddc87d3a58e.webp,null,null,null,null,null,null,null,null,null,null,null,null,null,null,null,null,null,null,null,null,null,40,15,5,3000,0.4,null,Emblema,Cubiertas negras para emblemas (overlay).,null,Body,null,Cubiertas negras para emblemas,pt9483518002
PT97334220RH,"Bed Storage Box, Right Side - Toyota (PT973-34220-RH)",224.00,Toyota,"Bed Storage Box - Right Side, Tun Ssbx Black Right","The most innovative and versatile Tundra storage box ever made. Built to last from lightweight, high impact material-tough and weather resistant. Easy installation-installs in minutes. Removable for complete access to Tundra bed. Added security with lockable lid and ability to lock Swingcase Box to side attachment bracket. Quick release latch allows case to swing-out nearly 180 degrees for easy access. Holds 30 lbs. Convenient sliding tool tray. Tucks away between the wheel well and back of bed.",null,Right,null,null,null,null,null,https://cdn-product-images.revolutionparts.io/assets/8f653c0af363d38e1d75c7d8d65fad4f.webp,null,null,null,null,null,null,null,null,null,null,null,null,null,null,null,null,null,null,null,null,null,90,30,35,94500,6.5,null,Caja de almacenamiento lateral derecha Tacoma negra,Caja SwingCase derecha Tundra abatible.,null,Body,null,Compartimento de carga lado derecho,pt97334220rh
PTR2035110BK,Wheel Cast Aluminum Matte Black 6 Spoke 17x7 Inch - Toyota (PTR20-35110-BK),229.60,Toyota,"Wheels, Rim, Rims",This product is currently unavailable.,null,null,null,null,null,null,null,https://cdn-product-images.revolutionparts.io/assets/52f612e603c576abfe9d22072284dedf.webp,https://cdn-product-images.revolutionparts.io/assets/887109315a826507182db817fb2e1043.webp,https://cdn-product-images.revolutionparts.io/assets/843fcf36540fbb78914956e1f708ac61.webp,null,null,null,null,null,null,null,null,null,null,null,null,null,null,null,null,null,null,null,45,45,25,50625,12,null,Rin,Producto no disponible,null,Tire and Wheel,null,Rin aluminio fundido negro mate 17×7 6 brazos,ptr2035110bk
PTR6034220,Trd Front Skid Plate - Toyota (PTR60-34220),392.00,Toyota,Tun Seq Fskp Pow Coa,"Beef up the aggressive stance of your Tundra while protecting its underbody from off-road hazards with the TRD skid plate. Prevents damage to underbody from rocks, branches, ice chunks and other types of road debris. Easy no-drill installation uses vehicles existing attachment mounts. Rigorously tested to maximize protection and prevent vibration, stress and noise. Wont interfere with or block cooling system.",null,null,null,null,null,null,null,https://cdn-product-images.revolutionparts.io/assets/20cd73341e45abeaf3d2d23d450f9395.webp,null,null,null,null,null,null,null,null,null,null,null,null,null,null,null,null,null,null,null,null,null,8,140,60,67200,12,null,Placa protectora delantera Sequoia con recubrimiento,"Placa protectora TRD Tundra; aluminio, instalación sin perforar.",null,Body,null,Placa protectora delantera TRD,ptr6034220
PTR6035190,TRD Front Skid Plate - Toyota (PTR60-35190),364.00,Toyota,Skid Plate,Precisely engineeredHelps protect vehicle underbody from rocks and debrisConstructed of stamped and formed 1/4-in. thick silver powder-coated aluminumIntegrates seamlessly with the exterior styling.,null,Front,null,ptr6035160,null,null,null,https://cdn-product-images.revolutionparts.io/assets/ce88486841703487542d512ea9a54bbb.webp,https://cdn-product-images.revolutionparts.io/assets/6e70790806ad507fdbf5117f99ff689b.webp,null,null,null,null,null,null,null,null,null,null,null,null,null,null,null,null,null,null,null,null,8,140,60,67200,12,null,Placa protectora,Placa protectora inferior de aluminio.,null,Body,null,Placa protectora delantera TRD,ptr6035190
PT90C3524002,Taco Bedmat Short Be - Toyota (PT90C-35240-02),134.26,Toyota,null,"Truck Bed Mat minimizes damage to your truck bed and cargo with this heavyweight bed mat. It’s made from a high-strength, cord-enhanced rubber compound that can withstand abuse without fading, rusting, cracking or breaking. Pattern finish helps minimize shifting of cargo. Knobby underside promotes aeration and drainage that keeps the truck bed dry to help prevent rust and mildew.",null,null,null,PT318-35240-02,null,null,null,https://s3.amazonaws.com/rp-part-images/assets/e13a7601c40b21d894c91a310019b6ba.webp,null,null,null,null,null,null,null,null,null,null,null,null,null,null,null,null,null,null,null,null,null,2,150,100,30000,8,null,null,"La alfombrilla para cama de camión protege contra daños y minimiza el deslizamiento de la carga. Hecha de caucho resistente, incluye un diseño texturizado para mayor durabilidad.",null,null,null,Tapete de caja Tacoma cama corta,taco-bedmat-short-be-toyota-pt90c-35240-02-pt90c3524002
PT22816220,Tow Activity Mount - Toyota (PT228-16220),167.82,Toyota,Cor Crs Atmt Th Less,"Take along additional cargo with the Activity Mount Adds additional carrying capacity without complicated electrical wiring   Compatible with most hitch mounted accessories Easier install than traditional tow hitches which include wiring requirements for towing 1 1/4"" receiver tube  Maximum Capacity: 110 lbs.",null,null,null,null,null,null,null,https://s3.amazonaws.com/rp-part-images/assets/79d8151e2c31e1f0b08ac80819d67796.webp,null,null,null,null,null,null,null,null,null,null,null,null,null,null,null,null,null,null,null,null,null,10,30,10,3000,3.5,null,Corolla Cross montaje remolque (sin “Th”),Aumenta la capacidad de carga con el soporte de actividad. Añade capacidad de transporte sin necesidad de cableado eléctrico complicado. Compatible con la mayoría de los accesorios montados en enganche. Fácil instalación comparada con los enganches tradicionales.,null,null,null,Montaje de remolque para actividades (activity mount),tow-activity-mount-toyota-pt228-16220-pt22816220
PT22816222,Tow Bumper Cover For Activity Mount - Toyota (PT228-16222),50.35,Toyota,Cor Crs Bumpcvr 2PC,Rear Bumper Cover For Actifity Mount.,null,Rear,null,null,null,null,null,https://s3.amazonaws.com/rp-part-images/assets/36233ed9d7672b88f634471661bfd79e.webp,null,null,null,null,null,null,null,null,null,null,null,null,null,null,null,null,null,null,null,null,null,5,30,10,1500,1,null,Cubierta de defensa Corolla Cross (2 piezas),Cubierta trasera del parachoques para el soporte de actividad.,null,null,null,Cubierta de defensa para montaje de actividades,tow-bumper-cover-for-activity-mount-toyota-pt228-16222-pt22816222
PK45600J00,"Wheel Locks, Alloy, Black Chrome Finish - Toyota (PK456-00J00)",46.99,Toyota,Wheel Lock,"Precisely machined, weight-balanced black alloy wheel locks for the TRD model help secure your wheels and tires against theft.Triple nickel chrome plating helps ensure superior corrosion protection and lasting shineSpecial key tool and collar guide enable simple, five- minute installationResistant to lock-removal tools and secured by a single unique key.",null,null,null,null,null,null,null,https://s3.amazonaws.com/rp-part-images/assets/57a076fd750cca0316a18dc4c5904027.webp,null,null,null,null,null,null,null,null,null,null,null,null,null,null,null,null,null,null,null,null,null,5,10,10,500,0.5,null,Seguro de rueda,Bloqueo de ruedas de aleación negro TRD; asegura ruedas contra robo. Fabricado con triple cromado para resistencia y brillo duradero.. Incluye herramienta y llave única para instalación rápida.,null,null,null,"Tuercas de seguridad para ruedas, aleación, acabado cromo negro",wheel-locks-alloy-black-chrome-finish-toyota-pk456-00j00-pk45600j00
PT2763423000,"Wheel Locks, Chrome - Toyota (PT276-34230-00)",61.53,Toyota,Toy Whlk Chrome 4 Pc,"Precisely machined, weight- balanced alloy wheel locks help secure your wheels and tires against theft..",null,null,null,null,null,null,null,https://s3.amazonaws.com/rp-part-images/assets/27672e4a1b3e15547de95e873103e39c.webp,null,null,null,null,null,null,null,null,null,null,null,null,null,null,null,null,null,null,null,null,null,5,8,8,320,0.4,null,"Tuercas de seguridad Toyota, cromo (juego de 4)","Los bloqueos de ruedas de aleación, maquinados con precisión y equilibrados en peso, ayudan a proteger tus ruedas y neumáticos contra el robo.",null,null,null,"Tuercas de seguridad para ruedas, cromo",wheel-locks-chrome-toyota-pt276-34230-00-pt2763423000
PT2763520002,"Wheel Locks, Black Pvd - Toyota (PT276-35200-02)",46.99,Toyota,Wheel Lock,Premium black PVD overlay and nickel plating helps ensure superior corrosion protectionConstructed of precision-machined and hardened steelSpecial key tool and collar guide enable simple installationVehicle specific key patterns resist lock removal tools and allow only a single unique key to interface.,null,null,null,null,null,null,null,https://s3.amazonaws.com/rp-part-images/assets/e37e12f2a34296955718b8fe0efad327.webp,null,null,null,null,null,null,null,null,null,null,null,null,null,null,null,null,null,null,null,null,null,5,8,8,320,0.4,null,Tuerca de seguridad para rueda,El recubrimiento negro PVD premium y el niquelado ayudan a garantizar una protección superior contra la corrosión. Fabricado en acero endurecido y mecanizado con precisión. La llave específica del vehículo resiste herramientas de extracción de bloqueos.,null,null,null,"Tuercas de seguridad para ruedas, acabado PVD negro",wheel-locks-black-pvd-toyota-pt276-35200-02-pt2763520002